"curve","year","ind","values","area_km","area_km_e","archipelago"
0,0,"AP0000000",25953187.1626481,25.9531871626481,354.192556055571,"Cocos_Costa_Rica"
-1,-1000,"AP0000001",26165907.4907327,26.1659074907327,354.192556055571,"Cocos_Costa_Rica"
-2,-2000,"AP0000002",26378630.7834011,26.3786307834011,354.192556055571,"Cocos_Costa_Rica"
-3,-3000,"AP0000003",26378630.7834011,26.3786307834011,354.192556055571,"Cocos_Costa_Rica"
-3,-4000,"AP0000003",26378630.7834011,26.3786307834011,354.192556055571,"Cocos_Costa_Rica"
-3,-5000,"AP0000003",26378630.7834011,26.3786307834011,354.192556055571,"Cocos_Costa_Rica"
-4,-6000,"AP0000004",26591360.7465321,26.5913607465321,354.192556055571,"Cocos_Costa_Rica"
-4,-7000,"AP0000004",26591360.7465321,26.5913607465321,354.192556055571,"Cocos_Costa_Rica"
-11,-8000,"AP0000005",27229550.8427826,27.2295508427826,354.192556055571,"Cocos_Costa_Rica"
-24,-9000,"AP0000006",28080454.241851,28.080454241851,354.192556055571,"Cocos_Costa_Rica"
-38,-10000,"AP0000007",29782299.0035796,29.7822990035796,354.192556055571,"Cocos_Costa_Rica"
-52,-11000,"AP0000008",34462378.6679688,34.4623786679688,354.192556055571,"Cocos_Costa_Rica"
-65,-12000,"AP0000009",40631703.5973852,40.6317035973852,354.192556055571,"Cocos_Costa_Rica"
-76,-13000,"AP0000010",49141092.5000293,49.1410925000293,354.192556055571,"Cocos_Costa_Rica"
-85,-14000,"AP0000011",62330462.8163172,62.3304628163172,354.192556055571,"Cocos_Costa_Rica"
-93,-15000,"AP0000012",90622903.0880018,90.6229030880018,354.192556055571,"Cocos_Costa_Rica"
-102,-16000,"AP0000013",128062972.632935,128.062972632935,354.192556055571,"Cocos_Costa_Rica"
-109,-17000,"AP0000014",154228103.103316,154.228103103316,354.192556055571,"Cocos_Costa_Rica"
-116,-18000,"AP0000015",168055579.861938,168.055579861938,354.192556055571,"Cocos_Costa_Rica"
-121,-19000,"AP0000016",177203102.134377,177.203102134377,354.192556055571,"Cocos_Costa_Rica"
-123,-20000,"AP0000017",179968512.437584,179.968512437584,354.192556055571,"Cocos_Costa_Rica"
-122,-21000,"AP0000018",178479495.179619,178.479495179619,354.192556055571,"Cocos_Costa_Rica"
-118,-22000,"AP0000019",172523015.416474,172.523015416474,354.192556055571,"Cocos_Costa_Rica"
-112,-23000,"AP0000020",160397238.898812,160.397238898812,354.192556055571,"Cocos_Costa_Rica"
-105,-24000,"AP0000021",140613419.949543,140.613419949543,354.192556055571,"Cocos_Costa_Rica"
-98,-25000,"AP0000022",107003217.535825,107.003217535825,354.192556055571,"Cocos_Costa_Rica"
-93,-26000,"AP0000012",90622903.0880018,90.6229030880018,354.192556055571,"Cocos_Costa_Rica"
-90,-27000,"AP0000023",77859353.0494094,77.8593530494094,354.192556055571,"Cocos_Costa_Rica"
-87,-28000,"AP0000024",67648582.0149335,67.6485820149335,354.192556055571,"Cocos_Costa_Rica"
-84,-29000,"AP0000025",59352203.908349,59.352203908349,354.192556055571,"Cocos_Costa_Rica"
-81,-30000,"AP0000026",54459409.0224275,54.4594090224275,354.192556055571,"Cocos_Costa_Rica"
-79,-31000,"AP0000027",52332104.0836285,52.3321040836285,354.192556055571,"Cocos_Costa_Rica"
-76,-32000,"AP0000010",49141092.5000293,49.1410925000293,354.192556055571,"Cocos_Costa_Rica"
-75,-33000,"AP0000028",48290135.0213851,48.2901350213851,354.192556055571,"Cocos_Costa_Rica"
-73,-34000,"AP0000029",46588219.8048713,46.5882198048713,354.192556055571,"Cocos_Costa_Rica"
-72,-35000,"AP0000030",45524526.8618916,45.5245268618916,354.192556055571,"Cocos_Costa_Rica"
-72,-36000,"AP0000030",45524526.8618916,45.5245268618916,354.192556055571,"Cocos_Costa_Rica"
-72,-37000,"AP0000030",45524526.8618916,45.5245268618916,354.192556055571,"Cocos_Costa_Rica"
-72,-38000,"AP0000030",45524526.8618916,45.5245268618916,354.192556055571,"Cocos_Costa_Rica"
-74,-39000,"AP0000031",47439163.2141174,47.4391632141174,354.192556055571,"Cocos_Costa_Rica"
-76,-40000,"AP0000010",49141092.5000293,49.1410925000293,354.192556055571,"Cocos_Costa_Rica"
-78,-41000,"AP0000032",51055726.7515032,51.0557267515032,354.192556055571,"Cocos_Costa_Rica"
-80,-42000,"AP0000033",52970270.183221,52.970270183221,354.192556055571,"Cocos_Costa_Rica"
-82,-43000,"AP0000034",55310324.5798666,55.3103245798666,354.192556055571,"Cocos_Costa_Rica"
-84,-44000,"AP0000025",59352203.908349,59.352203908349,354.192556055571,"Cocos_Costa_Rica"
-85,-45000,"AP0000011",62330462.8163172,62.3304628163172,354.192556055571,"Cocos_Costa_Rica"
-86,-46000,"AP0000035",64670444.2052685,64.6704442052685,354.192556055571,"Cocos_Costa_Rica"
-86,-47000,"AP0000035",64670444.2052685,64.6704442052685,354.192556055571,"Cocos_Costa_Rica"
-86,-48000,"AP0000035",64670444.2052685,64.6704442052685,354.192556055571,"Cocos_Costa_Rica"
-86,-49000,"AP0000035",64670444.2052685,64.6704442052685,354.192556055571,"Cocos_Costa_Rica"
-86,-50000,"AP0000035",64670444.2052685,64.6704442052685,354.192556055571,"Cocos_Costa_Rica"
-86,-51000,"AP0000035",64670444.2052685,64.6704442052685,354.192556055571,"Cocos_Costa_Rica"
-85,-52000,"AP0000011",62330462.8163172,62.3304628163172,354.192556055571,"Cocos_Costa_Rica"
-85,-53000,"AP0000011",62330462.8163172,62.3304628163172,354.192556055571,"Cocos_Costa_Rica"
-85,-54000,"AP0000011",62330462.8163172,62.3304628163172,354.192556055571,"Cocos_Costa_Rica"
-84,-55000,"AP0000025",59352203.908349,59.352203908349,354.192556055571,"Cocos_Costa_Rica"
-83,-56000,"AP0000036",56161233.7977092,56.1612337977092,354.192556055571,"Cocos_Costa_Rica"
-82,-57000,"AP0000034",55310324.5798666,55.3103245798666,354.192556055571,"Cocos_Costa_Rica"
-80,-58000,"AP0000033",52970270.183221,52.970270183221,354.192556055571,"Cocos_Costa_Rica"
-79,-59000,"AP0000027",52332104.0836285,52.3321040836285,354.192556055571,"Cocos_Costa_Rica"
-78,-60000,"AP0000032",51055726.7515032,51.0557267515032,354.192556055571,"Cocos_Costa_Rica"
-77,-61000,"AP0000037",50417526.2637751,50.4175262637751,354.192556055571,"Cocos_Costa_Rica"
-77,-62000,"AP0000037",50417526.2637751,50.4175262637751,354.192556055571,"Cocos_Costa_Rica"
-77,-63000,"AP0000037",50417526.2637751,50.4175262637751,354.192556055571,"Cocos_Costa_Rica"
-78,-64000,"AP0000032",51055726.7515032,51.0557267515032,354.192556055571,"Cocos_Costa_Rica"
-79,-65000,"AP0000027",52332104.0836285,52.3321040836285,354.192556055571,"Cocos_Costa_Rica"
-81,-66000,"AP0000026",54459409.0224275,54.4594090224275,354.192556055571,"Cocos_Costa_Rica"
-82,-67000,"AP0000034",55310324.5798666,55.3103245798666,354.192556055571,"Cocos_Costa_Rica"
-82,-68000,"AP0000034",55310324.5798666,55.3103245798666,354.192556055571,"Cocos_Costa_Rica"
-81,-69000,"AP0000026",54459409.0224275,54.4594090224275,354.192556055571,"Cocos_Costa_Rica"
-80,-70000,"AP0000033",52970270.183221,52.970270183221,354.192556055571,"Cocos_Costa_Rica"
-81,-71000,"AP0000026",54459409.0224275,54.4594090224275,354.192556055571,"Cocos_Costa_Rica"
-83,-72000,"AP0000036",56161233.7977092,56.1612337977092,354.192556055571,"Cocos_Costa_Rica"
-72,-73000,"AP0000030",45524526.8618916,45.5245268618916,354.192556055571,"Cocos_Costa_Rica"
-48,-74000,"AP0000038",33824198.8017906,33.8241988017906,354.192556055571,"Cocos_Costa_Rica"
-29,-75000,"AP0000039",28505908.8675411,28.5059088675411,354.192556055571,"Cocos_Costa_Rica"
-20,-76000,"AP0000040",27867723.6441237,27.8677236441237,354.192556055571,"Cocos_Costa_Rica"
-17,-77000,"AP0000041",27442275.5982144,27.4422755982144,354.192556055571,"Cocos_Costa_Rica"
-15,-78000,"AP0000042",27442275.5982144,27.4422755982144,354.192556055571,"Cocos_Costa_Rica"
-14,-79000,"AP0000043",27229550.8427826,27.2295508427826,354.192556055571,"Cocos_Costa_Rica"
-13,-80000,"AP0000044",27229550.8427826,27.2295508427826,354.192556055571,"Cocos_Costa_Rica"
-12,-81000,"AP0000045",27229550.8427826,27.2295508427826,354.192556055571,"Cocos_Costa_Rica"
-12,-82000,"AP0000045",27229550.8427826,27.2295508427826,354.192556055571,"Cocos_Costa_Rica"
-13,-83000,"AP0000044",27229550.8427826,27.2295508427826,354.192556055571,"Cocos_Costa_Rica"
-15,-84000,"AP0000042",27442275.5982144,27.4422755982144,354.192556055571,"Cocos_Costa_Rica"
-19,-85000,"AP0000046",27867723.6441237,27.8677236441237,354.192556055571,"Cocos_Costa_Rica"
-26,-86000,"AP0000047",28080454.241851,28.080454241851,354.192556055571,"Cocos_Costa_Rica"
-34,-87000,"AP0000048",29144109.4033417,29.1441094033417,354.192556055571,"Cocos_Costa_Rica"
-43,-88000,"AP0000049",31271425.473272,31.271425473272,354.192556055571,"Cocos_Costa_Rica"
-49,-89000,"AP0000050",34036927.9411385,34.0369279411385,354.192556055571,"Cocos_Costa_Rica"
-52,-90000,"AP0000008",34462378.6679688,34.4623786679688,354.192556055571,"Cocos_Costa_Rica"
-54,-91000,"AP0000051",35313327.1742964,35.3133271742964,354.192556055571,"Cocos_Costa_Rica"
-55,-92000,"AP0000052",35526051.2165015,35.5260512165015,354.192556055571,"Cocos_Costa_Rica"
-55,-93000,"AP0000052",35526051.2165015,35.5260512165015,354.192556055571,"Cocos_Costa_Rica"
-56,-94000,"AP0000053",36802477.3800468,36.8024773800468,354.192556055571,"Cocos_Costa_Rica"
-54,-95000,"AP0000051",35313327.1742964,35.3133271742964,354.192556055571,"Cocos_Costa_Rica"
-46,-96000,"AP0000054",32547805.4847617,32.5478054847617,354.192556055571,"Cocos_Costa_Rica"
-35,-97000,"AP0000055",29144109.4033417,29.1441094033417,354.192556055571,"Cocos_Costa_Rica"
-24,-98000,"AP0000006",28080454.241851,28.080454241851,354.192556055571,"Cocos_Costa_Rica"
-16,-99000,"AP0000056",27442275.5982144,27.4422755982144,354.192556055571,"Cocos_Costa_Rica"
-12,-1e+05,"AP0000045",27229550.8427826,27.2295508427826,354.192556055571,"Cocos_Costa_Rica"
-10,-101000,"AP0000057",27229550.8427826,27.2295508427826,354.192556055571,"Cocos_Costa_Rica"
-10,-102000,"AP0000057",27229550.8427826,27.2295508427826,354.192556055571,"Cocos_Costa_Rica"
-9,-103000,"AP0000058",27229550.8427826,27.2295508427826,354.192556055571,"Cocos_Costa_Rica"
-8,-104000,"AP0000059",26804086.2889116,26.8040862889116,354.192556055571,"Cocos_Costa_Rica"
-10,-105000,"AP0000057",27229550.8427826,27.2295508427826,354.192556055571,"Cocos_Costa_Rica"
-16,-106000,"AP0000056",27442275.5982144,27.4422755982144,354.192556055571,"Cocos_Costa_Rica"
-26,-107000,"AP0000047",28080454.241851,28.080454241851,354.192556055571,"Cocos_Costa_Rica"
-31,-108000,"AP0000060",28505908.8675411,28.5059088675411,354.192556055571,"Cocos_Costa_Rica"
-33,-109000,"AP0000061",29144109.4033417,29.1441094033417,354.192556055571,"Cocos_Costa_Rica"
-33,-110000,"AP0000061",29144109.4033417,29.1441094033417,354.192556055571,"Cocos_Costa_Rica"
-32,-111000,"AP0000062",28505908.8675411,28.5059088675411,354.192556055571,"Cocos_Costa_Rica"
-32,-112000,"AP0000062",28505908.8675411,28.5059088675411,354.192556055571,"Cocos_Costa_Rica"
-27,-113000,"AP0000063",28293175.355242,28.293175355242,354.192556055571,"Cocos_Costa_Rica"
-16,-114000,"AP0000056",27442275.5982144,27.4422755982144,354.192556055571,"Cocos_Costa_Rica"
-6,-115000,"AP0000064",26591360.7465321,26.5913607465321,354.192556055571,"Cocos_Costa_Rica"
0,-116000,"AP0000000",25953187.1626481,25.9531871626481,354.192556055571,"Cocos_Costa_Rica"
3,-117000,"AP0000065",25527712.8982809,25.5277128982809,354.192556055571,"Cocos_Costa_Rica"
5,-118000,"AP0000066",25527712.8982809,25.5277128982809,354.192556055571,"Cocos_Costa_Rica"
7,-119000,"AP0000067",25314976.4757943,25.3149764757943,354.192556055571,"Cocos_Costa_Rica"
9,-120000,"AP0000068",25314976.4757943,25.3149764757943,354.192556055571,"Cocos_Costa_Rica"
10,-121000,"AP0000069",25314976.4757943,25.3149764757943,354.192556055571,"Cocos_Costa_Rica"
10,-122000,"AP0000069",25314976.4757943,25.3149764757943,354.192556055571,"Cocos_Costa_Rica"
10,-123000,"AP0000069",25314976.4757943,25.3149764757943,354.192556055571,"Cocos_Costa_Rica"
9,-124000,"AP0000068",25314976.4757943,25.3149764757943,354.192556055571,"Cocos_Costa_Rica"
9,-125000,"AP0000068",25314976.4757943,25.3149764757943,354.192556055571,"Cocos_Costa_Rica"
10,-126000,"AP0000069",25314976.4757943,25.3149764757943,354.192556055571,"Cocos_Costa_Rica"
12,-127000,"AP0000070",25102235.6588913,25.1022356588913,354.192556055571,"Cocos_Costa_Rica"
10,-128000,"AP0000069",25314976.4757943,25.3149764757943,354.192556055571,"Cocos_Costa_Rica"
-3,-129000,"AP0000003",26378630.7834011,26.3786307834011,354.192556055571,"Cocos_Costa_Rica"
-27,-130000,"AP0000063",28293175.355242,28.293175355242,354.192556055571,"Cocos_Costa_Rica"
-28,-131000,"AP0000071",28293175.355242,28.293175355242,354.192556055571,"Cocos_Costa_Rica"
-26,-132000,"AP0000047",28080454.241851,28.080454241851,354.192556055571,"Cocos_Costa_Rica"
-24,-133000,"AP0000006",28080454.241851,28.080454241851,354.192556055571,"Cocos_Costa_Rica"
-22,-134000,"AP0000072",27867723.6441237,27.8677236441237,354.192556055571,"Cocos_Costa_Rica"
-20,-135000,"AP0000040",27867723.6441237,27.8677236441237,354.192556055571,"Cocos_Costa_Rica"
-18,-136000,"AP0000073",27867723.6441237,27.8677236441237,354.192556055571,"Cocos_Costa_Rica"
-19,-137000,"AP0000046",27867723.6441237,27.8677236441237,354.192556055571,"Cocos_Costa_Rica"
-22,-138000,"AP0000072",27867723.6441237,27.8677236441237,354.192556055571,"Cocos_Costa_Rica"
-28,-139000,"AP0000071",28293175.355242,28.293175355242,354.192556055571,"Cocos_Costa_Rica"
-44,-140000,"AP0000074",32122353.0505568,32.1223530505568,354.192556055571,"Cocos_Costa_Rica"
0,0,"AP0000000",40672509.229321,40.672509229321,4651.86107353287,"Norfolk"
-1,-1000,"AP0000001",40859905.5741649,40.8599055741649,4651.86107353287,"Norfolk"
-2,-2000,"AP0000002",40859905.5741649,40.8599055741649,4651.86107353287,"Norfolk"
-3,-3000,"AP0000003",41422172.2068915,41.4221722068915,4651.86107353287,"Norfolk"
-3,-4000,"AP0000003",41422172.2068915,41.4221722068915,4651.86107353287,"Norfolk"
-3,-5000,"AP0000003",41422172.2068915,41.4221722068915,4651.86107353287,"Norfolk"
-4,-6000,"AP0000004",41796894.096097,41.796894096097,4651.86107353287,"Norfolk"
-4,-7000,"AP0000004",41796894.096097,41.796894096097,4651.86107353287,"Norfolk"
-11,-8000,"AP0000005",53591996.665102,53.591996665102,4651.86107353287,"Norfolk"
-24,-9000,"AP0000006",123037504.312038,123.037504312038,4651.86107353287,"Norfolk"
-38,-10000,"AP0000007",290671289.743255,290.671289743255,4651.86107353287,"Norfolk"
-52,-11000,"AP0000008",542304694.365536,542.304694365536,4651.86107353287,"Norfolk"
-65,-12000,"AP0000009",851643638.237171,851.643638237171,4651.86107353287,"Norfolk"
-76,-13000,"AP0000010",987424618.00619,987.42461800619,4651.86107353287,"Norfolk"
-85,-14000,"AP0000011",1120957346.18488,1120.95734618488,4651.86107353287,"Norfolk"
-93,-15000,"AP0000012",1250718969.92481,1250.71896992481,4651.86107353287,"Norfolk"
-102,-16000,"AP0000013",1446071364.49997,1446.07136449997,4651.86107353287,"Norfolk"
-109,-17000,"AP0000014",1516023511.24558,1516.02351124558,4651.86107353287,"Norfolk"
-116,-18000,"AP0000015",1581698606.44066,1581.69860644066,4651.86107353287,"Norfolk"
-121,-19000,"AP0000016",1617060106.75929,1617.06010675929,4651.86107353287,"Norfolk"
-123,-20000,"AP0000017",1632217525.50223,1632.21752550223,4651.86107353287,"Norfolk"
-122,-21000,"AP0000018",1625481258.85681,1625.48125885681,4651.86107353287,"Norfolk"
-118,-22000,"AP0000019",1597416854.62038,1597.41685462038,4651.86107353287,"Norfolk"
-112,-23000,"AP0000020",1539969310.41112,1539.96931041112,4651.86107353287,"Norfolk"
-105,-24000,"AP0000021",1477865550.14742,1477.86555014742,4651.86107353287,"Norfolk"
-98,-25000,"AP0000022",1367742712.43662,1367.74271243662,4651.86107353287,"Norfolk"
-93,-26000,"AP0000012",1250718969.92481,1250.71896992481,4651.86107353287,"Norfolk"
-90,-27000,"AP0000023",1198369546.64565,1198.36954664565,4651.86107353287,"Norfolk"
-87,-28000,"AP0000024",1150502558.3497,1150.5025583497,4651.86107353287,"Norfolk"
-84,-29000,"AP0000025",1105999553.97044,1105.99955397044,4651.86107353287,"Norfolk"
-81,-30000,"AP0000026",1056997689.08713,1056.99768908713,4651.86107353287,"Norfolk"
-79,-31000,"AP0000027",1030063335.17396,1030.06333517396,4651.86107353287,"Norfolk"
-76,-32000,"AP0000010",987424618.00619,987.42461800619,4651.86107353287,"Norfolk"
-75,-33000,"AP0000028",972085604.718138,972.085604718137,4651.86107353287,"Norfolk"
-73,-34000,"AP0000029",945526873.012507,945.526873012507,4651.86107353287,"Norfolk"
-72,-35000,"AP0000030",934497822.154142,934.497822154142,4651.86107353287,"Norfolk"
-72,-36000,"AP0000030",934497822.154142,934.497822154142,4651.86107353287,"Norfolk"
-72,-37000,"AP0000030",934497822.154142,934.497822154142,4651.86107353287,"Norfolk"
-72,-38000,"AP0000030",934497822.154142,934.497822154142,4651.86107353287,"Norfolk"
-74,-39000,"AP0000031",957683183.131309,957.683183131309,4651.86107353287,"Norfolk"
-76,-40000,"AP0000010",987424618.00619,987.42461800619,4651.86107353287,"Norfolk"
-78,-41000,"AP0000032",1016221304.66823,1016.22130466823,4651.86107353287,"Norfolk"
-80,-42000,"AP0000033",1042034094.47922,1042.03409447922,4651.86107353287,"Norfolk"
-82,-43000,"AP0000034",1071027503.54039,1071.02750354039,4651.86107353287,"Norfolk"
-84,-44000,"AP0000025",1105999553.97044,1105.99955397044,4651.86107353287,"Norfolk"
-85,-45000,"AP0000011",1120957346.18488,1120.95734618488,4651.86107353287,"Norfolk"
-86,-46000,"AP0000035",1135729980.83884,1135.72998083884,4651.86107353287,"Norfolk"
-86,-47000,"AP0000035",1135729980.83884,1135.72998083884,4651.86107353287,"Norfolk"
-86,-48000,"AP0000035",1135729980.83884,1135.72998083884,4651.86107353287,"Norfolk"
-86,-49000,"AP0000035",1135729980.83884,1135.72998083884,4651.86107353287,"Norfolk"
-86,-50000,"AP0000035",1135729980.83884,1135.72998083884,4651.86107353287,"Norfolk"
-86,-51000,"AP0000035",1135729980.83884,1135.72998083884,4651.86107353287,"Norfolk"
-85,-52000,"AP0000011",1120957346.18488,1120.95734618488,4651.86107353287,"Norfolk"
-85,-53000,"AP0000011",1120957346.18488,1120.95734618488,4651.86107353287,"Norfolk"
-85,-54000,"AP0000011",1120957346.18488,1120.95734618488,4651.86107353287,"Norfolk"
-84,-55000,"AP0000025",1105999553.97044,1105.99955397044,4651.86107353287,"Norfolk"
-83,-56000,"AP0000036",1086358820.09982,1086.35882009982,4651.86107353287,"Norfolk"
-82,-57000,"AP0000034",1071027503.54039,1071.02750354039,4651.86107353287,"Norfolk"
-80,-58000,"AP0000033",1042034094.47922,1042.03409447922,4651.86107353287,"Norfolk"
-79,-59000,"AP0000027",1030063335.17396,1030.06333517396,4651.86107353287,"Norfolk"
-78,-60000,"AP0000032",1016221304.66823,1016.22130466823,4651.86107353287,"Norfolk"
-77,-61000,"AP0000037",1000892633.52494,1000.89263352494,4651.86107353287,"Norfolk"
-77,-62000,"AP0000037",1000892633.52494,1000.89263352494,4651.86107353287,"Norfolk"
-77,-63000,"AP0000037",1000892633.52494,1000.89263352494,4651.86107353287,"Norfolk"
-78,-64000,"AP0000032",1016221304.66823,1016.22130466823,4651.86107353287,"Norfolk"
-79,-65000,"AP0000027",1030063335.17396,1030.06333517396,4651.86107353287,"Norfolk"
-81,-66000,"AP0000026",1056997689.08713,1056.99768908713,4651.86107353287,"Norfolk"
-82,-67000,"AP0000034",1071027503.54039,1071.02750354039,4651.86107353287,"Norfolk"
-82,-68000,"AP0000034",1071027503.54039,1071.02750354039,4651.86107353287,"Norfolk"
-81,-69000,"AP0000026",1056997689.08713,1056.99768908713,4651.86107353287,"Norfolk"
-80,-70000,"AP0000033",1042034094.47922,1042.03409447922,4651.86107353287,"Norfolk"
-81,-71000,"AP0000026",1056997689.08713,1056.99768908713,4651.86107353287,"Norfolk"
-83,-72000,"AP0000036",1086358820.09982,1086.35882009982,4651.86107353287,"Norfolk"
-72,-73000,"AP0000030",934497822.154142,934.497822154142,4651.86107353287,"Norfolk"
-48,-74000,"AP0000038",450607787.983893,450.607787983893,4651.86107353287,"Norfolk"
-29,-75000,"AP0000039",158812291.191685,158.812291191685,4651.86107353287,"Norfolk"
-20,-76000,"AP0000040",96268180.6540759,96.2681806540759,4651.86107353287,"Norfolk"
-17,-77000,"AP0000041",77924428.670939,77.924428670939,4651.86107353287,"Norfolk"
-15,-78000,"AP0000042",67629267.9477937,67.6292679477937,4651.86107353287,"Norfolk"
-14,-79000,"AP0000043",63699431.6662447,63.6994316662447,4651.86107353287,"Norfolk"
-13,-80000,"AP0000044",59581704.8026323,59.5817048026323,4651.86107353287,"Norfolk"
-12,-81000,"AP0000045",55463358.9171853,55.4633589171853,4651.86107353287,"Norfolk"
-12,-82000,"AP0000045",55463358.9171853,55.4633589171853,4651.86107353287,"Norfolk"
-13,-83000,"AP0000044",59581704.8026323,59.5817048026323,4651.86107353287,"Norfolk"
-15,-84000,"AP0000042",67629267.9477937,67.6292679477937,4651.86107353287,"Norfolk"
-19,-85000,"AP0000046",89531904.3914537,89.5319043914537,4651.86107353287,"Norfolk"
-26,-86000,"AP0000047",134086995.760705,134.086995760705,4651.86107353287,"Norfolk"
-34,-87000,"AP0000048",221180504.68722,221.18050468722,4651.86107353287,"Norfolk"
-43,-88000,"AP0000049",362222431.188317,362.222431188317,4651.86107353287,"Norfolk"
-49,-89000,"AP0000050",473641018.657849,473.641018657849,4651.86107353287,"Norfolk"
-52,-90000,"AP0000008",542304694.365536,542.304694365536,4651.86107353287,"Norfolk"
-54,-91000,"AP0000051",598806730.108788,598.806730108788,4651.86107353287,"Norfolk"
-55,-92000,"AP0000052",619384911.391811,619.384911391811,4651.86107353287,"Norfolk"
-55,-93000,"AP0000052",619384911.391811,619.384911391811,4651.86107353287,"Norfolk"
-56,-94000,"AP0000053",648182979.225748,648.182979225748,4651.86107353287,"Norfolk"
-54,-95000,"AP0000051",598806730.108788,598.806730108788,4651.86107353287,"Norfolk"
-46,-96000,"AP0000054",402677853.75215,402.67785375215,4651.86107353287,"Norfolk"
-35,-97000,"AP0000055",234287323.4968,234.2873234968,4651.86107353287,"Norfolk"
-24,-98000,"AP0000006",123037504.312038,123.037504312038,4651.86107353287,"Norfolk"
-16,-99000,"AP0000056",73057869.0690851,73.0578690690851,4651.86107353287,"Norfolk"
-12,-1e+05,"AP0000045",55463358.9171853,55.4633589171853,4651.86107353287,"Norfolk"
-10,-101000,"AP0000057",51346119.3846152,51.3461193846152,4651.86107353287,"Norfolk"
-10,-102000,"AP0000057",51346119.3846152,51.3461193846152,4651.86107353287,"Norfolk"
-9,-103000,"AP0000058",49100284.1570549,49.1002841570549,4651.86107353287,"Norfolk"
-8,-104000,"AP0000059",45356782.8704784,45.3567828704784,4651.86107353287,"Norfolk"
-10,-105000,"AP0000057",51346119.3846152,51.3461193846152,4651.86107353287,"Norfolk"
-16,-106000,"AP0000056",73057869.0690851,73.0578690690851,4651.86107353287,"Norfolk"
-26,-107000,"AP0000047",134086995.760705,134.086995760705,4651.86107353287,"Norfolk"
-31,-108000,"AP0000060",179227352.309437,179.227352309437,4651.86107353287,"Norfolk"
-33,-109000,"AP0000061",204140806.354963,204.140806354963,4651.86107353287,"Norfolk"
-33,-110000,"AP0000061",204140806.354963,204.140806354963,4651.86107353287,"Norfolk"
-32,-111000,"AP0000062",191776583.675579,191.776583675579,4651.86107353287,"Norfolk"
-32,-112000,"AP0000062",191776583.675579,191.776583675579,4651.86107353287,"Norfolk"
-27,-113000,"AP0000063",142140567.633027,142.140567633027,4651.86107353287,"Norfolk"
-16,-114000,"AP0000056",73057869.0690851,73.0578690690851,4651.86107353287,"Norfolk"
-6,-115000,"AP0000064",43483659.0223563,43.4836590223563,4651.86107353287,"Norfolk"
0,-116000,"AP0000000",40672509.229321,40.672509229321,4651.86107353287,"Norfolk"
3,-117000,"AP0000065",40485096.4536989,40.4850964536989,4651.86107353287,"Norfolk"
5,-118000,"AP0000066",40297794.0130432,40.2977940130432,4651.86107353287,"Norfolk"
7,-119000,"AP0000067",40297794.0130432,40.2977940130432,4651.86107353287,"Norfolk"
9,-120000,"AP0000068",39735583.4734416,39.7355834734416,4651.86107353287,"Norfolk"
10,-121000,"AP0000069",39173471.0555634,39.1734710555634,4651.86107353287,"Norfolk"
10,-122000,"AP0000069",39173471.0555634,39.1734710555634,4651.86107353287,"Norfolk"
10,-123000,"AP0000069",39173471.0555634,39.1734710555634,4651.86107353287,"Norfolk"
9,-124000,"AP0000068",39735583.4734416,39.7355834734416,4651.86107353287,"Norfolk"
9,-125000,"AP0000068",39735583.4734416,39.7355834734416,4651.86107353287,"Norfolk"
10,-126000,"AP0000069",39173471.0555634,39.1734710555634,4651.86107353287,"Norfolk"
12,-127000,"AP0000070",38611499.6615987,38.6114996615987,4651.86107353287,"Norfolk"
10,-128000,"AP0000069",39173471.0555634,39.1734710555634,4651.86107353287,"Norfolk"
-3,-129000,"AP0000003",41422172.2068915,41.4221722068915,4651.86107353287,"Norfolk"
-27,-130000,"AP0000063",142140567.633027,142.140567633027,4651.86107353287,"Norfolk"
-28,-131000,"AP0000071",147761015.841041,147.761015841041,4651.86107353287,"Norfolk"
-26,-132000,"AP0000047",134086995.760705,134.086995760705,4651.86107353287,"Norfolk"
-24,-133000,"AP0000006",123037504.312038,123.037504312038,4651.86107353287,"Norfolk"
-22,-134000,"AP0000072",111429007.00125,111.42900700125,4651.86107353287,"Norfolk"
-20,-135000,"AP0000040",96268180.6540759,96.2681806540759,4651.86107353287,"Norfolk"
-18,-136000,"AP0000073",83166215.2462621,83.1662152462621,4651.86107353287,"Norfolk"
-19,-137000,"AP0000046",89531904.3914537,89.5319043914537,4651.86107353287,"Norfolk"
-22,-138000,"AP0000072",111429007.00125,111.42900700125,4651.86107353287,"Norfolk"
-28,-139000,"AP0000071",147761015.841041,147.761015841041,4651.86107353287,"Norfolk"
-44,-140000,"AP0000074",374395281.678883,374.395281678883,4651.86107353287,"Norfolk"
0,0,"AP0000000",6307134.36029005,6.30713436029005,462.644625542725,"Selvagens"
-1,-1000,"AP0000001",6307134.36029005,6.30713436029005,462.644625542725,"Selvagens"
-2,-2000,"AP0000002",6307134.36029005,6.30713436029005,462.644625542725,"Selvagens"
-3,-3000,"AP0000003",6307134.36029005,6.30713436029005,462.644625542725,"Selvagens"
-3,-4000,"AP0000003",6307134.36029005,6.30713436029005,462.644625542725,"Selvagens"
-3,-5000,"AP0000003",6307134.36029005,6.30713436029005,462.644625542725,"Selvagens"
-4,-6000,"AP0000004",6307134.36029005,6.30713436029005,462.644625542725,"Selvagens"
-4,-7000,"AP0000004",6307134.36029005,6.30713436029005,462.644625542725,"Selvagens"
-11,-8000,"AP0000005",6307134.36029005,6.30713436029005,462.644625542725,"Selvagens"
-24,-9000,"AP0000006",8719886.41460061,8.71988641460061,462.644625542725,"Selvagens"
-38,-10000,"AP0000007",17441576.6690474,17.4415766690474,462.644625542725,"Selvagens"
-52,-11000,"AP0000008",29869686.8958726,29.8696868958726,462.644625542725,"Selvagens"
-65,-12000,"AP0000009",49902383.7570353,49.9023837570353,462.644625542725,"Selvagens"
-76,-13000,"AP0000010",57320728.8120873,57.3207288120873,462.644625542725,"Selvagens"
-85,-14000,"AP0000011",63070143.2283492,63.0701432283492,462.644625542725,"Selvagens"
-93,-15000,"AP0000012",67521641.8574879,67.5216418574879,462.644625542725,"Selvagens"
-102,-16000,"AP0000013",69562048.2053595,69.5620482053595,462.644625542725,"Selvagens"
-109,-17000,"AP0000014",72344855.0183036,72.3448550183036,462.644625542725,"Selvagens"
-116,-18000,"AP0000015",74384067.5428414,74.3840675428414,462.644625542725,"Selvagens"
-121,-19000,"AP0000016",75311273.3379862,75.3112733379862,462.644625542725,"Selvagens"
-123,-20000,"AP0000017",75682697.8754275,75.6826978754275,462.644625542725,"Selvagens"
-122,-21000,"AP0000018",75497304.7206731,75.4973047206731,462.644625542725,"Selvagens"
-118,-22000,"AP0000019",74940386.474158,74.940386474158,462.644625542725,"Selvagens"
-112,-23000,"AP0000020",73086010.9376066,73.0860109376066,462.644625542725,"Selvagens"
-105,-24000,"AP0000021",71046056.6607702,71.0460566607702,462.644625542725,"Selvagens"
-98,-25000,"AP0000022",69005436.875287,69.0054368752871,462.644625542725,"Selvagens"
-93,-26000,"AP0000012",67521641.8574879,67.5216418574879,462.644625542725,"Selvagens"
-90,-27000,"AP0000023",65666476.4623015,65.6664764623015,462.644625542725,"Selvagens"
-87,-28000,"AP0000024",64554002.5852966,64.5540025852966,462.644625542725,"Selvagens"
-84,-29000,"AP0000025",62513654.8818314,62.5136548818314,462.644625542725,"Selvagens"
-81,-30000,"AP0000026",60287867.4943285,60.2878674943285,462.644625542725,"Selvagens"
-79,-31000,"AP0000027",59360501.3815908,59.3605013815908,462.644625542725,"Selvagens"
-76,-32000,"AP0000010",57320728.8120873,57.3207288120873,462.644625542725,"Selvagens"
-75,-33000,"AP0000028",56578974.1870823,56.5789741870823,462.644625542725,"Selvagens"
-73,-34000,"AP0000029",55465941.948581,55.465941948581,462.644625542725,"Selvagens"
-72,-35000,"AP0000030",54909818.1496906,54.9098181496906,462.644625542725,"Selvagens"
-72,-36000,"AP0000030",54909818.1496906,54.9098181496906,462.644625542725,"Selvagens"
-72,-37000,"AP0000030",54909818.1496906,54.9098181496906,462.644625542725,"Selvagens"
-72,-38000,"AP0000030",54909818.1496906,54.9098181496906,462.644625542725,"Selvagens"
-74,-39000,"AP0000031",55836961.8396742,55.8369618396742,462.644625542725,"Selvagens"
-76,-40000,"AP0000010",57320728.8120873,57.3207288120873,462.644625542725,"Selvagens"
-78,-41000,"AP0000032",58433199.6739488,58.4331996739488,462.644625542725,"Selvagens"
-80,-42000,"AP0000033",60102303.7530005,60.1023037530005,462.644625542725,"Selvagens"
-82,-43000,"AP0000034",60659009.7652502,60.6590097652502,462.644625542725,"Selvagens"
-84,-44000,"AP0000025",62513654.8818314,62.5136548818314,462.644625542725,"Selvagens"
-85,-45000,"AP0000011",63070143.2283492,63.0701432283492,462.644625542725,"Selvagens"
-86,-46000,"AP0000035",63812237.144485,63.812237144485,462.644625542725,"Selvagens"
-86,-47000,"AP0000035",63812237.144485,63.812237144485,462.644625542725,"Selvagens"
-86,-48000,"AP0000035",63812237.144485,63.812237144485,462.644625542725,"Selvagens"
-86,-49000,"AP0000035",63812237.144485,63.812237144485,462.644625542725,"Selvagens"
-86,-50000,"AP0000035",63812237.144485,63.812237144485,462.644625542725,"Selvagens"
-86,-51000,"AP0000035",63812237.144485,63.812237144485,462.644625542725,"Selvagens"
-85,-52000,"AP0000011",63070143.2283492,63.0701432283492,462.644625542725,"Selvagens"
-85,-53000,"AP0000011",63070143.2283492,63.0701432283492,462.644625542725,"Selvagens"
-85,-54000,"AP0000011",63070143.2283492,63.0701432283492,462.644625542725,"Selvagens"
-84,-55000,"AP0000025",62513654.8818314,62.5136548818314,462.644625542725,"Selvagens"
-83,-56000,"AP0000036",61215288.9365318,61.2152889365318,462.644625542725,"Selvagens"
-82,-57000,"AP0000034",60659009.7652502,60.6590097652502,462.644625542725,"Selvagens"
-80,-58000,"AP0000033",60102303.7530005,60.1023037530005,462.644625542725,"Selvagens"
-79,-59000,"AP0000027",59360501.3815908,59.3605013815908,462.644625542725,"Selvagens"
-78,-60000,"AP0000032",58433199.6739488,58.4331996739488,462.644625542725,"Selvagens"
-77,-61000,"AP0000037",57691500.405096,57.6915004050961,462.644625542725,"Selvagens"
-77,-62000,"AP0000037",57691500.405096,57.6915004050961,462.644625542725,"Selvagens"
-77,-63000,"AP0000037",57691500.405096,57.6915004050961,462.644625542725,"Selvagens"
-78,-64000,"AP0000032",58433199.6739488,58.4331996739488,462.644625542725,"Selvagens"
-79,-65000,"AP0000027",59360501.3815908,59.3605013815908,462.644625542725,"Selvagens"
-81,-66000,"AP0000026",60287867.4943285,60.2878674943285,462.644625542725,"Selvagens"
-82,-67000,"AP0000034",60659009.7652502,60.6590097652502,462.644625542725,"Selvagens"
-82,-68000,"AP0000034",60659009.7652502,60.6590097652502,462.644625542725,"Selvagens"
-81,-69000,"AP0000026",60287867.4943285,60.2878674943285,462.644625542725,"Selvagens"
-80,-70000,"AP0000033",60102303.7530005,60.1023037530005,462.644625542725,"Selvagens"
-81,-71000,"AP0000026",60287867.4943285,60.2878674943285,462.644625542725,"Selvagens"
-83,-72000,"AP0000036",61215288.9365318,61.2152889365318,462.644625542725,"Selvagens"
-72,-73000,"AP0000030",54909818.1496906,54.9098181496906,462.644625542725,"Selvagens"
-48,-74000,"AP0000038",22822581.4034164,22.8225814034164,462.644625542725,"Selvagens"
-29,-75000,"AP0000039",11874393.3779368,11.8743933779368,462.644625542725,"Selvagens"
-20,-76000,"AP0000040",7420704.3814652,7.4207043814652,462.644625542725,"Selvagens"
-17,-77000,"AP0000041",7049448.59147644,7.04944859147644,462.644625542725,"Selvagens"
-15,-78000,"AP0000042",6492759.31623149,6.49275931623149,462.644625542725,"Selvagens"
-14,-79000,"AP0000043",6492759.31623149,6.49275931623149,462.644625542725,"Selvagens"
-13,-80000,"AP0000044",6492759.31623149,6.49275931623149,462.644625542725,"Selvagens"
-12,-81000,"AP0000045",6307134.36029005,6.30713436029005,462.644625542725,"Selvagens"
-12,-82000,"AP0000045",6307134.36029005,6.30713436029005,462.644625542725,"Selvagens"
-13,-83000,"AP0000044",6492759.31623149,6.49275931623149,462.644625542725,"Selvagens"
-15,-84000,"AP0000042",6492759.31623149,6.49275931623149,462.644625542725,"Selvagens"
-19,-85000,"AP0000046",7420704.3814652,7.4207043814652,462.644625542725,"Selvagens"
-26,-86000,"AP0000047",10389988.2686281,10.3899882686281,462.644625542725,"Selvagens"
-34,-87000,"AP0000048",15214680.1354458,15.2146801354458,462.644625542725,"Selvagens"
-43,-88000,"AP0000049",19668161.1226885,19.6681611226885,462.644625542725,"Selvagens"
-49,-89000,"AP0000050",24306235.0252416,24.3062350252416,462.644625542725,"Selvagens"
-52,-90000,"AP0000008",29869686.8958726,29.8696868958726,462.644625542725,"Selvagens"
-54,-91000,"AP0000051",34136552.5912926,34.1365525912926,462.644625542725,"Selvagens"
-55,-92000,"AP0000052",35991023.6286936,35.9910236286936,462.644625542725,"Selvagens"
-55,-93000,"AP0000052",35991023.6286936,35.9910236286936,462.644625542725,"Selvagens"
-56,-94000,"AP0000053",37289306.3638923,37.2893063638923,462.644625542725,"Selvagens"
-54,-95000,"AP0000051",34136552.5912926,34.1365525912926,462.644625542725,"Selvagens"
-46,-96000,"AP0000054",21709862.2766173,21.7098622766173,462.644625542725,"Selvagens"
-35,-97000,"AP0000055",15771354.0627289,15.7713540627289,462.644625542725,"Selvagens"
-24,-98000,"AP0000006",8719886.41460061,8.71988641460061,462.644625542725,"Selvagens"
-16,-99000,"AP0000056",6678209.26740265,6.67820926740265,462.644625542725,"Selvagens"
-12,-1e+05,"AP0000045",6307134.36029005,6.30713436029005,462.644625542725,"Selvagens"
-10,-101000,"AP0000057",6307134.36029005,6.30713436029005,462.644625542725,"Selvagens"
-10,-102000,"AP0000057",6307134.36029005,6.30713436029005,462.644625542725,"Selvagens"
-9,-103000,"AP0000058",6307134.36029005,6.30713436029005,462.644625542725,"Selvagens"
-8,-104000,"AP0000059",6307134.36029005,6.30713436029005,462.644625542725,"Selvagens"
-10,-105000,"AP0000057",6307134.36029005,6.30713436029005,462.644625542725,"Selvagens"
-16,-106000,"AP0000056",6678209.26740265,6.67820926740265,462.644625542725,"Selvagens"
-26,-107000,"AP0000047",10389988.2686281,10.3899882686281,462.644625542725,"Selvagens"
-31,-108000,"AP0000060",12988006.8668797,12.9880068668797,462.644625542725,"Selvagens"
-33,-109000,"AP0000061",15029263.8193061,15.0292638193061,462.644625542725,"Selvagens"
-33,-110000,"AP0000061",15029263.8193061,15.0292638193061,462.644625542725,"Selvagens"
-32,-111000,"AP0000062",14472646.9603462,14.4726469603462,462.644625542725,"Selvagens"
-32,-112000,"AP0000062",14472646.9603462,14.4726469603462,462.644625542725,"Selvagens"
-27,-113000,"AP0000063",10946667.5340412,10.9466675340412,462.644625542725,"Selvagens"
-16,-114000,"AP0000056",6678209.26740265,6.67820926740265,462.644625542725,"Selvagens"
-6,-115000,"AP0000064",6307134.36029005,6.30713436029005,462.644625542725,"Selvagens"
0,-116000,"AP0000000",6307134.36029005,6.30713436029005,462.644625542725,"Selvagens"
3,-117000,"AP0000065",5564742.81233501,5.56474281233501,462.644625542725,"Selvagens"
5,-118000,"AP0000066",5193508.19784522,5.19350819784522,462.644625542725,"Selvagens"
7,-119000,"AP0000067",4822648.96720791,4.82264896720791,462.644625542725,"Selvagens"
9,-120000,"AP0000068",3894511.83295393,3.89451183295393,462.644625542725,"Selvagens"
10,-121000,"AP0000069",3894511.83295393,3.89451183295393,462.644625542725,"Selvagens"
10,-122000,"AP0000069",3894511.83295393,3.89451183295393,462.644625542725,"Selvagens"
10,-123000,"AP0000069",3894511.83295393,3.89451183295393,462.644625542725,"Selvagens"
9,-124000,"AP0000068",3894511.83295393,3.89451183295393,462.644625542725,"Selvagens"
9,-125000,"AP0000068",3894511.83295393,3.89451183295393,462.644625542725,"Selvagens"
10,-126000,"AP0000069",3894511.83295393,3.89451183295393,462.644625542725,"Selvagens"
12,-127000,"AP0000070",3523277.21883559,3.52327721883559,462.644625542725,"Selvagens"
10,-128000,"AP0000069",3894511.83295393,3.89451183295393,462.644625542725,"Selvagens"
-3,-129000,"AP0000003",6307134.36029005,6.30713436029005,462.644625542725,"Selvagens"
-27,-130000,"AP0000063",10946667.5340412,10.9466675340412,462.644625542725,"Selvagens"
-28,-131000,"AP0000071",11317714.7613745,11.3177147613745,462.644625542725,"Selvagens"
-26,-132000,"AP0000047",10389988.2686281,10.3899882686281,462.644625542725,"Selvagens"
-24,-133000,"AP0000006",8719886.41460061,8.71988641460061,462.644625542725,"Selvagens"
-22,-134000,"AP0000072",7977412.47665596,7.97741247665596,462.644625542725,"Selvagens"
-20,-135000,"AP0000040",7420704.3814652,7.4207043814652,462.644625542725,"Selvagens"
-18,-136000,"AP0000073",7049448.59147644,7.04944859147644,462.644625542725,"Selvagens"
-19,-137000,"AP0000046",7420704.3814652,7.4207043814652,462.644625542725,"Selvagens"
-22,-138000,"AP0000072",7977412.47665596,7.97741247665596,462.644625542725,"Selvagens"
-28,-139000,"AP0000071",11317714.7613745,11.3177147613745,462.644625542725,"Selvagens"
-44,-140000,"AP0000074",20596291.7683749,20.5962917683749,462.644625542725,"Selvagens"
0,0,"AP0000000",20683088.1783248,20.6830881783248,127.510288411399,"Fernando_Noronha"
-1,-1000,"AP0000001",20896310.8007141,20.8963108007141,127.510288411399,"Fernando_Noronha"
-2,-2000,"AP0000002",21109533.4533393,21.1095334533393,127.510288411399,"Fernando_Noronha"
-3,-3000,"AP0000003",21109533.4533393,21.1095334533393,127.510288411399,"Fernando_Noronha"
-3,-4000,"AP0000003",21109533.4533393,21.1095334533393,127.510288411399,"Fernando_Noronha"
-3,-5000,"AP0000003",21109533.4533393,21.1095334533393,127.510288411399,"Fernando_Noronha"
-4,-6000,"AP0000004",21109533.4533393,21.1095334533393,127.510288411399,"Fernando_Noronha"
-4,-7000,"AP0000004",21109533.4533393,21.1095334533393,127.510288411399,"Fernando_Noronha"
-11,-8000,"AP0000005",21749211.0337701,21.7492110337701,127.510288411399,"Fernando_Noronha"
-24,-9000,"AP0000006",28999087.3309128,28.9990873309128,127.510288411399,"Fernando_Noronha"
-38,-10000,"AP0000007",39447428.1300133,39.4474281300133,127.510288411399,"Fernando_Noronha"
-52,-11000,"AP0000008",53307388.9874626,53.3073889874626,127.510288411399,"Fernando_Noronha"
-65,-12000,"AP0000009",60130732.5321352,60.1307325321352,127.510288411399,"Fernando_Noronha"
-76,-13000,"AP0000010",64608535.2109435,64.6085352109435,127.510288411399,"Fernando_Noronha"
-85,-14000,"AP0000011",66740838.7451266,66.7408387451266,127.510288411399,"Fernando_Noronha"
-93,-15000,"AP0000012",69726015.7742578,69.7260157742578,127.510288411399,"Fernando_Noronha"
-102,-16000,"AP0000013",71858355.5454678,71.8583555454678,127.510288411399,"Fernando_Noronha"
-109,-17000,"AP0000014",74417071.2729368,74.4170712729368,127.510288411399,"Fernando_Noronha"
-116,-18000,"AP0000015",75909643.4324759,75.9096434324759,127.510288411399,"Fernando_Noronha"
-121,-19000,"AP0000016",77402297.8866265,77.4022978866265,127.510288411399,"Fernando_Noronha"
-123,-20000,"AP0000017",77615516.9350816,77.6155169350816,127.510288411399,"Fernando_Noronha"
-122,-21000,"AP0000018",77402297.8866265,77.4022978866265,127.510288411399,"Fernando_Noronha"
-118,-22000,"AP0000019",76762617.1528656,76.7626171528656,127.510288411399,"Fernando_Noronha"
-112,-23000,"AP0000020",75483211.474384,75.483211474384,127.510288411399,"Fernando_Noronha"
-105,-24000,"AP0000021",73350938.4341607,73.3509384341607,127.510288411399,"Fernando_Noronha"
-98,-25000,"AP0000022",71005450.4389346,71.0054504389346,127.510288411399,"Fernando_Noronha"
-93,-26000,"AP0000012",69726015.7742578,69.7260157742578,127.510288411399,"Fernando_Noronha"
-90,-27000,"AP0000023",68659870.3494494,68.6598703494494,127.510288411399,"Fernando_Noronha"
-87,-28000,"AP0000024",67380516.2742275,67.3805162742275,127.510288411399,"Fernando_Noronha"
-84,-29000,"AP0000025",66527604.0270719,66.5276040270719,127.510288411399,"Fernando_Noronha"
-81,-30000,"AP0000026",65248230.4423712,65.2482304423712,127.510288411399,"Fernando_Noronha"
-79,-31000,"AP0000027",65248230.4423712,65.2482304423712,127.510288411399,"Fernando_Noronha"
-76,-32000,"AP0000010",64608535.2109435,64.6085352109435,127.510288411399,"Fernando_Noronha"
-75,-33000,"AP0000028",64182068.0751746,64.1820680751746,127.510288411399,"Fernando_Noronha"
-73,-34000,"AP0000029",63329137.464034,63.329137464034,127.510288411399,"Fernando_Noronha"
-72,-35000,"AP0000030",63329137.464034,63.329137464034,127.510288411399,"Fernando_Noronha"
-72,-36000,"AP0000030",63329137.464034,63.329137464034,127.510288411399,"Fernando_Noronha"
-72,-37000,"AP0000030",63329137.464034,63.329137464034,127.510288411399,"Fernando_Noronha"
-72,-38000,"AP0000030",63329137.464034,63.329137464034,127.510288411399,"Fernando_Noronha"
-74,-39000,"AP0000031",63755610.6894699,63.7556106894699,127.510288411399,"Fernando_Noronha"
-76,-40000,"AP0000010",64608535.2109435,64.6085352109435,127.510288411399,"Fernando_Noronha"
-78,-41000,"AP0000032",65034991.585928,65.034991585928,127.510288411399,"Fernando_Noronha"
-80,-42000,"AP0000033",65248230.4423712,65.2482304423712,127.510288411399,"Fernando_Noronha"
-82,-43000,"AP0000034",65887906.4995152,65.8879064995152,127.510288411399,"Fernando_Noronha"
-84,-44000,"AP0000025",66527604.0270719,66.5276040270719,127.510288411399,"Fernando_Noronha"
-85,-45000,"AP0000011",66740838.7451266,66.7408387451266,127.510288411399,"Fernando_Noronha"
-86,-46000,"AP0000035",66954058.8202771,66.9540588202771,127.510288411399,"Fernando_Noronha"
-86,-47000,"AP0000035",66954058.8202771,66.9540588202771,127.510288411399,"Fernando_Noronha"
-86,-48000,"AP0000035",66954058.8202771,66.9540588202771,127.510288411399,"Fernando_Noronha"
-86,-49000,"AP0000035",66954058.8202771,66.9540588202771,127.510288411399,"Fernando_Noronha"
-86,-50000,"AP0000035",66954058.8202771,66.9540588202771,127.510288411399,"Fernando_Noronha"
-86,-51000,"AP0000035",66954058.8202771,66.9540588202771,127.510288411399,"Fernando_Noronha"
-85,-52000,"AP0000011",66740838.7451266,66.7408387451266,127.510288411399,"Fernando_Noronha"
-85,-53000,"AP0000011",66740838.7451266,66.7408387451266,127.510288411399,"Fernando_Noronha"
-85,-54000,"AP0000011",66740838.7451266,66.7408387451266,127.510288411399,"Fernando_Noronha"
-84,-55000,"AP0000025",66527604.0270719,66.5276040270719,127.510288411399,"Fernando_Noronha"
-83,-56000,"AP0000036",66101138.6548001,66.1011386548001,127.510288411399,"Fernando_Noronha"
-82,-57000,"AP0000034",65887906.4995152,65.8879064995152,127.510288411399,"Fernando_Noronha"
-80,-58000,"AP0000033",65248230.4423712,65.2482304423712,127.510288411399,"Fernando_Noronha"
-79,-59000,"AP0000027",65248230.4423712,65.2482304423712,127.510288411399,"Fernando_Noronha"
-78,-60000,"AP0000032",65034991.585928,65.034991585928,127.510288411399,"Fernando_Noronha"
-77,-61000,"AP0000037",64821755.2860936,64.8217552860936,127.510288411399,"Fernando_Noronha"
-77,-62000,"AP0000037",64821755.2860936,64.8217552860936,127.510288411399,"Fernando_Noronha"
-77,-63000,"AP0000037",64821755.2860936,64.8217552860936,127.510288411399,"Fernando_Noronha"
-78,-64000,"AP0000032",65034991.585928,65.034991585928,127.510288411399,"Fernando_Noronha"
-79,-65000,"AP0000027",65248230.4423712,65.2482304423712,127.510288411399,"Fernando_Noronha"
-81,-66000,"AP0000026",65248230.4423712,65.2482304423712,127.510288411399,"Fernando_Noronha"
-82,-67000,"AP0000034",65887906.4995152,65.8879064995152,127.510288411399,"Fernando_Noronha"
-82,-68000,"AP0000034",65887906.4995152,65.8879064995152,127.510288411399,"Fernando_Noronha"
-81,-69000,"AP0000026",65248230.4423712,65.2482304423712,127.510288411399,"Fernando_Noronha"
-80,-70000,"AP0000033",65248230.4423712,65.2482304423712,127.510288411399,"Fernando_Noronha"
-81,-71000,"AP0000026",65248230.4423712,65.2482304423712,127.510288411399,"Fernando_Noronha"
-83,-72000,"AP0000036",66101138.6548001,66.1011386548001,127.510288411399,"Fernando_Noronha"
-72,-73000,"AP0000030",63329137.464034,63.329137464034,127.510288411399,"Fernando_Noronha"
-48,-74000,"AP0000038",49682483.0639696,49.6824830639696,127.510288411399,"Fernando_Noronha"
-29,-75000,"AP0000039",32837276.3020459,32.8372763020459,127.510288411399,"Fernando_Noronha"
-20,-76000,"AP0000040",26013853.8713521,26.0138538713521,127.510288411399,"Fernando_Noronha"
-17,-77000,"AP0000041",23881519.7381546,23.8815197381546,127.510288411399,"Fernando_Noronha"
-15,-78000,"AP0000042",22602123.9635331,22.6021239635331,127.510288411399,"Fernando_Noronha"
-14,-79000,"AP0000043",22388890.6412607,22.3888906412607,127.510288411399,"Fernando_Noronha"
-13,-80000,"AP0000044",22388890.6412607,22.3888906412607,127.510288411399,"Fernando_Noronha"
-12,-81000,"AP0000045",22388890.6412607,22.3888906412607,127.510288411399,"Fernando_Noronha"
-12,-82000,"AP0000045",22388890.6412607,22.3888906412607,127.510288411399,"Fernando_Noronha"
-13,-83000,"AP0000044",22388890.6412607,22.3888906412607,127.510288411399,"Fernando_Noronha"
-15,-84000,"AP0000042",22602123.9635331,22.6021239635331,127.510288411399,"Fernando_Noronha"
-19,-85000,"AP0000046",25374152.8998001,25.3741528998001,127.510288411399,"Fernando_Noronha"
-26,-86000,"AP0000047",29638790.3905914,29.6387903905914,127.510288411399,"Fernando_Noronha"
-34,-87000,"AP0000048",36675453.2637732,36.6754532637732,127.510288411399,"Fernando_Noronha"
-43,-88000,"AP0000049",45844348.8537871,45.8443488537871,127.510288411399,"Fernando_Noronha"
-49,-89000,"AP0000050",50748629.793167,50.748629793167,127.510288411399,"Fernando_Noronha"
-52,-90000,"AP0000008",53307388.9874626,53.3073889874626,127.510288411399,"Fernando_Noronha"
-54,-91000,"AP0000051",54373516.7448818,54.3735167448818,127.510288411399,"Fernando_Noronha"
-55,-92000,"AP0000052",55226421.4854569,55.2264214854569,127.510288411399,"Fernando_Noronha"
-55,-93000,"AP0000052",55226421.4854569,55.2264214854569,127.510288411399,"Fernando_Noronha"
-56,-94000,"AP0000053",55652872.8898784,55.6528728898784,127.510288411399,"Fernando_Noronha"
-54,-95000,"AP0000051",54373516.7448818,54.3735167448818,127.510288411399,"Fernando_Noronha"
-46,-96000,"AP0000054",47763411.8811047,47.7634118811047,127.510288411399,"Fernando_Noronha"
-35,-97000,"AP0000055",38168048.428531,38.168048428531,127.510288411399,"Fernando_Noronha"
-24,-98000,"AP0000006",28999087.3309128,28.9990873309128,127.510288411399,"Fernando_Noronha"
-16,-99000,"AP0000056",23241831.4660226,23.2418314660226,127.510288411399,"Fernando_Noronha"
-12,-1e+05,"AP0000045",22388890.6412607,22.3888906412607,127.510288411399,"Fernando_Noronha"
-10,-101000,"AP0000057",21535978.7239191,21.5359787239191,127.510288411399,"Fernando_Noronha"
-10,-102000,"AP0000057",21535978.7239191,21.5359787239191,127.510288411399,"Fernando_Noronha"
-9,-103000,"AP0000058",21322754.0267086,21.3227540267086,127.510288411399,"Fernando_Noronha"
-8,-104000,"AP0000059",21322754.0267086,21.3227540267086,127.510288411399,"Fernando_Noronha"
-10,-105000,"AP0000057",21535978.7239191,21.5359787239191,127.510288411399,"Fernando_Noronha"
-16,-106000,"AP0000056",23241831.4660226,23.2418314660226,127.510288411399,"Fernando_Noronha"
-26,-107000,"AP0000047",29638790.3905914,29.6387903905914,127.510288411399,"Fernando_Noronha"
-31,-108000,"AP0000060",33690208.0481721,33.6902080481721,127.510288411399,"Fernando_Noronha"
-33,-109000,"AP0000061",35396067.9777233,35.3960679777233,127.510288411399,"Fernando_Noronha"
-33,-110000,"AP0000061",35396067.9777233,35.3960679777233,127.510288411399,"Fernando_Noronha"
-32,-111000,"AP0000062",34756373.1324656,34.7563731324656,127.510288411399,"Fernando_Noronha"
-32,-112000,"AP0000062",34756373.1324656,34.7563731324656,127.510288411399,"Fernando_Noronha"
-27,-113000,"AP0000063",31771127.5799953,31.7711275799953,127.510288411399,"Fernando_Noronha"
-16,-114000,"AP0000056",23241831.4660226,23.2418314660226,127.510288411399,"Fernando_Noronha"
-6,-115000,"AP0000064",21322754.0267086,21.3227540267086,127.510288411399,"Fernando_Noronha"
0,-116000,"AP0000000",20683088.1783248,20.6830881783248,127.510288411399,"Fernando_Noronha"
3,-117000,"AP0000065",20256635.1671746,20.2566351671746,127.510288411399,"Fernando_Noronha"
5,-118000,"AP0000066",19190517.981233,19.190517981233,127.510288411399,"Fernando_Noronha"
7,-119000,"AP0000067",18550840.013319,18.550840013319,127.510288411399,"Fernando_Noronha"
9,-120000,"AP0000068",18124377.4677641,18.1243774677641,127.510288411399,"Fernando_Noronha"
10,-121000,"AP0000069",17911155.3425171,17.9111553425171,127.510288411399,"Fernando_Noronha"
10,-122000,"AP0000069",17911155.3425171,17.9111553425171,127.510288411399,"Fernando_Noronha"
10,-123000,"AP0000069",17911155.3425171,17.9111553425171,127.510288411399,"Fernando_Noronha"
9,-124000,"AP0000068",18124377.4677641,18.1243774677641,127.510288411399,"Fernando_Noronha"
9,-125000,"AP0000068",18124377.4677641,18.1243774677641,127.510288411399,"Fernando_Noronha"
10,-126000,"AP0000069",17911155.3425171,17.9111553425171,127.510288411399,"Fernando_Noronha"
12,-127000,"AP0000070",17911155.3425171,17.9111553425171,127.510288411399,"Fernando_Noronha"
10,-128000,"AP0000069",17911155.3425171,17.9111553425171,127.510288411399,"Fernando_Noronha"
-3,-129000,"AP0000003",21109533.4533393,21.1095334533393,127.510288411399,"Fernando_Noronha"
-27,-130000,"AP0000063",31771127.5799953,31.7711275799953,127.510288411399,"Fernando_Noronha"
-28,-131000,"AP0000071",32624038.2882402,32.6240382882402,127.510288411399,"Fernando_Noronha"
-26,-132000,"AP0000047",29638790.3905914,29.6387903905914,127.510288411399,"Fernando_Noronha"
-24,-133000,"AP0000006",28999087.3309128,28.9990873309128,127.510288411399,"Fernando_Noronha"
-22,-134000,"AP0000072",27506494.2506672,27.5064942506672,127.510288411399,"Fernando_Noronha"
-20,-135000,"AP0000040",26013853.8713521,26.0138538713521,127.510288411399,"Fernando_Noronha"
-18,-136000,"AP0000073",25374152.8998001,25.3741528998001,127.510288411399,"Fernando_Noronha"
-19,-137000,"AP0000046",25374152.8998001,25.3741528998001,127.510288411399,"Fernando_Noronha"
-22,-138000,"AP0000072",27506494.2506672,27.5064942506672,127.510288411399,"Fernando_Noronha"
-28,-139000,"AP0000071",32624038.2882402,32.6240382882402,127.510288411399,"Fernando_Noronha"
-44,-140000,"AP0000074",46697262.3071768,46.6972623071768,127.510288411399,"Fernando_Noronha"
0,0,"AP0000000",176054425.225587,176.054425225587,347.659812253548,"Socorro"
-1,-1000,"AP0000001",188821008.41653,188.82100841653,347.659812253548,"Socorro"
-2,-2000,"AP0000002",188821008.41653,188.82100841653,347.659812253548,"Socorro"
-3,-3000,"AP0000003",188821008.41653,188.82100841653,347.659812253548,"Socorro"
-3,-4000,"AP0000003",188821008.41653,188.82100841653,347.659812253548,"Socorro"
-3,-5000,"AP0000003",188821008.41653,188.82100841653,347.659812253548,"Socorro"
-4,-6000,"AP0000004",188821008.41653,188.82100841653,347.659812253548,"Socorro"
-4,-7000,"AP0000004",188821008.41653,188.82100841653,347.659812253548,"Socorro"
-11,-8000,"AP0000005",189226214.754641,189.226214754641,347.659812253548,"Socorro"
-24,-9000,"AP0000006",191860049.669009,191.860049669009,347.659812253548,"Socorro"
-38,-10000,"AP0000007",194898547.031684,194.898547031684,347.659812253548,"Socorro"
-52,-11000,"AP0000008",198950183.946025,198.950183946025,347.659812253548,"Socorro"
-65,-12000,"AP0000009",201989179.478863,201.989179478863,347.659812253548,"Socorro"
-76,-13000,"AP0000010",204825568.575699,204.825568575699,347.659812253548,"Socorro"
-85,-14000,"AP0000011",207459425.313488,207.459425313488,347.659812253548,"Socorro"
-93,-15000,"AP0000012",210092896.767518,210.092896767518,347.659812253548,"Socorro"
-102,-16000,"AP0000013",214144866.231691,214.14486623169,347.659812253548,"Socorro"
-109,-17000,"AP0000014",216576276.709126,216.576276709126,347.659812253548,"Socorro"
-116,-18000,"AP0000015",219007247.941399,219.007247941399,347.659812253548,"Socorro"
-121,-19000,"AP0000016",221235847.343701,221.235847343701,347.659812253548,"Socorro"
-123,-20000,"AP0000017",222046004.546728,222.046004546728,347.659812253548,"Socorro"
-122,-21000,"AP0000018",221640913.690402,221.640913690402,347.659812253548,"Socorro"
-118,-22000,"AP0000019",220020281.852075,220.020281852075,347.659812253548,"Socorro"
-112,-23000,"AP0000020",217791728.134947,217.791728134947,347.659812253548,"Socorro"
-105,-24000,"AP0000021",215157938.379844,215.157938379844,347.659812253548,"Socorro"
-98,-25000,"AP0000022",212524231.425685,212.524231425685,347.659812253548,"Socorro"
-93,-26000,"AP0000012",210092896.767518,210.092896767518,347.659812253548,"Socorro"
-90,-27000,"AP0000023",209282520.578274,209.282520578275,347.659812253548,"Socorro"
-87,-28000,"AP0000024",207662114.560147,207.662114560147,347.659812253548,"Socorro"
-84,-29000,"AP0000025",207256844.859896,207.256844859896,347.659812253548,"Socorro"
-81,-30000,"AP0000026",206446511.815363,206.446511815363,347.659812253548,"Socorro"
-79,-31000,"AP0000027",206041278.997419,206.041278997419,347.659812253548,"Socorro"
-76,-32000,"AP0000010",204825568.575699,204.825568575699,347.659812253548,"Socorro"
-75,-33000,"AP0000028",204825568.575699,204.825568575699,347.659812253548,"Socorro"
-73,-34000,"AP0000029",204420340.666221,204.420340666221,347.659812253548,"Socorro"
-72,-35000,"AP0000030",204420340.666221,204.420340666221,347.659812253548,"Socorro"
-72,-36000,"AP0000030",204420340.666221,204.420340666221,347.659812253548,"Socorro"
-72,-37000,"AP0000030",204420340.666221,204.420340666221,347.659812253548,"Socorro"
-72,-38000,"AP0000030",204420340.666221,204.420340666221,347.659812253548,"Socorro"
-74,-39000,"AP0000031",204420340.666221,204.420340666221,347.659812253548,"Socorro"
-76,-40000,"AP0000010",204825568.575699,204.825568575699,347.659812253548,"Socorro"
-78,-41000,"AP0000032",205635856.971295,205.635856971295,347.659812253548,"Socorro"
-80,-42000,"AP0000033",206243924.727473,206.243924727473,347.659812253548,"Socorro"
-82,-43000,"AP0000034",206649138.797802,206.649138797802,347.659812253548,"Socorro"
-84,-44000,"AP0000025",207256844.859896,207.256844859896,347.659812253548,"Socorro"
-85,-45000,"AP0000011",207459425.313488,207.459425313488,347.659812253548,"Socorro"
-86,-46000,"AP0000035",207662114.560147,207.662114560147,347.659812253548,"Socorro"
-86,-47000,"AP0000035",207662114.560147,207.662114560147,347.659812253548,"Socorro"
-86,-48000,"AP0000035",207662114.560147,207.662114560147,347.659812253548,"Socorro"
-86,-49000,"AP0000035",207662114.560147,207.662114560147,347.659812253548,"Socorro"
-86,-50000,"AP0000035",207662114.560147,207.662114560147,347.659812253548,"Socorro"
-86,-51000,"AP0000035",207662114.560147,207.662114560147,347.659812253548,"Socorro"
-85,-52000,"AP0000011",207459425.313488,207.459425313488,347.659812253548,"Socorro"
-85,-53000,"AP0000011",207459425.313488,207.459425313488,347.659812253548,"Socorro"
-85,-54000,"AP0000011",207459425.313488,207.459425313488,347.659812253548,"Socorro"
-84,-55000,"AP0000025",207256844.859896,207.256844859896,347.659812253548,"Socorro"
-83,-56000,"AP0000036",207054331.288241,207.054331288241,347.659812253548,"Socorro"
-82,-57000,"AP0000034",206649138.797802,206.649138797802,347.659812253548,"Socorro"
-80,-58000,"AP0000033",206243924.727473,206.243924727473,347.659812253548,"Socorro"
-79,-59000,"AP0000027",206041278.997419,206.041278997419,347.659812253548,"Socorro"
-78,-60000,"AP0000032",205635856.971295,205.635856971295,347.659812253548,"Socorro"
-77,-61000,"AP0000037",205028103.664046,205.028103664046,347.659812253548,"Socorro"
-77,-62000,"AP0000037",205028103.664046,205.028103664046,347.659812253548,"Socorro"
-77,-63000,"AP0000037",205028103.664046,205.028103664046,347.659812253548,"Socorro"
-78,-64000,"AP0000032",205635856.971295,205.635856971295,347.659812253548,"Socorro"
-79,-65000,"AP0000027",206041278.997419,206.041278997419,347.659812253548,"Socorro"
-81,-66000,"AP0000026",206446511.815363,206.446511815363,347.659812253548,"Socorro"
-82,-67000,"AP0000034",206649138.797802,206.649138797802,347.659812253548,"Socorro"
-82,-68000,"AP0000034",206649138.797802,206.649138797802,347.659812253548,"Socorro"
-81,-69000,"AP0000026",206446511.815363,206.446511815363,347.659812253548,"Socorro"
-80,-70000,"AP0000033",206243924.727473,206.243924727473,347.659812253548,"Socorro"
-81,-71000,"AP0000026",206446511.815363,206.446511815363,347.659812253548,"Socorro"
-83,-72000,"AP0000036",207054331.288241,207.054331288241,347.659812253548,"Socorro"
-72,-73000,"AP0000030",204420340.666221,204.420340666221,347.659812253548,"Socorro"
-48,-74000,"AP0000038",197532220.925538,197.532220925538,347.659812253548,"Socorro"
-29,-75000,"AP0000039",192872806.805773,192.872806805773,347.659812253548,"Socorro"
-20,-76000,"AP0000040",191252288.31913,191.25228831913,347.659812253548,"Socorro"
-17,-77000,"AP0000041",190442005.551955,190.442005551955,347.659812253548,"Socorro"
-15,-78000,"AP0000042",190036640.94961,190.03664094961,347.659812253548,"Socorro"
-14,-79000,"AP0000043",189833970.830145,189.833970830145,347.659812253548,"Socorro"
-13,-80000,"AP0000044",189631290.961178,189.631290961178,347.659812253548,"Socorro"
-12,-81000,"AP0000045",189428757.761627,189.428757761627,347.659812253548,"Socorro"
-12,-82000,"AP0000045",189428757.761627,189.428757761627,347.659812253548,"Socorro"
-13,-83000,"AP0000044",189631290.961178,189.631290961178,347.659812253548,"Socorro"
-15,-84000,"AP0000042",190036640.94961,190.03664094961,347.659812253548,"Socorro"
-19,-85000,"AP0000046",191252288.31913,191.25228831913,347.659812253548,"Socorro"
-26,-86000,"AP0000047",192265194.466762,192.265194466762,347.659812253548,"Socorro"
-34,-87000,"AP0000048",194493490.444236,194.493490444236,347.659812253548,"Socorro"
-43,-88000,"AP0000049",196114170.230073,196.114170230073,347.659812253548,"Socorro"
-49,-89000,"AP0000050",198545154.540256,198.545154540256,347.659812253548,"Socorro"
-52,-90000,"AP0000008",198950183.946025,198.950183946025,347.659812253548,"Socorro"
-54,-91000,"AP0000051",199558181.519424,199.558181519424,347.659812253548,"Socorro"
-55,-92000,"AP0000052",199963516.882583,199.963516882583,347.659812253548,"Socorro"
-55,-93000,"AP0000052",199963516.882583,199.963516882583,347.659812253548,"Socorro"
-56,-94000,"AP0000053",200166054.986007,200.166054986007,347.659812253548,"Socorro"
-54,-95000,"AP0000051",199558181.519424,199.558181519424,347.659812253548,"Socorro"
-46,-96000,"AP0000054",197329665.852736,197.329665852736,347.659812253548,"Socorro"
-35,-97000,"AP0000055",194696023.643787,194.696023643787,347.659812253548,"Socorro"
-24,-98000,"AP0000006",191860049.669009,191.860049669009,347.659812253548,"Socorro"
-16,-99000,"AP0000056",190442005.551955,190.442005551955,347.659812253548,"Socorro"
-12,-1e+05,"AP0000045",189428757.761627,189.428757761627,347.659812253548,"Socorro"
-10,-101000,"AP0000057",189226214.754641,189.226214754641,347.659812253548,"Socorro"
-10,-102000,"AP0000057",189226214.754641,189.226214754641,347.659812253548,"Socorro"
-9,-103000,"AP0000058",189226214.754641,189.226214754641,347.659812253548,"Socorro"
-8,-104000,"AP0000059",189023676.650845,189.023676650845,347.659812253548,"Socorro"
-10,-105000,"AP0000057",189226214.754641,189.226214754641,347.659812253548,"Socorro"
-16,-106000,"AP0000056",190442005.551955,190.442005551955,347.659812253548,"Socorro"
-26,-107000,"AP0000047",192265194.466762,192.265194466762,347.659812253548,"Socorro"
-31,-108000,"AP0000060",193480373.928744,193.480373928744,347.659812253548,"Socorro"
-33,-109000,"AP0000061",194088228.428232,194.088228428232,347.659812253548,"Socorro"
-33,-110000,"AP0000061",194088228.428232,194.088228428232,347.659812253548,"Socorro"
-32,-111000,"AP0000062",193683042.163059,193.683042163059,347.659812253548,"Socorro"
-32,-112000,"AP0000062",193683042.163059,193.683042163059,347.659812253548,"Socorro"
-27,-113000,"AP0000063",192265194.466762,192.265194466762,347.659812253548,"Socorro"
-16,-114000,"AP0000056",190442005.551955,190.442005551955,347.659812253548,"Socorro"
-6,-115000,"AP0000064",188821008.41653,188.82100841653,347.659812253548,"Socorro"
0,-116000,"AP0000000",176054425.225587,176.054425225587,347.659812253548,"Socorro"
3,-117000,"AP0000065",174231164.417944,174.231164417944,347.659812253548,"Socorro"
5,-118000,"AP0000066",172813277.775394,172.813277775394,347.659812253548,"Socorro"
7,-119000,"AP0000067",170584925.238601,170.584925238601,347.659812253548,"Socorro"
9,-120000,"AP0000068",167950999.664677,167.950999664677,347.659812253548,"Socorro"
10,-121000,"AP0000069",167343204.772596,167.343204772596,347.659812253548,"Socorro"
10,-122000,"AP0000069",167343204.772596,167.343204772596,347.659812253548,"Socorro"
10,-123000,"AP0000069",167343204.772596,167.343204772596,347.659812253548,"Socorro"
9,-124000,"AP0000068",167950999.664677,167.950999664677,347.659812253548,"Socorro"
9,-125000,"AP0000068",167950999.664677,167.950999664677,347.659812253548,"Socorro"
10,-126000,"AP0000069",167343204.772596,167.343204772596,347.659812253548,"Socorro"
12,-127000,"AP0000070",164911956.841252,164.911956841252,347.659812253548,"Socorro"
10,-128000,"AP0000069",167343204.772596,167.343204772596,347.659812253548,"Socorro"
-3,-129000,"AP0000003",188821008.41653,188.82100841653,347.659812253548,"Socorro"
-27,-130000,"AP0000063",192265194.466762,192.265194466762,347.659812253548,"Socorro"
-28,-131000,"AP0000071",192265194.466762,192.265194466762,347.659812253548,"Socorro"
-26,-132000,"AP0000047",192265194.466762,192.265194466762,347.659812253548,"Socorro"
-24,-133000,"AP0000006",191860049.669009,191.860049669009,347.659812253548,"Socorro"
-22,-134000,"AP0000072",191454966.301957,191.454966301957,347.659812253548,"Socorro"
-20,-135000,"AP0000040",191252288.31913,191.25228831913,347.659812253548,"Socorro"
-18,-136000,"AP0000073",190847262.305371,190.847262305371,347.659812253548,"Socorro"
-19,-137000,"AP0000046",191252288.31913,191.25228831913,347.659812253548,"Socorro"
-22,-138000,"AP0000072",191454966.301957,191.454966301957,347.659812253548,"Socorro"
-28,-139000,"AP0000071",192265194.466762,192.265194466762,347.659812253548,"Socorro"
-44,-140000,"AP0000074",196924606.979532,196.924606979532,347.659812253548,"Socorro"
0,0,"AP0000000",101617065.478141,101.617065478141,264.203102921303,"Ascension"
-1,-1000,"AP0000001",103734058.320713,103.734058320713,264.203102921303,"Ascension"
-2,-2000,"AP0000002",103945757.888355,103.945757888355,264.203102921303,"Ascension"
-3,-3000,"AP0000003",103945757.888355,103.945757888355,264.203102921303,"Ascension"
-3,-4000,"AP0000003",103945757.888355,103.945757888355,264.203102921303,"Ascension"
-3,-5000,"AP0000003",103945757.888355,103.945757888355,264.203102921303,"Ascension"
-4,-6000,"AP0000004",104157418.332043,104.157418332043,264.203102921303,"Ascension"
-4,-7000,"AP0000004",104157418.332043,104.157418332043,264.203102921303,"Ascension"
-11,-8000,"AP0000005",107332967.536381,107.332967536381,264.203102921303,"Ascension"
-24,-9000,"AP0000006",120035270.714267,120.035270714267,264.203102921303,"Ascension"
-38,-10000,"AP0000007",127868145.53663,127.86814553663,264.203102921303,"Ascension"
-52,-11000,"AP0000008",138876759.560633,138.876759560633,264.203102921303,"Ascension"
-65,-12000,"AP0000009",147980051.304866,147.980051304866,264.203102921303,"Ascension"
-76,-13000,"AP0000010",154331094.66995,154.33109466995,264.203102921303,"Ascension"
-85,-14000,"AP0000011",158988420.576573,158.988420576573,264.203102921303,"Ascension"
-93,-15000,"AP0000012",165762809.47433,165.76280947433,264.203102921303,"Ascension"
-102,-16000,"AP0000013",170208572.914836,170.208572914836,264.203102921303,"Ascension"
-109,-17000,"AP0000014",172325524.836822,172.325524836822,264.203102921303,"Ascension"
-116,-18000,"AP0000015",174654256.482201,174.654256482201,264.203102921303,"Ascension"
-121,-19000,"AP0000016",176982952.05771,176.98295205771,264.203102921303,"Ascension"
-123,-20000,"AP0000017",177829660.97474,177.82966097474,264.203102921303,"Ascension"
-122,-21000,"AP0000018",177617989.782056,177.617989782056,264.203102921303,"Ascension"
-118,-22000,"AP0000019",175712715.105579,175.712715105579,264.203102921303,"Ascension"
-112,-23000,"AP0000020",172748927.904184,172.748927904184,264.203102921303,"Ascension"
-105,-24000,"AP0000021",171267009.660115,171.267009660115,264.203102921303,"Ascension"
-98,-25000,"AP0000022",169361775.373829,169.361775373829,264.203102921303,"Ascension"
-93,-26000,"AP0000012",165762809.47433,165.76280947433,264.203102921303,"Ascension"
-90,-27000,"AP0000023",163434137.715878,163.434137715878,264.203102921303,"Ascension"
-87,-28000,"AP0000024",160893690.945698,160.893690945698,264.203102921303,"Ascension"
-84,-29000,"AP0000025",157718211.867872,157.718211867872,264.203102921303,"Ascension"
-81,-30000,"AP0000026",156447987.574475,156.447987574475,264.203102921303,"Ascension"
-79,-31000,"AP0000027",155389526.600841,155.389526600841,264.203102921303,"Ascension"
-76,-32000,"AP0000010",154331094.66995,154.33109466995,264.203102921303,"Ascension"
-75,-33000,"AP0000028",153907770.428843,153.907770428843,264.203102921303,"Ascension"
-73,-34000,"AP0000029",152425815.394545,152.425815394545,264.203102921303,"Ascension"
-72,-35000,"AP0000030",152002437.257758,152.002437257758,264.203102921303,"Ascension"
-72,-36000,"AP0000030",152002437.257758,152.002437257758,264.203102921303,"Ascension"
-72,-37000,"AP0000030",152002437.257758,152.002437257758,264.203102921303,"Ascension"
-72,-38000,"AP0000030",152002437.257758,152.002437257758,264.203102921303,"Ascension"
-74,-39000,"AP0000031",153907770.428843,153.907770428843,264.203102921303,"Ascension"
-76,-40000,"AP0000010",154331094.66995,154.33109466995,264.203102921303,"Ascension"
-78,-41000,"AP0000032",155389526.600841,155.389526600841,264.203102921303,"Ascension"
-80,-42000,"AP0000033",155812850.426322,155.812850426322,264.203102921303,"Ascension"
-82,-43000,"AP0000034",156659678.730219,156.659678730219,264.203102921303,"Ascension"
-84,-44000,"AP0000025",157718211.867872,157.718211867872,264.203102921303,"Ascension"
-85,-45000,"AP0000011",158988420.576573,158.988420576573,264.203102921303,"Ascension"
-86,-46000,"AP0000035",160258592.512136,160.258592512136,264.203102921303,"Ascension"
-86,-47000,"AP0000035",160258592.512136,160.258592512136,264.203102921303,"Ascension"
-86,-48000,"AP0000035",160258592.512136,160.258592512136,264.203102921303,"Ascension"
-86,-49000,"AP0000035",160258592.512136,160.258592512136,264.203102921303,"Ascension"
-86,-50000,"AP0000035",160258592.512136,160.258592512136,264.203102921303,"Ascension"
-86,-51000,"AP0000035",160258592.512136,160.258592512136,264.203102921303,"Ascension"
-85,-52000,"AP0000011",158988420.576573,158.988420576573,264.203102921303,"Ascension"
-85,-53000,"AP0000011",158988420.576573,158.988420576573,264.203102921303,"Ascension"
-85,-54000,"AP0000011",158988420.576573,158.988420576573,264.203102921303,"Ascension"
-84,-55000,"AP0000025",157718211.867872,157.718211867872,264.203102921303,"Ascension"
-83,-56000,"AP0000036",157083097.559579,157.083097559579,264.203102921303,"Ascension"
-82,-57000,"AP0000034",156659678.730219,156.659678730219,264.203102921303,"Ascension"
-80,-58000,"AP0000033",155812850.426322,155.812850426322,264.203102921303,"Ascension"
-79,-59000,"AP0000027",155389526.600841,155.389526600841,264.203102921303,"Ascension"
-78,-60000,"AP0000032",155389526.600841,155.389526600841,264.203102921303,"Ascension"
-77,-61000,"AP0000037",154754469.016863,154.754469016863,264.203102921303,"Ascension"
-77,-62000,"AP0000037",154754469.016863,154.754469016863,264.203102921303,"Ascension"
-77,-63000,"AP0000037",154754469.016863,154.754469016863,264.203102921303,"Ascension"
-78,-64000,"AP0000032",155389526.600841,155.389526600841,264.203102921303,"Ascension"
-79,-65000,"AP0000027",155389526.600841,155.389526600841,264.203102921303,"Ascension"
-81,-66000,"AP0000026",156447987.574475,156.447987574475,264.203102921303,"Ascension"
-82,-67000,"AP0000034",156659678.730219,156.659678730219,264.203102921303,"Ascension"
-82,-68000,"AP0000034",156659678.730219,156.659678730219,264.203102921303,"Ascension"
-81,-69000,"AP0000026",156447987.574475,156.447987574475,264.203102921303,"Ascension"
-80,-70000,"AP0000033",155812850.426322,155.812850426322,264.203102921303,"Ascension"
-81,-71000,"AP0000026",156447987.574475,156.447987574475,264.203102921303,"Ascension"
-83,-72000,"AP0000036",157083097.559579,157.083097559579,264.203102921303,"Ascension"
-72,-73000,"AP0000030",152002437.257758,152.002437257758,264.203102921303,"Ascension"
-48,-74000,"AP0000038",136547989.046504,136.547989046504,264.203102921303,"Ascension"
-29,-75000,"AP0000039",122999079.805013,122.999079805013,264.203102921303,"Ascension"
-20,-76000,"AP0000040",116859727.769775,116.859727769775,264.203102921303,"Ascension"
-17,-77000,"AP0000041",113260786.948256,113.260786948256,264.203102921303,"Ascension"
-15,-78000,"AP0000042",110508585.124961,110.508585124961,264.203102921303,"Ascension"
-14,-79000,"AP0000043",109450071.749573,109.450071749573,264.203102921303,"Ascension"
-13,-80000,"AP0000044",109026701.182911,109.026701182911,264.203102921303,"Ascension"
-12,-81000,"AP0000045",108603263.427718,108.603263427718,264.203102921303,"Ascension"
-12,-82000,"AP0000045",108603263.427718,108.603263427718,264.203102921303,"Ascension"
-13,-83000,"AP0000044",109026701.182911,109.026701182911,264.203102921303,"Ascension"
-15,-84000,"AP0000042",110508585.124961,110.508585124961,264.203102921303,"Ascension"
-19,-85000,"AP0000046",115801277.443071,115.801277443071,264.203102921303,"Ascension"
-26,-86000,"AP0000047",121517159.088247,121.517159088247,264.203102921303,"Ascension"
-34,-87000,"AP0000048",125962821.578671,125.962821578671,264.203102921303,"Ascension"
-43,-88000,"AP0000049",133584154.50241,133.58415450241,264.203102921303,"Ascension"
-49,-89000,"AP0000050",136971426.769964,136.971426769964,264.203102921303,"Ascension"
-52,-90000,"AP0000008",138876759.560633,138.876759560633,264.203102921303,"Ascension"
-54,-91000,"AP0000051",139723545.456932,139.723545456932,264.203102921303,"Ascension"
-55,-92000,"AP0000052",141205473.162358,141.205473162358,264.203102921303,"Ascension"
-55,-93000,"AP0000052",141205473.162358,141.205473162358,264.203102921303,"Ascension"
-56,-94000,"AP0000053",141417188.385372,141.417188385372,264.203102921303,"Ascension"
-54,-95000,"AP0000051",139723545.456932,139.723545456932,264.203102921303,"Ascension"
-46,-96000,"AP0000054",135066012.734058,135.066012734058,264.203102921303,"Ascension"
-35,-97000,"AP0000055",126174499.089517,126.174499089517,264.203102921303,"Ascension"
-24,-98000,"AP0000006",120035270.714267,120.035270714267,264.203102921303,"Ascension"
-16,-99000,"AP0000056",111355412.600908,111.355412600908,264.203102921303,"Ascension"
-12,-1e+05,"AP0000045",108603263.427718,108.603263427718,264.203102921303,"Ascension"
-10,-101000,"AP0000057",106909547.523918,106.909547523918,264.203102921303,"Ascension"
-10,-102000,"AP0000057",106909547.523918,106.909547523918,264.203102921303,"Ascension"
-9,-103000,"AP0000058",106909547.523918,106.909547523918,264.203102921303,"Ascension"
-8,-104000,"AP0000059",106486144.136771,106.486144136771,264.203102921303,"Ascension"
-10,-105000,"AP0000057",106909547.523918,106.909547523918,264.203102921303,"Ascension"
-16,-106000,"AP0000056",111355412.600908,111.355412600908,264.203102921303,"Ascension"
-26,-107000,"AP0000047",121517159.088247,121.517159088247,264.203102921303,"Ascension"
-31,-108000,"AP0000060",123422439.127764,123.422439127764,264.203102921303,"Ascension"
-33,-109000,"AP0000061",124904325.941936,124.904325941936,264.203102921303,"Ascension"
-33,-110000,"AP0000061",124904325.941936,124.904325941936,264.203102921303,"Ascension"
-32,-111000,"AP0000062",124480951.497691,124.480951497691,264.203102921303,"Ascension"
-32,-112000,"AP0000062",124480951.497691,124.480951497691,264.203102921303,"Ascension"
-27,-113000,"AP0000063",122152270.172313,122.152270172313,264.203102921303,"Ascension"
-16,-114000,"AP0000056",111355412.600908,111.355412600908,264.203102921303,"Ascension"
-6,-115000,"AP0000064",105427610.996761,105.427610996761,264.203102921303,"Ascension"
0,-116000,"AP0000000",101617065.478141,101.617065478141,264.203102921303,"Ascension"
3,-117000,"AP0000065",100981982.910081,100.981982910081,264.203102921303,"Ascension"
5,-118000,"AP0000066",100346893.310872,100.346893310872,264.203102921303,"Ascension"
7,-119000,"AP0000067",99923477.2873511,99.9234772873511,264.203102921303,"Ascension"
9,-120000,"AP0000068",98865097.669556,98.865097669556,264.203102921303,"Ascension"
10,-121000,"AP0000069",98441692.38593,98.44169238593,264.203102921303,"Ascension"
10,-122000,"AP0000069",98441692.38593,98.44169238593,264.203102921303,"Ascension"
10,-123000,"AP0000069",98441692.38593,98.44169238593,264.203102921303,"Ascension"
9,-124000,"AP0000068",98865097.669556,98.865097669556,264.203102921303,"Ascension"
9,-125000,"AP0000068",98865097.669556,98.865097669556,264.203102921303,"Ascension"
10,-126000,"AP0000069",98441692.38593,98.44169238593,264.203102921303,"Ascension"
12,-127000,"AP0000070",96959992.8014183,96.9599928014183,264.203102921303,"Ascension"
10,-128000,"AP0000069",98441692.38593,98.44169238593,264.203102921303,"Ascension"
-3,-129000,"AP0000003",103945757.888355,103.945757888355,264.203102921303,"Ascension"
-27,-130000,"AP0000063",122152270.172313,122.152270172313,264.203102921303,"Ascension"
-28,-131000,"AP0000071",122575665.076085,122.575665076085,264.203102921303,"Ascension"
-26,-132000,"AP0000047",121517159.088247,121.517159088247,264.203102921303,"Ascension"
-24,-133000,"AP0000006",120035270.714267,120.035270714267,264.203102921303,"Ascension"
-22,-134000,"AP0000072",118976782.66623,118.97678266623,264.203102921303,"Ascension"
-20,-135000,"AP0000040",116859727.769775,116.859727769775,264.203102921303,"Ascension"
-18,-136000,"AP0000073",114742727.405764,114.742727405764,264.203102921303,"Ascension"
-19,-137000,"AP0000046",115801277.443071,115.801277443071,264.203102921303,"Ascension"
-22,-138000,"AP0000072",118976782.66623,118.97678266623,264.203102921303,"Ascension"
-28,-139000,"AP0000071",122575665.076085,122.575665076085,264.203102921303,"Ascension"
-44,-140000,"AP0000074",133795835.280799,133.795835280799,264.203102921303,"Ascension"
0,0,"AP0000000",79625957.0285659,79.6259570285659,5168.8679458629,"Ogasawara"
-1,-1000,"AP0000001",96242227.6883421,96.2422276883421,5168.8679458629,"Ogasawara"
-2,-2000,"AP0000002",101968403.70513,101.96840370513,5168.8679458629,"Ogasawara"
-3,-3000,"AP0000003",104832253.473136,104.832253473136,5168.8679458629,"Ogasawara"
-3,-4000,"AP0000003",104832253.473136,104.832253473136,5168.8679458629,"Ogasawara"
-3,-5000,"AP0000003",104832253.473136,104.832253473136,5168.8679458629,"Ogasawara"
-4,-6000,"AP0000004",109222212.504961,109.222212504961,5168.8679458629,"Ogasawara"
-4,-7000,"AP0000004",109222212.504961,109.222212504961,5168.8679458629,"Ogasawara"
-11,-8000,"AP0000005",131948967.23063,131.94896723063,5168.8679458629,"Ogasawara"
-24,-9000,"AP0000006",179284755.499313,179.284755499313,5168.8679458629,"Ogasawara"
-38,-10000,"AP0000007",247390278.297556,247.390278297556,5168.8679458629,"Ogasawara"
-52,-11000,"AP0000008",313521918.086944,313.521918086944,5168.8679458629,"Ogasawara"
-65,-12000,"AP0000009",388209504.940289,388.209504940289,5168.8679458629,"Ogasawara"
-76,-13000,"AP0000010",453734679.533739,453.734679533739,5168.8679458629,"Ogasawara"
-85,-14000,"AP0000011",516616404.039599,516.616404039599,5168.8679458629,"Ogasawara"
-93,-15000,"AP0000012",576613275.727516,576.613275727516,5168.8679458629,"Ogasawara"
-102,-16000,"AP0000013",649301534.931282,649.301534931282,5168.8679458629,"Ogasawara"
-109,-17000,"AP0000014",727252321.062393,727.252321062393,5168.8679458629,"Ogasawara"
-116,-18000,"AP0000015",816977131.608444,816.977131608444,5168.8679458629,"Ogasawara"
-121,-19000,"AP0000016",874194671.502757,874.194671502757,5168.8679458629,"Ogasawara"
-123,-20000,"AP0000017",898718399.648062,898.718399648062,5168.8679458629,"Ogasawara"
-122,-21000,"AP0000018",888631489.642072,888.631489642072,5168.8679458629,"Ogasawara"
-118,-22000,"AP0000019",839035951.280406,839.035951280406,5168.8679458629,"Ogasawara"
-112,-23000,"AP0000020",766580697.532833,766.580697532833,5168.8679458629,"Ogasawara"
-105,-24000,"AP0000021",679333752.223949,679.333752223949,5168.8679458629,"Ogasawara"
-98,-25000,"AP0000022",614294947.629637,614.294947629637,5168.8679458629,"Ogasawara"
-93,-26000,"AP0000012",576613275.727516,576.613275727516,5168.8679458629,"Ogasawara"
-90,-27000,"AP0000023",556025774.843052,556.025774843052,5168.8679458629,"Ogasawara"
-87,-28000,"AP0000024",527089306.381637,527.089306381637,5168.8679458629,"Ogasawara"
-84,-29000,"AP0000025",511669527.411967,511.669527411967,5168.8679458629,"Ogasawara"
-81,-30000,"AP0000026",491101027.271336,491.101027271336,5168.8679458629,"Ogasawara"
-79,-31000,"AP0000027",475843301.071508,475.843301071508,5168.8679458629,"Ogasawara"
-76,-32000,"AP0000010",453734679.533739,453.734679533739,5168.8679458629,"Ogasawara"
-75,-33000,"AP0000028",442864726.753401,442.864726753401,5168.8679458629,"Ogasawara"
-73,-34000,"AP0000029",431054830.51758,431.05483051758,5168.8679458629,"Ogasawara"
-72,-35000,"AP0000030",425916610.045339,425.916610045339,5168.8679458629,"Ogasawara"
-72,-36000,"AP0000030",425916610.045339,425.916610045339,5168.8679458629,"Ogasawara"
-72,-37000,"AP0000030",425916610.045339,425.916610045339,5168.8679458629,"Ogasawara"
-72,-38000,"AP0000030",425916610.045339,425.916610045339,5168.8679458629,"Ogasawara"
-74,-39000,"AP0000031",437720636.621644,437.720636621644,5168.8679458629,"Ogasawara"
-76,-40000,"AP0000010",453734679.533739,453.734679533739,5168.8679458629,"Ogasawara"
-78,-41000,"AP0000032",469546092.647668,469.546092647668,5168.8679458629,"Ogasawara"
-80,-42000,"AP0000033",480985780.422502,480.985780422502,5168.8679458629,"Ogasawara"
-82,-43000,"AP0000034",499104465.34148,499.10446534148,5168.8679458629,"Ogasawara"
-84,-44000,"AP0000025",511669527.411967,511.669527411967,5168.8679458629,"Ogasawara"
-85,-45000,"AP0000011",516616404.039599,516.616404039599,5168.8679458629,"Ogasawara"
-86,-46000,"AP0000035",522132259.539622,522.132259539622,5168.8679458629,"Ogasawara"
-86,-47000,"AP0000035",522132259.539622,522.132259539622,5168.8679458629,"Ogasawara"
-86,-48000,"AP0000035",522132259.539622,522.132259539622,5168.8679458629,"Ogasawara"
-86,-49000,"AP0000035",522132259.539622,522.132259539622,5168.8679458629,"Ogasawara"
-86,-50000,"AP0000035",522132259.539622,522.132259539622,5168.8679458629,"Ogasawara"
-86,-51000,"AP0000035",522132259.539622,522.132259539622,5168.8679458629,"Ogasawara"
-85,-52000,"AP0000011",516616404.039599,516.616404039599,5168.8679458629,"Ogasawara"
-85,-53000,"AP0000011",516616404.039599,516.616404039599,5168.8679458629,"Ogasawara"
-85,-54000,"AP0000011",516616404.039599,516.616404039599,5168.8679458629,"Ogasawara"
-84,-55000,"AP0000025",511669527.411967,511.669527411967,5168.8679458629,"Ogasawara"
-83,-56000,"AP0000036",505193295.044733,505.193295044733,5168.8679458629,"Ogasawara"
-82,-57000,"AP0000034",499104465.34148,499.10446534148,5168.8679458629,"Ogasawara"
-80,-58000,"AP0000033",480985780.422502,480.985780422502,5168.8679458629,"Ogasawara"
-79,-59000,"AP0000027",475843301.071508,475.843301071508,5168.8679458629,"Ogasawara"
-78,-60000,"AP0000032",469546092.647668,469.546092647668,5168.8679458629,"Ogasawara"
-77,-61000,"AP0000037",462685630.059935,462.685630059935,5168.8679458629,"Ogasawara"
-77,-62000,"AP0000037",462685630.059935,462.685630059935,5168.8679458629,"Ogasawara"
-77,-63000,"AP0000037",462685630.059935,462.685630059935,5168.8679458629,"Ogasawara"
-78,-64000,"AP0000032",469546092.647668,469.546092647668,5168.8679458629,"Ogasawara"
-79,-65000,"AP0000027",475843301.071508,475.843301071508,5168.8679458629,"Ogasawara"
-81,-66000,"AP0000026",491101027.271336,491.101027271336,5168.8679458629,"Ogasawara"
-82,-67000,"AP0000034",499104465.34148,499.10446534148,5168.8679458629,"Ogasawara"
-82,-68000,"AP0000034",499104465.34148,499.10446534148,5168.8679458629,"Ogasawara"
-81,-69000,"AP0000026",491101027.271336,491.101027271336,5168.8679458629,"Ogasawara"
-80,-70000,"AP0000033",480985780.422502,480.985780422502,5168.8679458629,"Ogasawara"
-81,-71000,"AP0000026",491101027.271336,491.101027271336,5168.8679458629,"Ogasawara"
-83,-72000,"AP0000036",505193295.044733,505.193295044733,5168.8679458629,"Ogasawara"
-72,-73000,"AP0000030",425916610.045339,425.916610045339,5168.8679458629,"Ogasawara"
-48,-74000,"AP0000038",295811250.212306,295.811250212306,5168.8679458629,"Ogasawara"
-29,-75000,"AP0000039",203147901.549551,203.147901549551,5168.8679458629,"Ogasawara"
-20,-76000,"AP0000040",166126639.665,166.126639665,5168.8679458629,"Ogasawara"
-17,-77000,"AP0000041",154283753.877061,154.283753877061,5168.8679458629,"Ogasawara"
-15,-78000,"AP0000042",145311595.314599,145.311595314599,5168.8679458629,"Ogasawara"
-14,-79000,"AP0000043",141686840.934503,141.686840934503,5168.8679458629,"Ogasawara"
-13,-80000,"AP0000044",138823549.26202,138.82354926202,5168.8679458629,"Ogasawara"
-12,-81000,"AP0000045",135577937.995887,135.577937995887,5168.8679458629,"Ogasawara"
-12,-82000,"AP0000045",135577937.995887,135.577937995887,5168.8679458629,"Ogasawara"
-13,-83000,"AP0000044",138823549.26202,138.82354926202,5168.8679458629,"Ogasawara"
-15,-84000,"AP0000042",145311595.314599,145.311595314599,5168.8679458629,"Ogasawara"
-19,-85000,"AP0000046",162114203.325762,162.114203325762,5168.8679458629,"Ogasawara"
-26,-86000,"AP0000047",187304423.66332,187.30442366332,5168.8679458629,"Ogasawara"
-34,-87000,"AP0000048",228907417.865491,228.907417865491,5168.8679458629,"Ogasawara"
-43,-88000,"AP0000049",273708721.697799,273.708721697799,5168.8679458629,"Ogasawara"
-49,-89000,"AP0000050",299430884.611581,299.430884611581,5168.8679458629,"Ogasawara"
-52,-90000,"AP0000008",313521918.086944,313.521918086944,5168.8679458629,"Ogasawara"
-54,-91000,"AP0000051",322856453.230849,322.856453230849,5168.8679458629,"Ogasawara"
-55,-92000,"AP0000052",328769784.920086,328.769784920086,5168.8679458629,"Ogasawara"
-55,-93000,"AP0000052",328769784.920086,328.769784920086,5168.8679458629,"Ogasawara"
-56,-94000,"AP0000053",333524908.547537,333.524908547537,5168.8679458629,"Ogasawara"
-54,-95000,"AP0000051",322856453.230849,322.856453230849,5168.8679458629,"Ogasawara"
-46,-96000,"AP0000054",287619077.277116,287.619077277116,5168.8679458629,"Ogasawara"
-35,-97000,"AP0000055",232525568.392498,232.525568392498,5168.8679458629,"Ogasawara"
-24,-98000,"AP0000006",179284755.499313,179.284755499313,5168.8679458629,"Ogasawara"
-16,-99000,"AP0000056",148939832.133394,148.939832133394,5168.8679458629,"Ogasawara"
-12,-1e+05,"AP0000045",135577937.995887,135.577937995887,5168.8679458629,"Ogasawara"
-10,-101000,"AP0000057",128130046.618207,128.130046618207,5168.8679458629,"Ogasawara"
-10,-102000,"AP0000057",128130046.618207,128.130046618207,5168.8679458629,"Ogasawara"
-9,-103000,"AP0000058",125453416.355222,125.453416355222,5168.8679458629,"Ogasawara"
-8,-104000,"AP0000059",122778284.979124,122.778284979124,5168.8679458629,"Ogasawara"
-10,-105000,"AP0000057",128130046.618207,128.130046618207,5168.8679458629,"Ogasawara"
-16,-106000,"AP0000056",148939832.133394,148.939832133394,5168.8679458629,"Ogasawara"
-26,-107000,"AP0000047",187304423.66332,187.30442366332,5168.8679458629,"Ogasawara"
-31,-108000,"AP0000060",212107308.497828,212.107308497828,5168.8679458629,"Ogasawara"
-33,-109000,"AP0000061",225099061.159877,225.099061159877,5168.8679458629,"Ogasawara"
-33,-110000,"AP0000061",225099061.159877,225.099061159877,5168.8679458629,"Ogasawara"
-32,-111000,"AP0000062",214774256.622286,214.774256622286,5168.8679458629,"Ogasawara"
-32,-112000,"AP0000062",214774256.622286,214.774256622286,5168.8679458629,"Ogasawara"
-27,-113000,"AP0000063",191700023.660712,191.700023660712,5168.8679458629,"Ogasawara"
-16,-114000,"AP0000056",148939832.133394,148.939832133394,5168.8679458629,"Ogasawara"
-6,-115000,"AP0000064",115141849.096077,115.141849096077,5168.8679458629,"Ogasawara"
0,-116000,"AP0000000",79625957.0285659,79.6259570285659,5168.8679458629,"Ogasawara"
3,-117000,"AP0000065",76952392.9430146,76.9523929430146,5168.8679458629,"Ogasawara"
5,-118000,"AP0000066",75045330.3466125,75.0453303466125,5168.8679458629,"Ogasawara"
7,-119000,"AP0000067",73138730.3368218,73.1387303368218,5168.8679458629,"Ogasawara"
9,-120000,"AP0000068",71994291.5762782,71.9942915762782,5168.8679458629,"Ogasawara"
10,-121000,"AP0000069",71038840.8200533,71.0388408200533,5168.8679458629,"Ogasawara"
10,-122000,"AP0000069",71038840.8200533,71.0388408200533,5168.8679458629,"Ogasawara"
10,-123000,"AP0000069",71038840.8200533,71.0388408200533,5168.8679458629,"Ogasawara"
9,-124000,"AP0000068",71994291.5762782,71.9942915762782,5168.8679458629,"Ogasawara"
9,-125000,"AP0000068",71994291.5762782,71.9942915762782,5168.8679458629,"Ogasawara"
10,-126000,"AP0000069",71038840.8200533,71.0388408200533,5168.8679458629,"Ogasawara"
12,-127000,"AP0000070",68178339.4258103,68.1783394258103,5168.8679458629,"Ogasawara"
10,-128000,"AP0000069",71038840.8200533,71.0388408200533,5168.8679458629,"Ogasawara"
-3,-129000,"AP0000003",104832253.473136,104.832253473136,5168.8679458629,"Ogasawara"
-27,-130000,"AP0000063",191700023.660712,191.700023660712,5168.8679458629,"Ogasawara"
-28,-131000,"AP0000071",199517617.219053,199.517617219053,5168.8679458629,"Ogasawara"
-26,-132000,"AP0000047",187304423.66332,187.30442366332,5168.8679458629,"Ogasawara"
-24,-133000,"AP0000006",179284755.499313,179.284755499313,5168.8679458629,"Ogasawara"
-22,-134000,"AP0000072",172795063.060676,172.795063060676,5168.8679458629,"Ogasawara"
-20,-135000,"AP0000040",166126639.665,166.126639665,5168.8679458629,"Ogasawara"
-18,-136000,"AP0000073",157151129.082264,157.151129082264,5168.8679458629,"Ogasawara"
-19,-137000,"AP0000046",162114203.325762,162.114203325762,5168.8679458629,"Ogasawara"
-22,-138000,"AP0000072",172795063.060676,172.795063060676,5168.8679458629,"Ogasawara"
-28,-139000,"AP0000071",199517617.219053,199.517617219053,5168.8679458629,"Ogasawara"
-44,-140000,"AP0000074",279613474.214539,279.613474214539,5168.8679458629,"Ogasawara"
0,0,"AP0000000",121135525.177282,121.135525177282,664.835368160439,"Saint_Helena"
-1,-1000,"AP0000001",122163785.876027,122.163785876027,664.835368160439,"Saint_Helena"
-2,-2000,"AP0000002",122780744.521209,122.780744521209,664.835368160439,"Saint_Helena"
-3,-3000,"AP0000003",124220264.358412,124.220264358412,664.835368160439,"Saint_Helena"
-3,-4000,"AP0000003",124220264.358412,124.220264358412,664.835368160439,"Saint_Helena"
-3,-5000,"AP0000003",124220264.358412,124.220264358412,664.835368160439,"Saint_Helena"
-4,-6000,"AP0000004",125042769.93976,125.04276993976,664.835368160439,"Saint_Helena"
-4,-7000,"AP0000004",125042769.93976,125.04276993976,664.835368160439,"Saint_Helena"
-11,-8000,"AP0000005",132446199.618593,132.446199618593,664.835368160439,"Saint_Helena"
-24,-9000,"AP0000006",144991568.169288,144.991568169288,664.835368160439,"Saint_Helena"
-38,-10000,"AP0000007",159592981.301008,159.592981301008,664.835368160439,"Saint_Helena"
-52,-11000,"AP0000008",179952481.080031,179.952481080031,664.835368160439,"Saint_Helena"
-65,-12000,"AP0000009",206273996.103963,206.273996103963,664.835368160439,"Saint_Helena"
-76,-13000,"AP0000010",237120514.485706,237.120514485706,664.835368160439,"Saint_Helena"
-85,-14000,"AP0000011",265084693.618579,265.084693618579,664.835368160439,"Saint_Helena"
-93,-15000,"AP0000012",283383337.73796,283.38333773796,664.835368160439,"Saint_Helena"
-102,-16000,"AP0000013",297366168.534287,297.366168534287,664.835368160439,"Saint_Helena"
-109,-17000,"AP0000014",303947465.256326,303.947465256326,664.835368160439,"Saint_Helena"
-116,-18000,"AP0000015",308883373.147952,308.883373147952,664.835368160439,"Saint_Helena"
-121,-19000,"AP0000016",312174411.501985,312.174411501985,664.835368160439,"Saint_Helena"
-123,-20000,"AP0000017",313202991.846118,313.202991846118,664.835368160439,"Saint_Helena"
-122,-21000,"AP0000018",312791471.546383,312.791471546383,664.835368160439,"Saint_Helena"
-118,-22000,"AP0000019",309911650.507437,309.911650507437,664.835368160439,"Saint_Helena"
-112,-23000,"AP0000020",305387222.285055,305.387222285055,664.835368160439,"Saint_Helena"
-105,-24000,"AP0000021",300039471.974833,300.039471974833,664.835368160439,"Saint_Helena"
-98,-25000,"AP0000022",292225239.895013,292.225239895013,664.835368160439,"Saint_Helena"
-93,-26000,"AP0000012",283383337.73796,283.38333773796,664.835368160439,"Saint_Helena"
-90,-27000,"AP0000023",277009633.065279,277.009633065279,664.835368160439,"Saint_Helena"
-87,-28000,"AP0000024",271458304.087566,271.458304087566,664.835368160439,"Saint_Helena"
-84,-29000,"AP0000025",261794824.864269,261.794824864269,664.835368160439,"Saint_Helena"
-81,-30000,"AP0000026",252747678.400299,252.747678400299,664.835368160439,"Saint_Helena"
-79,-31000,"AP0000027",245962530.851426,245.962530851426,664.835368160439,"Saint_Helena"
-76,-32000,"AP0000010",237120514.485706,237.120514485706,664.835368160439,"Saint_Helena"
-75,-33000,"AP0000028",233213561.557074,233.213561557074,664.835368160439,"Saint_Helena"
-73,-34000,"AP0000029",226016608.684068,226.016608684068,664.835368160439,"Saint_Helena"
-72,-35000,"AP0000030",223137565.242894,223.137565242894,664.835368160439,"Saint_Helena"
-72,-36000,"AP0000030",223137565.242894,223.137565242894,664.835368160439,"Saint_Helena"
-72,-37000,"AP0000030",223137565.242894,223.137565242894,664.835368160439,"Saint_Helena"
-72,-38000,"AP0000030",223137565.242894,223.137565242894,664.835368160439,"Saint_Helena"
-74,-39000,"AP0000031",229717717.23325,229.71771723325,664.835368160439,"Saint_Helena"
-76,-40000,"AP0000010",237120514.485706,237.120514485706,664.835368160439,"Saint_Helena"
-78,-41000,"AP0000032",244111781.443407,244.111781443407,664.835368160439,"Saint_Helena"
-80,-42000,"AP0000033",249047090.014529,249.047090014529,664.835368160439,"Saint_Helena"
-82,-43000,"AP0000034",256654564.765043,256.654564765043,664.835368160439,"Saint_Helena"
-84,-44000,"AP0000025",261794824.864269,261.794824864269,664.835368160439,"Saint_Helena"
-85,-45000,"AP0000011",265084693.618579,265.084693618579,664.835368160439,"Saint_Helena"
-86,-46000,"AP0000035",267140603.190856,267.140603190856,664.835368160439,"Saint_Helena"
-86,-47000,"AP0000035",267140603.190856,267.140603190856,664.835368160439,"Saint_Helena"
-86,-48000,"AP0000035",267140603.190856,267.140603190856,664.835368160439,"Saint_Helena"
-86,-49000,"AP0000035",267140603.190856,267.140603190856,664.835368160439,"Saint_Helena"
-86,-50000,"AP0000035",267140603.190856,267.140603190856,664.835368160439,"Saint_Helena"
-86,-51000,"AP0000035",267140603.190856,267.140603190856,664.835368160439,"Saint_Helena"
-85,-52000,"AP0000011",265084693.618579,265.084693618579,664.835368160439,"Saint_Helena"
-85,-53000,"AP0000011",265084693.618579,265.084693618579,664.835368160439,"Saint_Helena"
-85,-54000,"AP0000011",265084693.618579,265.084693618579,664.835368160439,"Saint_Helena"
-84,-55000,"AP0000025",261794824.864269,261.794824864269,664.835368160439,"Saint_Helena"
-83,-56000,"AP0000036",259121840.276575,259.121840276575,664.835368160439,"Saint_Helena"
-82,-57000,"AP0000034",256654564.765043,256.654564765043,664.835368160439,"Saint_Helena"
-80,-58000,"AP0000033",249047090.014529,249.047090014529,664.835368160439,"Saint_Helena"
-79,-59000,"AP0000027",245962530.851426,245.962530851426,664.835368160439,"Saint_Helena"
-78,-60000,"AP0000032",244111781.443407,244.111781443407,664.835368160439,"Saint_Helena"
-77,-61000,"AP0000037",240821812.623208,240.821812623208,664.835368160439,"Saint_Helena"
-77,-62000,"AP0000037",240821812.623208,240.821812623208,664.835368160439,"Saint_Helena"
-77,-63000,"AP0000037",240821812.623208,240.821812623208,664.835368160439,"Saint_Helena"
-78,-64000,"AP0000032",244111781.443407,244.111781443407,664.835368160439,"Saint_Helena"
-79,-65000,"AP0000027",245962530.851426,245.962530851426,664.835368160439,"Saint_Helena"
-81,-66000,"AP0000026",252747678.400299,252.747678400299,664.835368160439,"Saint_Helena"
-82,-67000,"AP0000034",256654564.765043,256.654564765043,664.835368160439,"Saint_Helena"
-82,-68000,"AP0000034",256654564.765043,256.654564765043,664.835368160439,"Saint_Helena"
-81,-69000,"AP0000026",252747678.400299,252.747678400299,664.835368160439,"Saint_Helena"
-80,-70000,"AP0000033",249047090.014529,249.047090014529,664.835368160439,"Saint_Helena"
-81,-71000,"AP0000026",252747678.400299,252.747678400299,664.835368160439,"Saint_Helena"
-83,-72000,"AP0000036",259121840.276575,259.121840276575,664.835368160439,"Saint_Helena"
-72,-73000,"AP0000030",223137565.242894,223.137565242894,664.835368160439,"Saint_Helena"
-48,-74000,"AP0000038",173783089.693486,173.783089693486,664.835368160439,"Saint_Helena"
-29,-75000,"AP0000039",149515862.013909,149.515862013909,664.835368160439,"Saint_Helena"
-20,-76000,"AP0000040",142318101.089391,142.318101089391,664.835368160439,"Saint_Helena"
-17,-77000,"AP0000041",139027497.538384,139.027497538384,664.835368160439,"Saint_Helena"
-15,-78000,"AP0000042",136765267.667101,136.765267667101,664.835368160439,"Saint_Helena"
-14,-79000,"AP0000043",135942610.399471,135.942610399471,664.835368160439,"Saint_Helena"
-13,-80000,"AP0000044",134502635.105412,134.502635105412,664.835368160439,"Saint_Helena"
-12,-81000,"AP0000045",134091331.267039,134.091331267039,664.835368160439,"Saint_Helena"
-12,-82000,"AP0000045",134091331.267039,134.091331267039,664.835368160439,"Saint_Helena"
-13,-83000,"AP0000044",134502635.105412,134.502635105412,664.835368160439,"Saint_Helena"
-15,-84000,"AP0000042",136765267.667101,136.765267667101,664.835368160439,"Saint_Helena"
-19,-85000,"AP0000046",140878292.207849,140.878292207849,664.835368160439,"Saint_Helena"
-26,-86000,"AP0000047",147253671.116001,147.253671116001,664.835368160439,"Saint_Helena"
-34,-87000,"AP0000048",155274217.318804,155.274217318804,664.835368160439,"Saint_Helena"
-43,-88000,"AP0000049",166996732.316456,166.996732316456,664.835368160439,"Saint_Helena"
-49,-89000,"AP0000050",175428253.844125,175.428253844125,664.835368160439,"Saint_Helena"
-52,-90000,"AP0000008",179952481.080031,179.952481080031,664.835368160439,"Saint_Helena"
-54,-91000,"AP0000051",183242635.892858,183.242635892858,664.835368160439,"Saint_Helena"
-55,-92000,"AP0000052",185093510.76454,185.09351076454,664.835368160439,"Saint_Helena"
-55,-93000,"AP0000052",185093510.76454,185.09351076454,664.835368160439,"Saint_Helena"
-56,-94000,"AP0000053",187149773.173438,187.149773173438,664.835368160439,"Saint_Helena"
-54,-95000,"AP0000051",183242635.892858,183.242635892858,664.835368160439,"Saint_Helena"
-46,-96000,"AP0000054",171109727.579901,171.109727579901,664.835368160439,"Saint_Helena"
-35,-97000,"AP0000055",156096964.652291,156.096964652291,664.835368160439,"Saint_Helena"
-24,-98000,"AP0000006",144991568.169288,144.991568169288,664.835368160439,"Saint_Helena"
-16,-99000,"AP0000056",137999264.07563,137.99926407563,664.835368160439,"Saint_Helena"
-12,-1e+05,"AP0000045",134091331.267039,134.091331267039,664.835368160439,"Saint_Helena"
-10,-101000,"AP0000057",131212328.014979,131.212328014979,664.835368160439,"Saint_Helena"
-10,-102000,"AP0000057",131212328.014979,131.212328014979,664.835368160439,"Saint_Helena"
-9,-103000,"AP0000058",131006673.09677,131.00667309677,664.835368160439,"Saint_Helena"
-8,-104000,"AP0000059",130389814.682254,130.389814682254,664.835368160439,"Saint_Helena"
-10,-105000,"AP0000057",131212328.014979,131.212328014979,664.835368160439,"Saint_Helena"
-16,-106000,"AP0000056",137999264.07563,137.99926407563,664.835368160439,"Saint_Helena"
-26,-107000,"AP0000047",147253671.116001,147.253671116001,664.835368160439,"Saint_Helena"
-31,-108000,"AP0000060",151777993.912853,151.777993912853,664.835368160439,"Saint_Helena"
-33,-109000,"AP0000061",154657242.549689,154.657242549689,664.835368160439,"Saint_Helena"
-33,-110000,"AP0000061",154657242.549689,154.657242549689,664.835368160439,"Saint_Helena"
-32,-111000,"AP0000062",154040192.850827,154.040192850827,664.835368160439,"Saint_Helena"
-32,-112000,"AP0000062",154040192.850827,154.040192850827,664.835368160439,"Saint_Helena"
-27,-113000,"AP0000063",148281897.842904,148.281897842904,664.835368160439,"Saint_Helena"
-16,-114000,"AP0000056",137999264.07563,137.99926407563,664.835368160439,"Saint_Helena"
-6,-115000,"AP0000064",126687995.491722,126.687995491722,664.835368160439,"Saint_Helena"
0,-116000,"AP0000000",121135525.177282,121.135525177282,664.835368160439,"Saint_Helena"
3,-117000,"AP0000065",120929903.697214,120.929903697214,664.835368160439,"Saint_Helena"
5,-118000,"AP0000066",120518656.203889,120.518656203889,664.835368160439,"Saint_Helena"
7,-119000,"AP0000067",120313040.509944,120.313040509944,664.835368160439,"Saint_Helena"
9,-120000,"AP0000068",120313040.509944,120.313040509944,664.835368160439,"Saint_Helena"
10,-121000,"AP0000069",120313040.509944,120.313040509944,664.835368160439,"Saint_Helena"
10,-122000,"AP0000069",120313040.509944,120.313040509944,664.835368160439,"Saint_Helena"
10,-123000,"AP0000069",120313040.509944,120.313040509944,664.835368160439,"Saint_Helena"
9,-124000,"AP0000068",120313040.509944,120.313040509944,664.835368160439,"Saint_Helena"
9,-125000,"AP0000068",120313040.509944,120.313040509944,664.835368160439,"Saint_Helena"
10,-126000,"AP0000069",120313040.509944,120.313040509944,664.835368160439,"Saint_Helena"
12,-127000,"AP0000070",120107423.214445,120.107423214445,664.835368160439,"Saint_Helena"
10,-128000,"AP0000069",120313040.509944,120.313040509944,664.835368160439,"Saint_Helena"
-3,-129000,"AP0000003",124220264.358412,124.220264358412,664.835368160439,"Saint_Helena"
-27,-130000,"AP0000063",148281897.842904,148.281897842904,664.835368160439,"Saint_Helena"
-28,-131000,"AP0000071",148693288.235966,148.693288235966,664.835368160439,"Saint_Helena"
-26,-132000,"AP0000047",147253671.116001,147.253671116001,664.835368160439,"Saint_Helena"
-24,-133000,"AP0000006",144991568.169288,144.991568169288,664.835368160439,"Saint_Helena"
-22,-134000,"AP0000072",143346424.20154,143.34642420154,664.835368160439,"Saint_Helena"
-20,-135000,"AP0000040",142318101.089391,142.318101089391,664.835368160439,"Saint_Helena"
-18,-136000,"AP0000073",139644441.558331,139.644441558331,664.835368160439,"Saint_Helena"
-19,-137000,"AP0000046",140878292.207849,140.878292207849,664.835368160439,"Saint_Helena"
-22,-138000,"AP0000072",143346424.20154,143.34642420154,664.835368160439,"Saint_Helena"
-28,-139000,"AP0000071",148693288.235966,148.693288235966,664.835368160439,"Saint_Helena"
-44,-140000,"AP0000074",168847385.357163,168.847385357163,664.835368160439,"Saint_Helena"
0,0,"AP0000000",153463988.86882,153.46398886882,359.475164758953,"Christmas_Island"
-1,-1000,"AP0000001",153463988.86882,153.46398886882,359.475164758953,"Christmas_Island"
-2,-2000,"AP0000002",153463988.86882,153.46398886882,359.475164758953,"Christmas_Island"
-3,-3000,"AP0000003",153463988.86882,153.46398886882,359.475164758953,"Christmas_Island"
-3,-4000,"AP0000003",153463988.86882,153.46398886882,359.475164758953,"Christmas_Island"
-3,-5000,"AP0000003",153463988.86882,153.46398886882,359.475164758953,"Christmas_Island"
-4,-6000,"AP0000004",153463988.86882,153.46398886882,359.475164758953,"Christmas_Island"
-4,-7000,"AP0000004",153463988.86882,153.46398886882,359.475164758953,"Christmas_Island"
-11,-8000,"AP0000005",153463988.86882,153.46398886882,359.475164758953,"Christmas_Island"
-24,-9000,"AP0000006",153463988.86882,153.46398886882,359.475164758953,"Christmas_Island"
-38,-10000,"AP0000007",156197175.649809,156.197175649809,359.475164758953,"Christmas_Island"
-52,-11000,"AP0000008",159350723.614827,159.350723614827,359.475164758953,"Christmas_Island"
-65,-12000,"AP0000009",160401976.368129,160.401976368129,359.475164758953,"Christmas_Island"
-76,-13000,"AP0000010",161663463.953448,161.663463953448,359.475164758953,"Christmas_Island"
-85,-14000,"AP0000011",163765886.938357,163.765886938357,359.475164758953,"Christmas_Island"
-93,-15000,"AP0000012",164817057.299884,164.817057299884,359.475164758953,"Christmas_Island"
-102,-16000,"AP0000013",165658057.295016,165.658057295016,359.475164758953,"Christmas_Island"
-109,-17000,"AP0000014",166709151.555808,166.709151555808,359.475164758953,"Christmas_Island"
-116,-18000,"AP0000015",168180740.409364,168.180740409364,359.475164758953,"Christmas_Island"
-121,-19000,"AP0000016",168811385.631337,168.811385631337,359.475164758953,"Christmas_Island"
-123,-20000,"AP0000017",170282723.10482,170.28272310482,359.475164758953,"Christmas_Island"
-122,-21000,"AP0000018",170072477.219157,170.072477219157,359.475164758953,"Christmas_Island"
-118,-22000,"AP0000019",168390938.057722,168.390938057722,359.475164758953,"Christmas_Island"
-112,-23000,"AP0000020",167129593.750766,167.129593750766,359.475164758953,"Christmas_Island"
-105,-24000,"AP0000021",166078554.552167,166.078554552167,359.475164758953,"Christmas_Island"
-98,-25000,"AP0000022",165658057.295016,165.658057295016,359.475164758953,"Christmas_Island"
-93,-26000,"AP0000012",164817057.299884,164.817057299884,359.475164758953,"Christmas_Island"
-90,-27000,"AP0000023",164606811.41422,164.60681141422,359.475164758953,"Christmas_Island"
-87,-28000,"AP0000024",164396566.906535,164.396566906535,359.475164758953,"Christmas_Island"
-84,-29000,"AP0000025",163345402.108588,163.345402108588,359.475164758953,"Christmas_Island"
-81,-30000,"AP0000026",162924911.722322,162.924911722322,359.475164758953,"Christmas_Island"
-79,-31000,"AP0000027",162504417.212024,162.504417212024,359.475164758953,"Christmas_Island"
-76,-32000,"AP0000010",161663463.953448,161.663463953448,359.475164758953,"Christmas_Island"
-75,-33000,"AP0000028",161663463.953448,161.663463953448,359.475164758953,"Christmas_Island"
-73,-34000,"AP0000029",161663463.953448,161.663463953448,359.475164758953,"Christmas_Island"
-72,-35000,"AP0000030",161453204.34662,161.45320434662,359.475164758953,"Christmas_Island"
-72,-36000,"AP0000030",161453204.34662,161.45320434662,359.475164758953,"Christmas_Island"
-72,-37000,"AP0000030",161453204.34662,161.45320434662,359.475164758953,"Christmas_Island"
-72,-38000,"AP0000030",161453204.34662,161.45320434662,359.475164758953,"Christmas_Island"
-74,-39000,"AP0000031",161663463.953448,161.663463953448,359.475164758953,"Christmas_Island"
-76,-40000,"AP0000010",161663463.953448,161.663463953448,359.475164758953,"Christmas_Island"
-78,-41000,"AP0000032",162294190.588671,162.294190588671,359.475164758953,"Christmas_Island"
-80,-42000,"AP0000033",162714660.347731,162.714660347731,359.475164758953,"Christmas_Island"
-82,-43000,"AP0000034",163135161.723486,163.135161723486,359.475164758953,"Christmas_Island"
-84,-44000,"AP0000025",163345402.108588,163.345402108588,359.475164758953,"Christmas_Island"
-85,-45000,"AP0000011",163765886.938357,163.765886938357,359.475164758953,"Christmas_Island"
-86,-46000,"AP0000035",163976127.327077,163.976127327077,359.475164758953,"Christmas_Island"
-86,-47000,"AP0000035",163976127.327077,163.976127327077,359.475164758953,"Christmas_Island"
-86,-48000,"AP0000035",163976127.327077,163.976127327077,359.475164758953,"Christmas_Island"
-86,-49000,"AP0000035",163976127.327077,163.976127327077,359.475164758953,"Christmas_Island"
-86,-50000,"AP0000035",163976127.327077,163.976127327077,359.475164758953,"Christmas_Island"
-86,-51000,"AP0000035",163976127.327077,163.976127327077,359.475164758953,"Christmas_Island"
-85,-52000,"AP0000011",163765886.938357,163.765886938357,359.475164758953,"Christmas_Island"
-85,-53000,"AP0000011",163765886.938357,163.765886938357,359.475164758953,"Christmas_Island"
-85,-54000,"AP0000011",163765886.938357,163.765886938357,359.475164758953,"Christmas_Island"
-84,-55000,"AP0000025",163345402.108588,163.345402108588,359.475164758953,"Christmas_Island"
-83,-56000,"AP0000036",163135161.723486,163.135161723486,359.475164758953,"Christmas_Island"
-82,-57000,"AP0000034",163135161.723486,163.135161723486,359.475164758953,"Christmas_Island"
-80,-58000,"AP0000033",162714660.347731,162.714660347731,359.475164758953,"Christmas_Island"
-79,-59000,"AP0000027",162504417.212024,162.504417212024,359.475164758953,"Christmas_Island"
-78,-60000,"AP0000032",162294190.588671,162.294190588671,359.475164758953,"Christmas_Island"
-77,-61000,"AP0000037",161873711.208635,161.873711208635,359.475164758953,"Christmas_Island"
-77,-62000,"AP0000037",161873711.208635,161.873711208635,359.475164758953,"Christmas_Island"
-77,-63000,"AP0000037",161873711.208635,161.873711208635,359.475164758953,"Christmas_Island"
-78,-64000,"AP0000032",162294190.588671,162.294190588671,359.475164758953,"Christmas_Island"
-79,-65000,"AP0000027",162504417.212024,162.504417212024,359.475164758953,"Christmas_Island"
-81,-66000,"AP0000026",162924911.722322,162.924911722322,359.475164758953,"Christmas_Island"
-82,-67000,"AP0000034",163135161.723486,163.135161723486,359.475164758953,"Christmas_Island"
-82,-68000,"AP0000034",163135161.723486,163.135161723486,359.475164758953,"Christmas_Island"
-81,-69000,"AP0000026",162924911.722322,162.924911722322,359.475164758953,"Christmas_Island"
-80,-70000,"AP0000033",162714660.347731,162.714660347731,359.475164758953,"Christmas_Island"
-81,-71000,"AP0000026",162924911.722322,162.924911722322,359.475164758953,"Christmas_Island"
-83,-72000,"AP0000036",163135161.723486,163.135161723486,359.475164758953,"Christmas_Island"
-72,-73000,"AP0000030",161453204.34662,161.45320434662,359.475164758953,"Christmas_Island"
-48,-74000,"AP0000038",159350723.614827,159.350723614827,359.475164758953,"Christmas_Island"
-29,-75000,"AP0000039",154304990.264644,154.304990264644,359.475164758953,"Christmas_Island"
-20,-76000,"AP0000040",153463988.86882,153.46398886882,359.475164758953,"Christmas_Island"
-17,-77000,"AP0000041",153463988.86882,153.46398886882,359.475164758953,"Christmas_Island"
-15,-78000,"AP0000042",153463988.86882,153.46398886882,359.475164758953,"Christmas_Island"
-14,-79000,"AP0000043",153463988.86882,153.46398886882,359.475164758953,"Christmas_Island"
-13,-80000,"AP0000044",153463988.86882,153.46398886882,359.475164758953,"Christmas_Island"
-12,-81000,"AP0000045",153463988.86882,153.46398886882,359.475164758953,"Christmas_Island"
-12,-82000,"AP0000045",153463988.86882,153.46398886882,359.475164758953,"Christmas_Island"
-13,-83000,"AP0000044",153463988.86882,153.46398886882,359.475164758953,"Christmas_Island"
-15,-84000,"AP0000042",153463988.86882,153.46398886882,359.475164758953,"Christmas_Island"
-19,-85000,"AP0000046",153463988.86882,153.46398886882,359.475164758953,"Christmas_Island"
-26,-86000,"AP0000047",153463988.86882,153.46398886882,359.475164758953,"Christmas_Island"
-34,-87000,"AP0000048",155145966.913798,155.145966913798,359.475164758953,"Christmas_Island"
-43,-88000,"AP0000049",158089311.526228,158.089311526228,359.475164758953,"Christmas_Island"
-49,-89000,"AP0000050",159350723.614827,159.350723614827,359.475164758953,"Christmas_Island"
-52,-90000,"AP0000008",159350723.614827,159.350723614827,359.475164758953,"Christmas_Island"
-54,-91000,"AP0000051",159350723.614827,159.350723614827,359.475164758953,"Christmas_Island"
-55,-92000,"AP0000052",159350723.614827,159.350723614827,359.475164758953,"Christmas_Island"
-55,-93000,"AP0000052",159350723.614827,159.350723614827,359.475164758953,"Christmas_Island"
-56,-94000,"AP0000053",159350723.614827,159.350723614827,359.475164758953,"Christmas_Island"
-54,-95000,"AP0000051",159350723.614827,159.350723614827,359.475164758953,"Christmas_Island"
-46,-96000,"AP0000054",159140491.483517,159.140491483517,359.475164758953,"Christmas_Island"
-35,-97000,"AP0000055",155566475.152411,155.566475152411,359.475164758953,"Christmas_Island"
-24,-98000,"AP0000006",153463988.86882,153.46398886882,359.475164758953,"Christmas_Island"
-16,-99000,"AP0000056",153463988.86882,153.46398886882,359.475164758953,"Christmas_Island"
-12,-1e+05,"AP0000045",153463988.86882,153.46398886882,359.475164758953,"Christmas_Island"
-10,-101000,"AP0000057",153463988.86882,153.46398886882,359.475164758953,"Christmas_Island"
-10,-102000,"AP0000057",153463988.86882,153.46398886882,359.475164758953,"Christmas_Island"
-9,-103000,"AP0000058",153463988.86882,153.46398886882,359.475164758953,"Christmas_Island"
-8,-104000,"AP0000059",153463988.86882,153.46398886882,359.475164758953,"Christmas_Island"
-10,-105000,"AP0000057",153463988.86882,153.46398886882,359.475164758953,"Christmas_Island"
-16,-106000,"AP0000056",153463988.86882,153.46398886882,359.475164758953,"Christmas_Island"
-26,-107000,"AP0000047",153463988.86882,153.46398886882,359.475164758953,"Christmas_Island"
-31,-108000,"AP0000060",154725488.893775,154.725488893774,359.475164758953,"Christmas_Island"
-33,-109000,"AP0000061",154935730.652873,154.935730652873,359.475164758953,"Christmas_Island"
-33,-110000,"AP0000061",154935730.652873,154.935730652873,359.475164758953,"Christmas_Island"
-32,-111000,"AP0000062",154725488.893775,154.725488893774,359.475164758953,"Christmas_Island"
-32,-112000,"AP0000062",154725488.893775,154.725488893774,359.475164758953,"Christmas_Island"
-27,-113000,"AP0000063",153463988.86882,153.46398886882,359.475164758953,"Christmas_Island"
-16,-114000,"AP0000056",153463988.86882,153.46398886882,359.475164758953,"Christmas_Island"
-6,-115000,"AP0000064",153463988.86882,153.46398886882,359.475164758953,"Christmas_Island"
0,-116000,"AP0000000",153463988.86882,153.46398886882,359.475164758953,"Christmas_Island"
3,-117000,"AP0000065",153043491.610518,153.043491610518,359.475164758953,"Christmas_Island"
5,-118000,"AP0000066",153043491.610518,153.043491610518,359.475164758953,"Christmas_Island"
7,-119000,"AP0000067",152622980.612688,152.622980612688,359.475164758953,"Christmas_Island"
9,-120000,"AP0000068",152412722.373628,152.412722373628,359.475164758953,"Christmas_Island"
10,-121000,"AP0000069",151992230.606635,151.992230606635,359.475164758953,"Christmas_Island"
10,-122000,"AP0000069",151992230.606635,151.992230606635,359.475164758953,"Christmas_Island"
10,-123000,"AP0000069",151992230.606635,151.992230606635,359.475164758953,"Christmas_Island"
9,-124000,"AP0000068",152412722.373628,152.412722373628,359.475164758953,"Christmas_Island"
9,-125000,"AP0000068",152412722.373628,152.412722373628,359.475164758953,"Christmas_Island"
10,-126000,"AP0000069",151992230.606635,151.992230606635,359.475164758953,"Christmas_Island"
12,-127000,"AP0000070",150941107.332112,150.941107332112,359.475164758953,"Christmas_Island"
10,-128000,"AP0000069",151992230.606635,151.992230606635,359.475164758953,"Christmas_Island"
-3,-129000,"AP0000003",153463988.86882,153.46398886882,359.475164758953,"Christmas_Island"
-27,-130000,"AP0000063",153463988.86882,153.46398886882,359.475164758953,"Christmas_Island"
-28,-131000,"AP0000071",153884497.108723,153.884497108723,359.475164758953,"Christmas_Island"
-26,-132000,"AP0000047",153463988.86882,153.46398886882,359.475164758953,"Christmas_Island"
-24,-133000,"AP0000006",153463988.86882,153.46398886882,359.475164758953,"Christmas_Island"
-22,-134000,"AP0000072",153463988.86882,153.46398886882,359.475164758953,"Christmas_Island"
-20,-135000,"AP0000040",153463988.86882,153.46398886882,359.475164758953,"Christmas_Island"
-18,-136000,"AP0000073",153463988.86882,153.46398886882,359.475164758953,"Christmas_Island"
-19,-137000,"AP0000046",153463988.86882,153.46398886882,359.475164758953,"Christmas_Island"
-22,-138000,"AP0000072",153463988.86882,153.46398886882,359.475164758953,"Christmas_Island"
-28,-139000,"AP0000071",153884497.108723,153.884497108723,359.475164758953,"Christmas_Island"
-44,-140000,"AP0000074",158720036.807579,158.720036807579,359.475164758953,"Christmas_Island"
0,0,"AP0000000",83894198.4715838,83.8941984715838,346.152324134003,"Gough"
-1,-1000,"AP0000001",83894198.4715838,83.8941984715838,346.152324134003,"Gough"
-2,-2000,"AP0000002",83894198.4715838,83.8941984715838,346.152324134003,"Gough"
-3,-3000,"AP0000003",83894198.4715838,83.8941984715838,346.152324134003,"Gough"
-3,-4000,"AP0000003",83894198.4715838,83.8941984715838,346.152324134003,"Gough"
-3,-5000,"AP0000003",83894198.4715838,83.8941984715838,346.152324134003,"Gough"
-4,-6000,"AP0000004",83894198.4715838,83.8941984715838,346.152324134003,"Gough"
-4,-7000,"AP0000004",83894198.4715838,83.8941984715838,346.152324134003,"Gough"
-11,-8000,"AP0000005",83894198.4715838,83.8941984715838,346.152324134003,"Gough"
-24,-9000,"AP0000006",83894198.4715838,83.8941984715838,346.152324134003,"Gough"
-38,-10000,"AP0000007",83894198.4715838,83.8941984715838,346.152324134003,"Gough"
-52,-11000,"AP0000008",83894198.4715838,83.8941984715838,346.152324134003,"Gough"
-65,-12000,"AP0000009",83894198.4715838,83.8941984715838,346.152324134003,"Gough"
-76,-13000,"AP0000010",83894198.4715838,83.8941984715838,346.152324134003,"Gough"
-85,-14000,"AP0000011",83894198.4715838,83.8941984715838,346.152324134003,"Gough"
-93,-15000,"AP0000012",84385728.9583237,84.3857289583237,346.152324134003,"Gough"
-102,-16000,"AP0000013",85204687.2686627,85.2046872686627,346.152324134003,"Gough"
-109,-17000,"AP0000014",85860127.621943,85.860127621943,346.152324134003,"Gough"
-116,-18000,"AP0000015",88973936.0604789,88.9739360604789,346.152324134003,"Gough"
-121,-19000,"AP0000016",93563230.2823038,93.5632302823038,346.152324134003,"Gough"
-123,-20000,"AP0000017",95365063.6515729,95.3650636515729,346.152324134003,"Gough"
-122,-21000,"AP0000018",95037346.8335454,95.0373468335454,346.152324134003,"Gough"
-118,-22000,"AP0000019",90777316.1385584,90.7773161385584,346.152324134003,"Gough"
-112,-23000,"AP0000020",86187854.4690826,86.1878544690826,346.152324134003,"Gough"
-105,-24000,"AP0000021",85368358.5161777,85.3683585161777,346.152324134003,"Gough"
-98,-25000,"AP0000022",84549393.184211,84.549393184211,346.152324134003,"Gough"
-93,-26000,"AP0000012",84385728.9583237,84.3857289583237,346.152324134003,"Gough"
-90,-27000,"AP0000023",83894198.4715838,83.8941984715838,346.152324134003,"Gough"
-87,-28000,"AP0000024",83894198.4715838,83.8941984715838,346.152324134003,"Gough"
-84,-29000,"AP0000025",83894198.4715838,83.8941984715838,346.152324134003,"Gough"
-81,-30000,"AP0000026",83894198.4715838,83.8941984715838,346.152324134003,"Gough"
-79,-31000,"AP0000027",83894198.4715838,83.8941984715838,346.152324134003,"Gough"
-76,-32000,"AP0000010",83894198.4715838,83.8941984715838,346.152324134003,"Gough"
-75,-33000,"AP0000028",83894198.4715838,83.8941984715838,346.152324134003,"Gough"
-73,-34000,"AP0000029",83894198.4715838,83.8941984715838,346.152324134003,"Gough"
-72,-35000,"AP0000030",83894198.4715838,83.8941984715838,346.152324134003,"Gough"
-72,-36000,"AP0000030",83894198.4715838,83.8941984715838,346.152324134003,"Gough"
-72,-37000,"AP0000030",83894198.4715838,83.8941984715838,346.152324134003,"Gough"
-72,-38000,"AP0000030",83894198.4715838,83.8941984715838,346.152324134003,"Gough"
-74,-39000,"AP0000031",83894198.4715838,83.8941984715838,346.152324134003,"Gough"
-76,-40000,"AP0000010",83894198.4715838,83.8941984715838,346.152324134003,"Gough"
-78,-41000,"AP0000032",83894198.4715838,83.8941984715838,346.152324134003,"Gough"
-80,-42000,"AP0000033",83894198.4715838,83.8941984715838,346.152324134003,"Gough"
-82,-43000,"AP0000034",83894198.4715838,83.8941984715838,346.152324134003,"Gough"
-84,-44000,"AP0000025",83894198.4715838,83.8941984715838,346.152324134003,"Gough"
-85,-45000,"AP0000011",83894198.4715838,83.8941984715838,346.152324134003,"Gough"
-86,-46000,"AP0000035",83894198.4715838,83.8941984715838,346.152324134003,"Gough"
-86,-47000,"AP0000035",83894198.4715838,83.8941984715838,346.152324134003,"Gough"
-86,-48000,"AP0000035",83894198.4715838,83.8941984715838,346.152324134003,"Gough"
-86,-49000,"AP0000035",83894198.4715838,83.8941984715838,346.152324134003,"Gough"
-86,-50000,"AP0000035",83894198.4715838,83.8941984715838,346.152324134003,"Gough"
-86,-51000,"AP0000035",83894198.4715838,83.8941984715838,346.152324134003,"Gough"
-85,-52000,"AP0000011",83894198.4715838,83.8941984715838,346.152324134003,"Gough"
-85,-53000,"AP0000011",83894198.4715838,83.8941984715838,346.152324134003,"Gough"
-85,-54000,"AP0000011",83894198.4715838,83.8941984715838,346.152324134003,"Gough"
-84,-55000,"AP0000025",83894198.4715838,83.8941984715838,346.152324134003,"Gough"
-83,-56000,"AP0000036",83894198.4715838,83.8941984715838,346.152324134003,"Gough"
-82,-57000,"AP0000034",83894198.4715838,83.8941984715838,346.152324134003,"Gough"
-80,-58000,"AP0000033",83894198.4715838,83.8941984715838,346.152324134003,"Gough"
-79,-59000,"AP0000027",83894198.4715838,83.8941984715838,346.152324134003,"Gough"
-78,-60000,"AP0000032",83894198.4715838,83.8941984715838,346.152324134003,"Gough"
-77,-61000,"AP0000037",83894198.4715838,83.8941984715838,346.152324134003,"Gough"
-77,-62000,"AP0000037",83894198.4715838,83.8941984715838,346.152324134003,"Gough"
-77,-63000,"AP0000037",83894198.4715838,83.8941984715838,346.152324134003,"Gough"
-78,-64000,"AP0000032",83894198.4715838,83.8941984715838,346.152324134003,"Gough"
-79,-65000,"AP0000027",83894198.4715838,83.8941984715838,346.152324134003,"Gough"
-81,-66000,"AP0000026",83894198.4715838,83.8941984715838,346.152324134003,"Gough"
-82,-67000,"AP0000034",83894198.4715838,83.8941984715838,346.152324134003,"Gough"
-82,-68000,"AP0000034",83894198.4715838,83.8941984715838,346.152324134003,"Gough"
-81,-69000,"AP0000026",83894198.4715838,83.8941984715838,346.152324134003,"Gough"
-80,-70000,"AP0000033",83894198.4715838,83.8941984715838,346.152324134003,"Gough"
-81,-71000,"AP0000026",83894198.4715838,83.8941984715838,346.152324134003,"Gough"
-83,-72000,"AP0000036",83894198.4715838,83.8941984715838,346.152324134003,"Gough"
-72,-73000,"AP0000030",83894198.4715838,83.8941984715838,346.152324134003,"Gough"
-48,-74000,"AP0000038",83894198.4715838,83.8941984715838,346.152324134003,"Gough"
-29,-75000,"AP0000039",83894198.4715838,83.8941984715838,346.152324134003,"Gough"
-20,-76000,"AP0000040",83894198.4715838,83.8941984715838,346.152324134003,"Gough"
-17,-77000,"AP0000041",83894198.4715838,83.8941984715838,346.152324134003,"Gough"
-15,-78000,"AP0000042",83894198.4715838,83.8941984715838,346.152324134003,"Gough"
-14,-79000,"AP0000043",83894198.4715838,83.8941984715838,346.152324134003,"Gough"
-13,-80000,"AP0000044",83894198.4715838,83.8941984715838,346.152324134003,"Gough"
-12,-81000,"AP0000045",83894198.4715838,83.8941984715838,346.152324134003,"Gough"
-12,-82000,"AP0000045",83894198.4715838,83.8941984715838,346.152324134003,"Gough"
-13,-83000,"AP0000044",83894198.4715838,83.8941984715838,346.152324134003,"Gough"
-15,-84000,"AP0000042",83894198.4715838,83.8941984715838,346.152324134003,"Gough"
-19,-85000,"AP0000046",83894198.4715838,83.8941984715838,346.152324134003,"Gough"
-26,-86000,"AP0000047",83894198.4715838,83.8941984715838,346.152324134003,"Gough"
-34,-87000,"AP0000048",83894198.4715838,83.8941984715838,346.152324134003,"Gough"
-43,-88000,"AP0000049",83894198.4715838,83.8941984715838,346.152324134003,"Gough"
-49,-89000,"AP0000050",83894198.4715838,83.8941984715838,346.152324134003,"Gough"
-52,-90000,"AP0000008",83894198.4715838,83.8941984715838,346.152324134003,"Gough"
-54,-91000,"AP0000051",83894198.4715838,83.8941984715838,346.152324134003,"Gough"
-55,-92000,"AP0000052",83894198.4715838,83.8941984715838,346.152324134003,"Gough"
-55,-93000,"AP0000052",83894198.4715838,83.8941984715838,346.152324134003,"Gough"
-56,-94000,"AP0000053",83894198.4715838,83.8941984715838,346.152324134003,"Gough"
-54,-95000,"AP0000051",83894198.4715838,83.8941984715838,346.152324134003,"Gough"
-46,-96000,"AP0000054",83894198.4715838,83.8941984715838,346.152324134003,"Gough"
-35,-97000,"AP0000055",83894198.4715838,83.8941984715838,346.152324134003,"Gough"
-24,-98000,"AP0000006",83894198.4715838,83.8941984715838,346.152324134003,"Gough"
-16,-99000,"AP0000056",83894198.4715838,83.8941984715838,346.152324134003,"Gough"
-12,-1e+05,"AP0000045",83894198.4715838,83.8941984715838,346.152324134003,"Gough"
-10,-101000,"AP0000057",83894198.4715838,83.8941984715838,346.152324134003,"Gough"
-10,-102000,"AP0000057",83894198.4715838,83.8941984715838,346.152324134003,"Gough"
-9,-103000,"AP0000058",83894198.4715838,83.8941984715838,346.152324134003,"Gough"
-8,-104000,"AP0000059",83894198.4715838,83.8941984715838,346.152324134003,"Gough"
-10,-105000,"AP0000057",83894198.4715838,83.8941984715838,346.152324134003,"Gough"
-16,-106000,"AP0000056",83894198.4715838,83.8941984715838,346.152324134003,"Gough"
-26,-107000,"AP0000047",83894198.4715838,83.8941984715838,346.152324134003,"Gough"
-31,-108000,"AP0000060",83894198.4715838,83.8941984715838,346.152324134003,"Gough"
-33,-109000,"AP0000061",83894198.4715838,83.8941984715838,346.152324134003,"Gough"
-33,-110000,"AP0000061",83894198.4715838,83.8941984715838,346.152324134003,"Gough"
-32,-111000,"AP0000062",83894198.4715838,83.8941984715838,346.152324134003,"Gough"
-32,-112000,"AP0000062",83894198.4715838,83.8941984715838,346.152324134003,"Gough"
-27,-113000,"AP0000063",83894198.4715838,83.8941984715838,346.152324134003,"Gough"
-16,-114000,"AP0000056",83894198.4715838,83.8941984715838,346.152324134003,"Gough"
-6,-115000,"AP0000064",83894198.4715838,83.8941984715838,346.152324134003,"Gough"
0,-116000,"AP0000000",83894198.4715838,83.8941984715838,346.152324134003,"Gough"
3,-117000,"AP0000065",83566608.7246802,83.5666087246802,346.152324134003,"Gough"
5,-118000,"AP0000066",83075390.4697273,83.0753904697273,346.152324134003,"Gough"
7,-119000,"AP0000067",82584113.8901834,82.5841138901834,346.152324134003,"Gough"
9,-120000,"AP0000068",82256414.7257698,82.2564147257698,346.152324134003,"Gough"
10,-121000,"AP0000069",82092541.3052661,82.0925413052661,346.152324134003,"Gough"
10,-122000,"AP0000069",82092541.3052661,82.0925413052661,346.152324134003,"Gough"
10,-123000,"AP0000069",82092541.3052661,82.0925413052661,346.152324134003,"Gough"
9,-124000,"AP0000068",82256414.7257698,82.2564147257698,346.152324134003,"Gough"
9,-125000,"AP0000068",82256414.7257698,82.2564147257698,346.152324134003,"Gough"
10,-126000,"AP0000069",82092541.3052661,82.0925413052661,346.152324134003,"Gough"
12,-127000,"AP0000070",81600851.4110994,81.6008514110994,346.152324134003,"Gough"
10,-128000,"AP0000069",82092541.3052661,82.0925413052661,346.152324134003,"Gough"
-3,-129000,"AP0000003",83894198.4715838,83.8941984715838,346.152324134003,"Gough"
-27,-130000,"AP0000063",83894198.4715838,83.8941984715838,346.152324134003,"Gough"
-28,-131000,"AP0000071",83894198.4715838,83.8941984715838,346.152324134003,"Gough"
-26,-132000,"AP0000047",83894198.4715838,83.8941984715838,346.152324134003,"Gough"
-24,-133000,"AP0000006",83894198.4715838,83.8941984715838,346.152324134003,"Gough"
-22,-134000,"AP0000072",83894198.4715838,83.8941984715838,346.152324134003,"Gough"
-20,-135000,"AP0000040",83894198.4715838,83.8941984715838,346.152324134003,"Gough"
-18,-136000,"AP0000073",83894198.4715838,83.8941984715838,346.152324134003,"Gough"
-19,-137000,"AP0000046",83894198.4715838,83.8941984715838,346.152324134003,"Gough"
-22,-138000,"AP0000072",83894198.4715838,83.8941984715838,346.152324134003,"Gough"
-28,-139000,"AP0000071",83894198.4715838,83.8941984715838,346.152324134003,"Gough"
-44,-140000,"AP0000074",83894198.4715838,83.8941984715838,346.152324134003,"Gough"
0,0,"AP0000000",14213699.8939412,14.2136998939412,655.642005291092,"Keeling_Cocos"
-1,-1000,"AP0000001",65633125.9427024,65.6331259427024,655.642005291092,"Keeling_Cocos"
-2,-2000,"AP0000002",81311406.8301349,81.3114068301349,655.642005291092,"Keeling_Cocos"
-3,-3000,"AP0000003",89464001.2384719,89.4640012384719,655.642005291092,"Keeling_Cocos"
-3,-4000,"AP0000003",89464001.2384719,89.4640012384719,655.642005291092,"Keeling_Cocos"
-3,-5000,"AP0000003",89464001.2384719,89.4640012384719,655.642005291092,"Keeling_Cocos"
-4,-6000,"AP0000004",94272105.446839,94.272105446839,655.642005291092,"Keeling_Cocos"
-4,-7000,"AP0000004",94272105.446839,94.272105446839,655.642005291092,"Keeling_Cocos"
-11,-8000,"AP0000005",141310575.266064,141.310575266064,655.642005291092,"Keeling_Cocos"
-24,-9000,"AP0000006",148211627.09811,148.21162709811,655.642005291092,"Keeling_Cocos"
-38,-10000,"AP0000007",153855858.791001,153.855858791001,655.642005291092,"Keeling_Cocos"
-52,-11000,"AP0000008",158873243.99535,158.87324399535,655.642005291092,"Keeling_Cocos"
-65,-12000,"AP0000009",161173194.201905,161.173194201905,655.642005291092,"Keeling_Cocos"
-76,-13000,"AP0000010",162636942.3677,162.6369423677,655.642005291092,"Keeling_Cocos"
-85,-14000,"AP0000011",164727691.735469,164.727691735469,655.642005291092,"Keeling_Cocos"
-93,-15000,"AP0000012",165564329.519965,165.564329519965,655.642005291092,"Keeling_Cocos"
-102,-16000,"AP0000013",167027562.061185,167.027562061185,655.642005291092,"Keeling_Cocos"
-109,-17000,"AP0000014",167236663.503615,167.236663503615,655.642005291092,"Keeling_Cocos"
-116,-18000,"AP0000015",167654690.83656,167.65469083656,655.642005291092,"Keeling_Cocos"
-121,-19000,"AP0000016",169118713.391224,169.118713391224,655.642005291092,"Keeling_Cocos"
-123,-20000,"AP0000017",169118713.391224,169.118713391224,655.642005291092,"Keeling_Cocos"
-122,-21000,"AP0000018",169118713.391224,169.118713391224,655.642005291092,"Keeling_Cocos"
-118,-22000,"AP0000019",167654690.83656,167.65469083656,655.642005291092,"Keeling_Cocos"
-112,-23000,"AP0000020",167236663.503615,167.236663503615,655.642005291092,"Keeling_Cocos"
-105,-24000,"AP0000021",167027562.061185,167.027562061185,655.642005291092,"Keeling_Cocos"
-98,-25000,"AP0000022",165982387.642351,165.982387642351,655.642005291092,"Keeling_Cocos"
-93,-26000,"AP0000012",165564329.519965,165.564329519965,655.642005291092,"Keeling_Cocos"
-90,-27000,"AP0000023",165145780.095201,165.145780095201,655.642005291092,"Keeling_Cocos"
-87,-28000,"AP0000024",164936707.238419,164.936707238419,655.642005291092,"Keeling_Cocos"
-84,-29000,"AP0000025",164518647.511818,164.518647511818,655.642005291092,"Keeling_Cocos"
-81,-30000,"AP0000026",163682440.919708,163.682440919708,655.642005291092,"Keeling_Cocos"
-79,-31000,"AP0000027",163473166.975841,163.473166975841,655.642005291092,"Keeling_Cocos"
-76,-32000,"AP0000010",162636942.3677,162.6369423677,655.642005291092,"Keeling_Cocos"
-75,-33000,"AP0000028",162218852.623463,162.218852623463,655.642005291092,"Keeling_Cocos"
-73,-34000,"AP0000029",161800572.754063,161.800572754063,655.642005291092,"Keeling_Cocos"
-72,-35000,"AP0000030",161800572.754063,161.800572754063,655.642005291092,"Keeling_Cocos"
-72,-36000,"AP0000030",161800572.754063,161.800572754063,655.642005291092,"Keeling_Cocos"
-72,-37000,"AP0000030",161800572.754063,161.800572754063,655.642005291092,"Keeling_Cocos"
-72,-38000,"AP0000030",161800572.754063,161.800572754063,655.642005291092,"Keeling_Cocos"
-74,-39000,"AP0000031",162218852.623463,162.218852623463,655.642005291092,"Keeling_Cocos"
-76,-40000,"AP0000010",162636942.3677,162.6369423677,655.642005291092,"Keeling_Cocos"
-78,-41000,"AP0000032",163473166.975841,163.473166975841,655.642005291092,"Keeling_Cocos"
-80,-42000,"AP0000033",163473166.975841,163.473166975841,655.642005291092,"Keeling_Cocos"
-82,-43000,"AP0000034",164100470.076651,164.100470076651,655.642005291092,"Keeling_Cocos"
-84,-44000,"AP0000025",164518647.511818,164.518647511818,655.642005291092,"Keeling_Cocos"
-85,-45000,"AP0000011",164727691.735469,164.727691735469,655.642005291092,"Keeling_Cocos"
-86,-46000,"AP0000035",164936707.238419,164.936707238419,655.642005291092,"Keeling_Cocos"
-86,-47000,"AP0000035",164936707.238419,164.936707238419,655.642005291092,"Keeling_Cocos"
-86,-48000,"AP0000035",164936707.238419,164.936707238419,655.642005291092,"Keeling_Cocos"
-86,-49000,"AP0000035",164936707.238419,164.936707238419,655.642005291092,"Keeling_Cocos"
-86,-50000,"AP0000035",164936707.238419,164.936707238419,655.642005291092,"Keeling_Cocos"
-86,-51000,"AP0000035",164936707.238419,164.936707238419,655.642005291092,"Keeling_Cocos"
-85,-52000,"AP0000011",164727691.735469,164.727691735469,655.642005291092,"Keeling_Cocos"
-85,-53000,"AP0000011",164727691.735469,164.727691735469,655.642005291092,"Keeling_Cocos"
-85,-54000,"AP0000011",164727691.735469,164.727691735469,655.642005291092,"Keeling_Cocos"
-84,-55000,"AP0000025",164518647.511818,164.518647511818,655.642005291092,"Keeling_Cocos"
-83,-56000,"AP0000036",164309546.109485,164.309546109485,655.642005291092,"Keeling_Cocos"
-82,-57000,"AP0000034",164100470.076651,164.100470076651,655.642005291092,"Keeling_Cocos"
-80,-58000,"AP0000033",163473166.975841,163.473166975841,655.642005291092,"Keeling_Cocos"
-79,-59000,"AP0000027",163473166.975841,163.473166975841,655.642005291092,"Keeling_Cocos"
-78,-60000,"AP0000032",163473166.975841,163.473166975841,655.642005291092,"Keeling_Cocos"
-77,-61000,"AP0000037",163054896.786771,163.054896786771,655.642005291092,"Keeling_Cocos"
-77,-62000,"AP0000037",163054896.786771,163.054896786771,655.642005291092,"Keeling_Cocos"
-77,-63000,"AP0000037",163054896.786771,163.054896786771,655.642005291092,"Keeling_Cocos"
-78,-64000,"AP0000032",163473166.975841,163.473166975841,655.642005291092,"Keeling_Cocos"
-79,-65000,"AP0000027",163473166.975841,163.473166975841,655.642005291092,"Keeling_Cocos"
-81,-66000,"AP0000026",163682440.919708,163.682440919708,655.642005291092,"Keeling_Cocos"
-82,-67000,"AP0000034",164100470.076651,164.100470076651,655.642005291092,"Keeling_Cocos"
-82,-68000,"AP0000034",164100470.076651,164.100470076651,655.642005291092,"Keeling_Cocos"
-81,-69000,"AP0000026",163682440.919708,163.682440919708,655.642005291092,"Keeling_Cocos"
-80,-70000,"AP0000033",163473166.975841,163.473166975841,655.642005291092,"Keeling_Cocos"
-81,-71000,"AP0000026",163682440.919708,163.682440919708,655.642005291092,"Keeling_Cocos"
-83,-72000,"AP0000036",164309546.109485,164.309546109485,655.642005291092,"Keeling_Cocos"
-72,-73000,"AP0000030",161800572.754063,161.800572754063,655.642005291092,"Keeling_Cocos"
-48,-74000,"AP0000038",157409962.063855,157.409962063855,655.642005291092,"Keeling_Cocos"
-29,-75000,"AP0000039",150720563.528886,150.720563528886,655.642005291092,"Keeling_Cocos"
-20,-76000,"AP0000040",146119834.547089,146.119834547089,655.642005291092,"Keeling_Cocos"
-17,-77000,"AP0000041",144865255.98847,144.86525598847,655.642005291092,"Keeling_Cocos"
-15,-78000,"AP0000042",143401517.148753,143.401517148753,655.642005291092,"Keeling_Cocos"
-14,-79000,"AP0000043",142774357.883865,142.774357883865,655.642005291092,"Keeling_Cocos"
-13,-80000,"AP0000044",142356028.476274,142.356028476274,655.642005291092,"Keeling_Cocos"
-12,-81000,"AP0000045",141937876.414931,141.937876414931,655.642005291092,"Keeling_Cocos"
-12,-82000,"AP0000045",141937876.414931,141.937876414931,655.642005291092,"Keeling_Cocos"
-13,-83000,"AP0000044",142356028.476274,142.356028476274,655.642005291092,"Keeling_Cocos"
-15,-84000,"AP0000042",143401517.148753,143.401517148753,655.642005291092,"Keeling_Cocos"
-19,-85000,"AP0000046",145910755.339283,145.910755339283,655.642005291092,"Keeling_Cocos"
-26,-86000,"AP0000047",148838816.95024,148.83881695024,655.642005291092,"Keeling_Cocos"
-34,-87000,"AP0000048",152601162.620413,152.601162620413,655.642005291092,"Keeling_Cocos"
-43,-88000,"AP0000049",155528427.592819,155.528427592819,655.642005291092,"Keeling_Cocos"
-49,-89000,"AP0000050",158246219.702172,158.246219702172,655.642005291092,"Keeling_Cocos"
-52,-90000,"AP0000008",158873243.99535,158.87324399535,655.642005291092,"Keeling_Cocos"
-54,-91000,"AP0000051",159709611.089939,159.709611089939,655.642005291092,"Keeling_Cocos"
-55,-92000,"AP0000052",159918679.16101,159.918679161011,655.642005291092,"Keeling_Cocos"
-55,-93000,"AP0000052",159918679.16101,159.918679161011,655.642005291092,"Keeling_Cocos"
-56,-94000,"AP0000053",160127769.379307,160.127769379307,655.642005291092,"Keeling_Cocos"
-54,-95000,"AP0000051",159709611.089939,159.709611089939,655.642005291092,"Keeling_Cocos"
-46,-96000,"AP0000054",156991879.991364,156.991879991364,655.642005291092,"Keeling_Cocos"
-35,-97000,"AP0000055",153437585.096953,153.437585096953,655.642005291092,"Keeling_Cocos"
-24,-98000,"AP0000006",148211627.09811,148.21162709811,655.642005291092,"Keeling_Cocos"
-16,-99000,"AP0000056",144028616.205762,144.028616205762,655.642005291092,"Keeling_Cocos"
-12,-1e+05,"AP0000045",141937876.414931,141.937876414931,655.642005291092,"Keeling_Cocos"
-10,-101000,"AP0000057",140056094.502471,140.056094502471,655.642005291092,"Keeling_Cocos"
-10,-102000,"AP0000057",140056094.502471,140.056094502471,655.642005291092,"Keeling_Cocos"
-9,-103000,"AP0000058",139010031.86973,139.01003186973,655.642005291092,"Keeling_Cocos"
-8,-104000,"AP0000059",137964380.526835,137.964380526835,655.642005291092,"Keeling_Cocos"
-10,-105000,"AP0000057",140056094.502471,140.056094502471,655.642005291092,"Keeling_Cocos"
-16,-106000,"AP0000056",144028616.205762,144.028616205762,655.642005291092,"Keeling_Cocos"
-26,-107000,"AP0000047",148838816.95024,148.83881695024,655.642005291092,"Keeling_Cocos"
-31,-108000,"AP0000060",151974288.648412,151.974288648412,655.642005291092,"Keeling_Cocos"
-33,-109000,"AP0000061",152601162.620413,152.601162620413,655.642005291092,"Keeling_Cocos"
-33,-110000,"AP0000061",152601162.620413,152.601162620413,655.642005291092,"Keeling_Cocos"
-32,-111000,"AP0000062",152183110.896617,152.183110896617,655.642005291092,"Keeling_Cocos"
-32,-112000,"AP0000062",152183110.896617,152.183110896617,655.642005291092,"Keeling_Cocos"
-27,-113000,"AP0000063",149884313.84025,149.88431384025,655.642005291092,"Keeling_Cocos"
-16,-114000,"AP0000056",144028616.205762,144.028616205762,655.642005291092,"Keeling_Cocos"
-6,-115000,"AP0000064",107442670.098573,107.442670098573,655.642005291092,"Keeling_Cocos"
0,-116000,"AP0000000",14213699.8939412,14.2136998939412,655.642005291092,"Keeling_Cocos"
3,-117000,"AP0000065",14004422.8432461,14.0044228432461,655.642005291092,"Keeling_Cocos"
5,-118000,"AP0000066",13795420.1331574,13.7954201331574,655.642005291092,"Keeling_Cocos"
7,-119000,"AP0000067",11286979.147011,11.286979147011,655.642005291092,"Keeling_Cocos"
9,-120000,"AP0000068",8151673.65408432,8.15167365408433,655.642005291092,"Keeling_Cocos"
10,-121000,"AP0000069",6479497.30300987,6.47949730300987,655.642005291092,"Keeling_Cocos"
10,-122000,"AP0000069",6479497.30300987,6.47949730300987,655.642005291092,"Keeling_Cocos"
10,-123000,"AP0000069",6479497.30300987,6.47949730300987,655.642005291092,"Keeling_Cocos"
9,-124000,"AP0000068",8151673.65408432,8.15167365408433,655.642005291092,"Keeling_Cocos"
9,-125000,"AP0000068",8151673.65408432,8.15167365408433,655.642005291092,"Keeling_Cocos"
10,-126000,"AP0000069",6479497.30300987,6.47949730300987,655.642005291092,"Keeling_Cocos"
12,-127000,"AP0000070",2299195.88192344,2.29919588192344,655.642005291092,"Keeling_Cocos"
10,-128000,"AP0000069",6479497.30300987,6.47949730300987,655.642005291092,"Keeling_Cocos"
-3,-129000,"AP0000003",89464001.2384719,89.4640012384719,655.642005291092,"Keeling_Cocos"
-27,-130000,"AP0000063",149884313.84025,149.88431384025,655.642005291092,"Keeling_Cocos"
-28,-131000,"AP0000071",150302502.35996,150.30250235996,655.642005291092,"Keeling_Cocos"
-26,-132000,"AP0000047",148838816.95024,148.83881695024,655.642005291092,"Keeling_Cocos"
-24,-133000,"AP0000006",148211627.09811,148.21162709811,655.642005291092,"Keeling_Cocos"
-22,-134000,"AP0000072",146956395.944101,146.956395944101,655.642005291092,"Keeling_Cocos"
-20,-135000,"AP0000040",146119834.547089,146.119834547089,655.642005291092,"Keeling_Cocos"
-18,-136000,"AP0000073",145283409.666875,145.283409666875,655.642005291092,"Keeling_Cocos"
-19,-137000,"AP0000046",145910755.339283,145.910755339283,655.642005291092,"Keeling_Cocos"
-22,-138000,"AP0000072",146956395.944101,146.956395944101,655.642005291092,"Keeling_Cocos"
-28,-139000,"AP0000071",150302502.35996,150.30250235996,655.642005291092,"Keeling_Cocos"
-44,-140000,"AP0000074",155737709.318248,155.737709318248,655.642005291092,"Keeling_Cocos"
0,0,"AP0000000",272504985.250009,272.504985250009,741.583541120575,"Guadalupe"
-1,-1000,"AP0000001",300224301.472293,300.224301472293,741.583541120575,"Guadalupe"
-2,-2000,"AP0000002",300224301.472293,300.224301472293,741.583541120575,"Guadalupe"
-3,-3000,"AP0000003",300411778.029422,300.411778029422,741.583541120575,"Guadalupe"
-3,-4000,"AP0000003",300411778.029422,300.411778029422,741.583541120575,"Guadalupe"
-3,-5000,"AP0000003",300411778.029422,300.411778029422,741.583541120575,"Guadalupe"
-4,-6000,"AP0000004",300599017.106166,300.599017106166,741.583541120575,"Guadalupe"
-4,-7000,"AP0000004",300599017.106166,300.599017106166,741.583541120575,"Guadalupe"
-11,-8000,"AP0000005",302285861.520544,302.285861520544,741.583541120575,"Guadalupe"
-24,-9000,"AP0000006",305286073.311922,305.286073311922,741.583541120575,"Guadalupe"
-38,-10000,"AP0000007",310722728.566311,310.722728566311,741.583541120575,"Guadalupe"
-52,-11000,"AP0000008",316908768.804519,316.908768804519,741.583541120575,"Guadalupe"
-65,-12000,"AP0000009",325913371.258076,325.913371258076,741.583541120575,"Guadalupe"
-76,-13000,"AP0000010",332291339.456156,332.291339456156,741.583541120575,"Guadalupe"
-85,-14000,"AP0000011",341108011.12965,341.10801112965,741.583541120575,"Guadalupe"
-93,-15000,"AP0000012",350672873.545018,350.672873545018,741.583541120575,"Guadalupe"
-102,-16000,"AP0000013",362303109.901862,362.303109901862,741.583541120575,"Guadalupe"
-109,-17000,"AP0000014",372430058.690717,372.430058690717,741.583541120575,"Guadalupe"
-116,-18000,"AP0000015",382933957.295926,382.933957295926,741.583541120575,"Guadalupe"
-121,-19000,"AP0000016",387248396.77099,387.24839677099,741.583541120575,"Guadalupe"
-123,-20000,"AP0000017",390061349.501768,390.061349501768,741.583541120575,"Guadalupe"
-122,-21000,"AP0000018",387810817.091316,387.810817091316,741.583541120575,"Guadalupe"
-118,-22000,"AP0000019",384996490.187613,384.996490187613,741.583541120575,"Guadalupe"
-112,-23000,"AP0000020",377869539.913235,377.869539913235,741.583541120575,"Guadalupe"
-105,-24000,"AP0000021",365677342.431188,365.677342431188,741.583541120575,"Guadalupe"
-98,-25000,"AP0000022",357050276.015292,357.050276015292,741.583541120575,"Guadalupe"
-93,-26000,"AP0000012",350672873.545018,350.672873545018,741.583541120575,"Guadalupe"
-90,-27000,"AP0000023",345046704.678174,345.046704678174,741.583541120575,"Guadalupe"
-87,-28000,"AP0000024",342608620.275381,342.608620275381,741.583541120575,"Guadalupe"
-84,-29000,"AP0000025",340169792.046921,340.169792046921,741.583541120575,"Guadalupe"
-81,-30000,"AP0000026",336043649.265815,336.043649265815,741.583541120575,"Guadalupe"
-79,-31000,"AP0000027",334729931.854383,334.729931854383,741.583541120575,"Guadalupe"
-76,-32000,"AP0000010",332291339.456156,332.291339456156,741.583541120575,"Guadalupe"
-75,-33000,"AP0000028",331165655.425656,331.165655425656,741.583541120575,"Guadalupe"
-73,-34000,"AP0000029",329666032.77294,329.66603277294,741.583541120575,"Guadalupe"
-72,-35000,"AP0000030",329102973.614554,329.102973614554,741.583541120575,"Guadalupe"
-72,-36000,"AP0000030",329102973.614554,329.102973614554,741.583541120575,"Guadalupe"
-72,-37000,"AP0000030",329102973.614554,329.102973614554,741.583541120575,"Guadalupe"
-72,-38000,"AP0000030",329102973.614554,329.102973614554,741.583541120575,"Guadalupe"
-74,-39000,"AP0000031",330790745.053329,330.790745053329,741.583541120575,"Guadalupe"
-76,-40000,"AP0000010",332291339.456156,332.291339456156,741.583541120575,"Guadalupe"
-78,-41000,"AP0000032",333979894.235756,333.979894235756,741.583541120575,"Guadalupe"
-80,-42000,"AP0000033",335292913.863261,335.292913863261,741.583541120575,"Guadalupe"
-82,-43000,"AP0000034",337919067.104164,337.919067104164,741.583541120575,"Guadalupe"
-84,-44000,"AP0000025",340169792.046921,340.169792046921,741.583541120575,"Guadalupe"
-85,-45000,"AP0000011",341108011.12965,341.10801112965,741.583541120575,"Guadalupe"
-86,-46000,"AP0000035",342233513.513197,342.233513513197,741.583541120575,"Guadalupe"
-86,-47000,"AP0000035",342233513.513197,342.233513513197,741.583541120575,"Guadalupe"
-86,-48000,"AP0000035",342233513.513197,342.233513513197,741.583541120575,"Guadalupe"
-86,-49000,"AP0000035",342233513.513197,342.233513513197,741.583541120575,"Guadalupe"
-86,-50000,"AP0000035",342233513.513197,342.233513513197,741.583541120575,"Guadalupe"
-86,-51000,"AP0000035",342233513.513197,342.233513513197,741.583541120575,"Guadalupe"
-85,-52000,"AP0000011",341108011.12965,341.10801112965,741.583541120575,"Guadalupe"
-85,-53000,"AP0000011",341108011.12965,341.10801112965,741.583541120575,"Guadalupe"
-85,-54000,"AP0000011",341108011.12965,341.10801112965,741.583541120575,"Guadalupe"
-84,-55000,"AP0000025",340169792.046921,340.169792046921,741.583541120575,"Guadalupe"
-83,-56000,"AP0000036",338481458.419125,338.481458419125,741.583541120575,"Guadalupe"
-82,-57000,"AP0000034",337919067.104164,337.919067104164,741.583541120575,"Guadalupe"
-80,-58000,"AP0000033",335292913.863261,335.292913863261,741.583541120575,"Guadalupe"
-79,-59000,"AP0000027",334729931.854383,334.729931854383,741.583541120575,"Guadalupe"
-78,-60000,"AP0000032",333979894.235756,333.979894235756,741.583541120575,"Guadalupe"
-77,-61000,"AP0000037",333041892.065585,333.041892065585,741.583541120575,"Guadalupe"
-77,-62000,"AP0000037",333041892.065585,333.041892065585,741.583541120575,"Guadalupe"
-77,-63000,"AP0000037",333041892.065585,333.041892065585,741.583541120575,"Guadalupe"
-78,-64000,"AP0000032",333979894.235756,333.979894235756,741.583541120575,"Guadalupe"
-79,-65000,"AP0000027",334729931.854383,334.729931854383,741.583541120575,"Guadalupe"
-81,-66000,"AP0000026",336043649.265815,336.043649265815,741.583541120575,"Guadalupe"
-82,-67000,"AP0000034",337919067.104164,337.919067104164,741.583541120575,"Guadalupe"
-82,-68000,"AP0000034",337919067.104164,337.919067104164,741.583541120575,"Guadalupe"
-81,-69000,"AP0000026",336043649.265815,336.043649265815,741.583541120575,"Guadalupe"
-80,-70000,"AP0000033",335292913.863261,335.292913863261,741.583541120575,"Guadalupe"
-81,-71000,"AP0000026",336043649.265815,336.043649265815,741.583541120575,"Guadalupe"
-83,-72000,"AP0000036",338481458.419125,338.481458419125,741.583541120575,"Guadalupe"
-72,-73000,"AP0000030",329102973.614554,329.102973614554,741.583541120575,"Guadalupe"
-48,-74000,"AP0000038",314845987.693666,314.845987693666,741.583541120575,"Guadalupe"
-29,-75000,"AP0000039",306786094.002277,306.786094002277,741.583541120575,"Guadalupe"
-20,-76000,"AP0000040",304347587.044348,304.347587044348,741.583541120575,"Guadalupe"
-17,-77000,"AP0000041",303784825.058645,303.784825058645,741.583541120575,"Guadalupe"
-15,-78000,"AP0000042",303409577.777058,303.409577777058,741.583541120575,"Guadalupe"
-14,-79000,"AP0000043",303222133.756155,303.222133756155,741.583541120575,"Guadalupe"
-13,-80000,"AP0000044",303034934.788595,303.034934788595,741.583541120575,"Guadalupe"
-12,-81000,"AP0000045",302660357.237591,302.660357237591,741.583541120575,"Guadalupe"
-12,-82000,"AP0000045",302660357.237591,302.660357237591,741.583541120575,"Guadalupe"
-13,-83000,"AP0000044",303034934.788595,303.034934788595,741.583541120575,"Guadalupe"
-15,-84000,"AP0000042",303409577.777058,303.409577777058,741.583541120575,"Guadalupe"
-19,-85000,"AP0000046",304159806.361597,304.159806361597,741.583541120575,"Guadalupe"
-26,-86000,"AP0000047",305849015.722382,305.849015722382,741.583541120575,"Guadalupe"
-34,-87000,"AP0000048",308846823.130217,308.846823130217,741.583541120575,"Guadalupe"
-43,-88000,"AP0000049",312035113.680324,312.035113680324,741.583541120575,"Guadalupe"
-49,-89000,"AP0000050",314845987.693666,314.845987693666,741.583541120575,"Guadalupe"
-52,-90000,"AP0000008",316908768.804519,316.908768804519,741.583541120575,"Guadalupe"
-54,-91000,"AP0000051",318033552.259662,318.033552259662,741.583541120575,"Guadalupe"
-55,-92000,"AP0000052",318408322.252144,318.408322252144,741.583541120575,"Guadalupe"
-55,-93000,"AP0000052",318408322.252144,318.408322252144,741.583541120575,"Guadalupe"
-56,-94000,"AP0000053",319158475.767668,319.158475767668,741.583541120575,"Guadalupe"
-54,-95000,"AP0000051",318033552.259662,318.033552259662,741.583541120575,"Guadalupe"
-46,-96000,"AP0000054",313721573.350158,313.721573350158,741.583541120575,"Guadalupe"
-35,-97000,"AP0000055",309409841.97836,309.40984197836,741.583541120575,"Guadalupe"
-24,-98000,"AP0000006",305286073.311922,305.286073311922,741.583541120575,"Guadalupe"
-16,-99000,"AP0000056",303597333.69263,303.59733369263,741.583541120575,"Guadalupe"
-12,-1e+05,"AP0000045",302660357.237591,302.660357237591,741.583541120575,"Guadalupe"
-10,-101000,"AP0000057",301723568.753788,301.723568753788,741.583541120575,"Guadalupe"
-10,-102000,"AP0000057",301723568.753788,301.723568753788,741.583541120575,"Guadalupe"
-9,-103000,"AP0000058",301536084.79172,301.53608479172,741.583541120575,"Guadalupe"
-8,-104000,"AP0000059",301348472.193712,301.348472193712,741.583541120575,"Guadalupe"
-10,-105000,"AP0000057",301723568.753788,301.723568753788,741.583541120575,"Guadalupe"
-16,-106000,"AP0000056",303597333.69263,303.59733369263,741.583541120575,"Guadalupe"
-26,-107000,"AP0000047",305849015.722382,305.849015722382,741.583541120575,"Guadalupe"
-31,-108000,"AP0000060",307535451.223986,307.535451223986,741.583541120575,"Guadalupe"
-33,-109000,"AP0000061",308659408.755384,308.659408755384,741.583541120575,"Guadalupe"
-33,-110000,"AP0000061",308659408.755384,308.659408755384,741.583541120575,"Guadalupe"
-32,-111000,"AP0000062",307722557.63825,307.72255763825,741.583541120575,"Guadalupe"
-32,-112000,"AP0000062",307722557.63825,307.72255763825,741.583541120575,"Guadalupe"
-27,-113000,"AP0000063",306036472.96534,306.03647296534,741.583541120575,"Guadalupe"
-16,-114000,"AP0000056",303597333.69263,303.59733369263,741.583541120575,"Guadalupe"
-6,-115000,"AP0000064",300974065.528362,300.974065528362,741.583541120575,"Guadalupe"
0,-116000,"AP0000000",272504985.250009,272.504985250009,741.583541120575,"Guadalupe"
3,-117000,"AP0000065",271193111.909861,271.193111909861,741.583541120575,"Guadalupe"
5,-118000,"AP0000066",268945171.085602,268.945171085602,741.583541120575,"Guadalupe"
7,-119000,"AP0000067",267820676.108278,267.820676108278,741.583541120575,"Guadalupe"
9,-120000,"AP0000068",266883962.820001,266.883962820001,741.583541120575,"Guadalupe"
10,-121000,"AP0000069",266883962.820001,266.883962820001,741.583541120575,"Guadalupe"
10,-122000,"AP0000069",266883962.820001,266.883962820001,741.583541120575,"Guadalupe"
10,-123000,"AP0000069",266883962.820001,266.883962820001,741.583541120575,"Guadalupe"
9,-124000,"AP0000068",266883962.820001,266.883962820001,741.583541120575,"Guadalupe"
9,-125000,"AP0000068",266883962.820001,266.883962820001,741.583541120575,"Guadalupe"
10,-126000,"AP0000069",266883962.820001,266.883962820001,741.583541120575,"Guadalupe"
12,-127000,"AP0000070",266134434.51315,266.134434513149,741.583541120575,"Guadalupe"
10,-128000,"AP0000069",266883962.820001,266.883962820001,741.583541120575,"Guadalupe"
-3,-129000,"AP0000003",300411778.029422,300.411778029422,741.583541120575,"Guadalupe"
-27,-130000,"AP0000063",306036472.96534,306.03647296534,741.583541120575,"Guadalupe"
-28,-131000,"AP0000071",306411548.964948,306.411548964948,741.583541120575,"Guadalupe"
-26,-132000,"AP0000047",305849015.722382,305.849015722382,741.583541120575,"Guadalupe"
-24,-133000,"AP0000006",305286073.311922,305.286073311922,741.583541120575,"Guadalupe"
-22,-134000,"AP0000072",304910544.080753,304.910544080753,741.583541120575,"Guadalupe"
-20,-135000,"AP0000040",304347587.044348,304.347587044348,741.583541120575,"Guadalupe"
-18,-136000,"AP0000073",303972034.379278,303.972034379278,741.583541120575,"Guadalupe"
-19,-137000,"AP0000046",304159806.361597,304.159806361597,741.583541120575,"Guadalupe"
-22,-138000,"AP0000072",304910544.080753,304.910544080753,741.583541120575,"Guadalupe"
-28,-139000,"AP0000071",306411548.964948,306.411548964948,741.583541120575,"Guadalupe"
-44,-140000,"AP0000074",312596606.01727,312.59660601727,741.583541120575,"Guadalupe"
0,0,"AP0000000",139816801.62293,139.81680162293,1726.21885489218,"Rodrigues"
-1,-1000,"AP0000001",145256945.080386,145.256945080386,1726.21885489218,"Rodrigues"
-2,-2000,"AP0000002",156741858.459288,156.741858459288,1726.21885489218,"Rodrigues"
-3,-3000,"AP0000003",264949488.276503,264.949488276503,1726.21885489218,"Rodrigues"
-3,-4000,"AP0000003",264949488.276503,264.949488276503,1726.21885489218,"Rodrigues"
-3,-5000,"AP0000003",264949488.276503,264.949488276503,1726.21885489218,"Rodrigues"
-4,-6000,"AP0000004",280259790.491067,280.259790491067,1726.21885489218,"Rodrigues"
-4,-7000,"AP0000004",280259790.491067,280.259790491067,1726.21885489218,"Rodrigues"
-11,-8000,"AP0000005",320958226.209351,320.958226209351,1726.21885489218,"Rodrigues"
-24,-9000,"AP0000006",371129067.157625,371.129067157625,1726.21885489218,"Rodrigues"
-38,-10000,"AP0000007",447091589.579338,447.091589579338,1726.21885489218,"Rodrigues"
-52,-11000,"AP0000008",581882479.057317,581.882479057317,1726.21885489218,"Rodrigues"
-65,-12000,"AP0000009",803305726.059444,803.305726059444,1726.21885489218,"Rodrigues"
-76,-13000,"AP0000010",902247182.078212,902.247182078212,1726.21885489218,"Rodrigues"
-85,-14000,"AP0000011",933876506.15758,933.87650615758,1726.21885489218,"Rodrigues"
-93,-15000,"AP0000012",959458779.111964,959.458779111964,1726.21885489218,"Rodrigues"
-102,-16000,"AP0000013",987458328.513211,987.458328513211,1726.21885489218,"Rodrigues"
-109,-17000,"AP0000014",1011426266.02219,1011.42626602219,1726.21885489218,"Rodrigues"
-116,-18000,"AP0000015",1027541436.74871,1027.54143674871,1726.21885489218,"Rodrigues"
-121,-19000,"AP0000016",1044054805.48215,1044.05480548215,1726.21885489218,"Rodrigues"
-123,-20000,"AP0000017",1049291506.74468,1049.29150674468,1726.21885489218,"Rodrigues"
-122,-21000,"AP0000018",1047075923.507,1047.075923507,1726.21885489218,"Rodrigues"
-118,-22000,"AP0000019",1033984830.24981,1033.98483024981,1726.21885489218,"Rodrigues"
-112,-23000,"AP0000020",1019081053.22931,1019.08105322931,1726.21885489218,"Rodrigues"
-105,-24000,"AP0000021",996924206.259091,996.924206259091,1726.21885489218,"Rodrigues"
-98,-25000,"AP0000022",975773889.204391,975.773889204391,1726.21885489218,"Rodrigues"
-93,-26000,"AP0000012",959458779.111964,959.458779111964,1726.21885489218,"Rodrigues"
-90,-27000,"AP0000023",950596175.646059,950.596175646059,1726.21885489218,"Rodrigues"
-87,-28000,"AP0000024",940322574.499679,940.322574499679,1726.21885489218,"Rodrigues"
-84,-29000,"AP0000025",929847943.623288,929.847943623288,1726.21885489218,"Rodrigues"
-81,-30000,"AP0000026",921587055.08682,921.58705508682,1726.21885489218,"Rodrigues"
-79,-31000,"AP0000027",912521788.24964,912.52178824964,1726.21885489218,"Rodrigues"
-76,-32000,"AP0000010",902247182.078212,902.247182078212,1726.21885489218,"Rodrigues"
-75,-33000,"AP0000028",897008880.151328,897.008880151328,1726.21885489218,"Rodrigues"
-73,-34000,"AP0000029",887943409.159105,887.943409159105,1726.21885489218,"Rodrigues"
-72,-35000,"AP0000030",882300443.442109,882.300443442109,1726.21885489218,"Rodrigues"
-72,-36000,"AP0000030",882300443.442109,882.300443442109,1726.21885489218,"Rodrigues"
-72,-37000,"AP0000030",882300443.442109,882.300443442109,1726.21885489218,"Rodrigues"
-72,-38000,"AP0000030",882300443.442109,882.300443442109,1726.21885489218,"Rodrigues"
-74,-39000,"AP0000031",892375975.549139,892.375975549139,1726.21885489218,"Rodrigues"
-76,-40000,"AP0000010",902247182.078212,902.247182078212,1726.21885489218,"Rodrigues"
-78,-41000,"AP0000032",910305691.658857,910.305691658857,1726.21885489218,"Rodrigues"
-80,-42000,"AP0000033",918565265.676109,918.565265676109,1726.21885489218,"Rodrigues"
-82,-43000,"AP0000034",925416046.818381,925.416046818381,1726.21885489218,"Rodrigues"
-84,-44000,"AP0000025",929847943.623288,929.847943623288,1726.21885489218,"Rodrigues"
-85,-45000,"AP0000011",933876506.15758,933.87650615758,1726.21885489218,"Rodrigues"
-86,-46000,"AP0000035",937300870.543812,937.300870543812,1726.21885489218,"Rodrigues"
-86,-47000,"AP0000035",937300870.543812,937.300870543812,1726.21885489218,"Rodrigues"
-86,-48000,"AP0000035",937300870.543812,937.300870543812,1726.21885489218,"Rodrigues"
-86,-49000,"AP0000035",937300870.543812,937.300870543812,1726.21885489218,"Rodrigues"
-86,-50000,"AP0000035",937300870.543812,937.300870543812,1726.21885489218,"Rodrigues"
-86,-51000,"AP0000035",937300870.543812,937.300870543812,1726.21885489218,"Rodrigues"
-85,-52000,"AP0000011",933876506.15758,933.87650615758,1726.21885489218,"Rodrigues"
-85,-53000,"AP0000011",933876506.15758,933.87650615758,1726.21885489218,"Rodrigues"
-85,-54000,"AP0000011",933876506.15758,933.87650615758,1726.21885489218,"Rodrigues"
-84,-55000,"AP0000025",929847943.623288,929.847943623288,1726.21885489218,"Rodrigues"
-83,-56000,"AP0000036",927834178.221486,927.834178221486,1726.21885489218,"Rodrigues"
-82,-57000,"AP0000034",925416046.818381,925.416046818381,1726.21885489218,"Rodrigues"
-80,-58000,"AP0000033",918565265.676109,918.565265676109,1726.21885489218,"Rodrigues"
-79,-59000,"AP0000027",912521788.24964,912.52178824964,1726.21885489218,"Rodrigues"
-78,-60000,"AP0000032",910305691.658857,910.305691658857,1726.21885489218,"Rodrigues"
-77,-61000,"AP0000037",905873352.69072,905.87335269072,1726.21885489218,"Rodrigues"
-77,-62000,"AP0000037",905873352.69072,905.87335269072,1726.21885489218,"Rodrigues"
-77,-63000,"AP0000037",905873352.69072,905.87335269072,1726.21885489218,"Rodrigues"
-78,-64000,"AP0000032",910305691.658857,910.305691658857,1726.21885489218,"Rodrigues"
-79,-65000,"AP0000027",912521788.24964,912.52178824964,1726.21885489218,"Rodrigues"
-81,-66000,"AP0000026",921587055.08682,921.58705508682,1726.21885489218,"Rodrigues"
-82,-67000,"AP0000034",925416046.818381,925.416046818381,1726.21885489218,"Rodrigues"
-82,-68000,"AP0000034",925416046.818381,925.416046818381,1726.21885489218,"Rodrigues"
-81,-69000,"AP0000026",921587055.08682,921.58705508682,1726.21885489218,"Rodrigues"
-80,-70000,"AP0000033",918565265.676109,918.565265676109,1726.21885489218,"Rodrigues"
-81,-71000,"AP0000026",921587055.08682,921.58705508682,1726.21885489218,"Rodrigues"
-83,-72000,"AP0000036",927834178.221486,927.834178221486,1726.21885489218,"Rodrigues"
-72,-73000,"AP0000030",882300443.442109,882.300443442109,1726.21885489218,"Rodrigues"
-48,-74000,"AP0000038",530504818.99931,530.50481899931,1726.21885489218,"Rodrigues"
-29,-75000,"AP0000039",391482510.267779,391.482510267779,1726.21885489218,"Rodrigues"
-20,-76000,"AP0000040",355816186.85728,355.81618685728,1726.21885489218,"Rodrigues"
-17,-77000,"AP0000041",342920600.29241,342.92060029241,1726.21885489218,"Rodrigues"
-15,-78000,"AP0000042",335264074.282384,335.264074282384,1726.21885489218,"Rodrigues"
-14,-79000,"AP0000043",331436307.032968,331.436307032968,1726.21885489218,"Rodrigues"
-13,-80000,"AP0000044",328413734.966228,328.413734966228,1726.21885489218,"Rodrigues"
-12,-81000,"AP0000045",324182397.033582,324.182397033582,1726.21885489218,"Rodrigues"
-12,-82000,"AP0000045",324182397.033582,324.182397033582,1726.21885489218,"Rodrigues"
-13,-83000,"AP0000044",328413734.966228,328.413734966228,1726.21885489218,"Rodrigues"
-15,-84000,"AP0000042",335264074.282384,335.264074282384,1726.21885489218,"Rodrigues"
-19,-85000,"AP0000046",351786688.945981,351.786688945981,1726.21885489218,"Rodrigues"
-26,-86000,"AP0000047",377779889.160786,377.779889160786,1726.21885489218,"Rodrigues"
-34,-87000,"AP0000048",420899719.690892,420.899719690892,1726.21885489218,"Rodrigues"
-43,-88000,"AP0000049",481546318.763936,481.546318763936,1726.21885489218,"Rodrigues"
-49,-89000,"AP0000050",541385636.996689,541.385636996689,1726.21885489218,"Rodrigues"
-52,-90000,"AP0000008",581882479.057317,581.882479057317,1726.21885489218,"Rodrigues"
-54,-91000,"AP0000051",614921882.190134,614.921882190134,1726.21885489218,"Rodrigues"
-55,-92000,"AP0000052",637084541.857086,637.084541857086,1726.21885489218,"Rodrigues"
-55,-93000,"AP0000052",637084541.857086,637.084541857086,1726.21885489218,"Rodrigues"
-56,-94000,"AP0000053",654812143.490853,654.812143490853,1726.21885489218,"Rodrigues"
-54,-95000,"AP0000051",614921882.190134,614.921882190134,1726.21885489218,"Rodrigues"
-46,-96000,"AP0000054",507938473.816381,507.938473816381,1726.21885489218,"Rodrigues"
-35,-97000,"AP0000055",426138382.676484,426.138382676484,1726.21885489218,"Rodrigues"
-24,-98000,"AP0000006",371129067.157625,371.129067157625,1726.21885489218,"Rodrigues"
-16,-99000,"AP0000056",339495491.180621,339.495491180621,1726.21885489218,"Rodrigues"
-12,-1e+05,"AP0000045",324182397.033582,324.182397033582,1726.21885489218,"Rodrigues"
-10,-101000,"AP0000057",317533352.553763,317.533352553763,1726.21885489218,"Rodrigues"
-10,-102000,"AP0000057",317533352.553763,317.533352553763,1726.21885489218,"Rodrigues"
-9,-103000,"AP0000058",311487521.61928,311.48752161928,1726.21885489218,"Rodrigues"
-8,-104000,"AP0000059",306853336.599138,306.853336599138,1726.21885489218,"Rodrigues"
-10,-105000,"AP0000057",317533352.553763,317.533352553763,1726.21885489218,"Rodrigues"
-16,-106000,"AP0000056",339495491.180621,339.495491180621,1726.21885489218,"Rodrigues"
-26,-107000,"AP0000047",377779889.160786,377.779889160786,1726.21885489218,"Rodrigues"
-31,-108000,"AP0000060",402362662.663123,402.362662663124,1726.21885489218,"Rodrigues"
-33,-109000,"AP0000061",414451739.696836,414.451739696836,1726.21885489218,"Rodrigues"
-33,-110000,"AP0000061",414451739.696836,414.451739696836,1726.21885489218,"Rodrigues"
-32,-111000,"AP0000062",408005000.774381,408.005000774381,1726.21885489218,"Rodrigues"
-32,-112000,"AP0000062",408005000.774381,408.005000774381,1726.21885489218,"Rodrigues"
-27,-113000,"AP0000063",382414392.638338,382.414392638338,1726.21885489218,"Rodrigues"
-16,-114000,"AP0000056",339495491.180621,339.495491180621,1726.21885489218,"Rodrigues"
-6,-115000,"AP0000064",296981069.031648,296.981069031648,1726.21885489218,"Rodrigues"
0,-116000,"AP0000000",139816801.62293,139.81680162293,1726.21885489218,"Rodrigues"
3,-117000,"AP0000065",132767872.403786,132.767872403786,1726.21885489218,"Rodrigues"
5,-118000,"AP0000066",128537780.939651,128.537780939651,1726.21885489218,"Rodrigues"
7,-119000,"AP0000067",123300259.190406,123.300259190406,1726.21885489218,"Rodrigues"
9,-120000,"AP0000068",119876032.127011,119.876032127011,1726.21885489218,"Rodrigues"
10,-121000,"AP0000069",117459154.060885,117.459154060885,1726.21885489218,"Rodrigues"
10,-122000,"AP0000069",117459154.060885,117.459154060885,1726.21885489218,"Rodrigues"
10,-123000,"AP0000069",117459154.060885,117.459154060885,1726.21885489218,"Rodrigues"
9,-124000,"AP0000068",119876032.127011,119.876032127011,1726.21885489218,"Rodrigues"
9,-125000,"AP0000068",119876032.127011,119.876032127011,1726.21885489218,"Rodrigues"
10,-126000,"AP0000069",117459154.060885,117.459154060885,1726.21885489218,"Rodrigues"
12,-127000,"AP0000070",114840008.132983,114.840008132983,1726.21885489218,"Rodrigues"
10,-128000,"AP0000069",117459154.060885,117.459154060885,1726.21885489218,"Rodrigues"
-3,-129000,"AP0000003",264949488.276503,264.949488276503,1726.21885489218,"Rodrigues"
-27,-130000,"AP0000063",382414392.638338,382.414392638338,1726.21885489218,"Rodrigues"
-28,-131000,"AP0000071",387049406.633353,387.049406633353,1726.21885489218,"Rodrigues"
-26,-132000,"AP0000047",377779889.160786,377.779889160786,1726.21885489218,"Rodrigues"
-24,-133000,"AP0000006",371129067.157625,371.129067157625,1726.21885489218,"Rodrigues"
-22,-134000,"AP0000072",362465076.149432,362.465076149432,1726.21885489218,"Rodrigues"
-20,-135000,"AP0000040",355816186.85728,355.81618685728,1726.21885489218,"Rodrigues"
-18,-136000,"AP0000073",346950299.149531,346.950299149531,1726.21885489218,"Rodrigues"
-19,-137000,"AP0000046",351786688.945981,351.786688945981,1726.21885489218,"Rodrigues"
-22,-138000,"AP0000072",362465076.149432,362.465076149432,1726.21885489218,"Rodrigues"
-28,-139000,"AP0000071",387049406.633353,387.049406633353,1726.21885489218,"Rodrigues"
-44,-140000,"AP0000074",489202118.14735,489.20211814735,1726.21885489218,"Rodrigues"
0,0,"AP0000000",176806758.021782,176.806758021782,520.281241826996,"Rapa_Nui"
-1,-1000,"AP0000001",197593738.397984,197.593738397984,520.281241826996,"Rapa_Nui"
-2,-2000,"AP0000002",197784397.757455,197.784397757455,520.281241826996,"Rapa_Nui"
-3,-3000,"AP0000003",197975093.681805,197.975093681805,520.281241826996,"Rapa_Nui"
-3,-4000,"AP0000003",197975093.681805,197.975093681805,520.281241826996,"Rapa_Nui"
-3,-5000,"AP0000003",197975093.681805,197.975093681805,520.281241826996,"Rapa_Nui"
-4,-6000,"AP0000004",198356468.532843,198.356468532843,520.281241826996,"Rapa_Nui"
-4,-7000,"AP0000004",198356468.532843,198.356468532843,520.281241826996,"Rapa_Nui"
-11,-8000,"AP0000005",200263231.315739,200.263231315739,520.281241826996,"Rapa_Nui"
-24,-9000,"AP0000006",204649160.329462,204.649160329462,520.281241826996,"Rapa_Nui"
-38,-10000,"AP0000007",208653170.299442,208.653170299442,520.281241826996,"Rapa_Nui"
-52,-11000,"AP0000008",213230097.538224,213.230097538224,520.281241826996,"Rapa_Nui"
-65,-12000,"AP0000009",218187974.646152,218.187974646152,520.281241826996,"Rapa_Nui"
-76,-13000,"AP0000010",223527627.803045,223.527627803045,520.281241826996,"Rapa_Nui"
-85,-14000,"AP0000011",226959356.066338,226.959356066338,520.281241826996,"Rapa_Nui"
-93,-15000,"AP0000012",231535189.284253,231.535189284253,520.281241826996,"Rapa_Nui"
-102,-16000,"AP0000013",235920464.226877,235.920464226877,520.281241826996,"Rapa_Nui"
-109,-17000,"AP0000014",240496975.904179,240.496975904179,520.281241826996,"Rapa_Nui"
-116,-18000,"AP0000015",243928617.391403,243.928617391403,520.281241826996,"Rapa_Nui"
-121,-19000,"AP0000016",246407106.698225,246.407106698226,520.281241826996,"Rapa_Nui"
-123,-20000,"AP0000017",247550832.8577,247.5508328577,520.281241826996,"Rapa_Nui"
-122,-21000,"AP0000018",246788325.459818,246.788325459818,520.281241826996,"Rapa_Nui"
-118,-22000,"AP0000019",244882011.385762,244.882011385762,520.281241826996,"Rapa_Nui"
-112,-23000,"AP0000020",241831623.964629,241.831623964629,520.281241826996,"Rapa_Nui"
-105,-24000,"AP0000021",237637066.000875,237.637066000875,520.281241826996,"Rapa_Nui"
-98,-25000,"AP0000022",234585961.15031,234.58596115031,520.281241826996,"Rapa_Nui"
-93,-26000,"AP0000012",231535189.284253,231.535189284253,520.281241826996,"Rapa_Nui"
-90,-27000,"AP0000023",229819263.510932,229.819263510932,520.281241826996,"Rapa_Nui"
-87,-28000,"AP0000024",228293859.697054,228.293859697054,520.281241826996,"Rapa_Nui"
-84,-29000,"AP0000025",226387519.924768,226.387519924768,520.281241826996,"Rapa_Nui"
-81,-30000,"AP0000026",226196914.555939,226.196914555939,520.281241826996,"Rapa_Nui"
-79,-31000,"AP0000027",225052915.274454,225.052915274454,520.281241826996,"Rapa_Nui"
-76,-32000,"AP0000010",223527627.803045,223.527627803045,520.281241826996,"Rapa_Nui"
-75,-33000,"AP0000028",222955569.674018,222.955569674018,520.281241826996,"Rapa_Nui"
-73,-34000,"AP0000029",222192728.924613,222.192728924613,520.281241826996,"Rapa_Nui"
-72,-35000,"AP0000030",222001898.381578,222.001898381578,520.281241826996,"Rapa_Nui"
-72,-36000,"AP0000030",222001898.381578,222.001898381578,520.281241826996,"Rapa_Nui"
-72,-37000,"AP0000030",222001898.381578,222.001898381578,520.281241826996,"Rapa_Nui"
-72,-38000,"AP0000030",222001898.381578,222.001898381578,520.281241826996,"Rapa_Nui"
-74,-39000,"AP0000031",222383381.320761,222.383381320761,520.281241826996,"Rapa_Nui"
-76,-40000,"AP0000010",223527627.803045,223.527627803045,520.281241826996,"Rapa_Nui"
-78,-41000,"AP0000032",224671567.172033,224.671567172033,520.281241826996,"Rapa_Nui"
-80,-42000,"AP0000033",225624722.884452,225.624722884452,520.281241826996,"Rapa_Nui"
-82,-43000,"AP0000034",226387519.924768,226.387519924768,520.281241826996,"Rapa_Nui"
-84,-44000,"AP0000025",226387519.924768,226.387519924768,520.281241826996,"Rapa_Nui"
-85,-45000,"AP0000011",226959356.066338,226.959356066338,520.281241826996,"Rapa_Nui"
-86,-46000,"AP0000035",227531037.82413,227.53103782413,520.281241826996,"Rapa_Nui"
-86,-47000,"AP0000035",227531037.82413,227.53103782413,520.281241826996,"Rapa_Nui"
-86,-48000,"AP0000035",227531037.82413,227.53103782413,520.281241826996,"Rapa_Nui"
-86,-49000,"AP0000035",227531037.82413,227.53103782413,520.281241826996,"Rapa_Nui"
-86,-50000,"AP0000035",227531037.82413,227.53103782413,520.281241826996,"Rapa_Nui"
-86,-51000,"AP0000035",227531037.82413,227.53103782413,520.281241826996,"Rapa_Nui"
-85,-52000,"AP0000011",226959356.066338,226.959356066338,520.281241826996,"Rapa_Nui"
-85,-53000,"AP0000011",226959356.066338,226.959356066338,520.281241826996,"Rapa_Nui"
-85,-54000,"AP0000011",226959356.066338,226.959356066338,520.281241826996,"Rapa_Nui"
-84,-55000,"AP0000025",226387519.924768,226.387519924768,520.281241826996,"Rapa_Nui"
-83,-56000,"AP0000036",226387519.924768,226.387519924768,520.281241826996,"Rapa_Nui"
-82,-57000,"AP0000034",226387519.924768,226.387519924768,520.281241826996,"Rapa_Nui"
-80,-58000,"AP0000033",225624722.884452,225.624722884452,520.281241826996,"Rapa_Nui"
-79,-59000,"AP0000027",225052915.274454,225.052915274454,520.281241826996,"Rapa_Nui"
-78,-60000,"AP0000032",224671567.172033,224.671567172033,520.281241826996,"Rapa_Nui"
-77,-61000,"AP0000037",224099422.328604,224.099422328604,520.281241826996,"Rapa_Nui"
-77,-62000,"AP0000037",224099422.328604,224.099422328604,520.281241826996,"Rapa_Nui"
-77,-63000,"AP0000037",224099422.328604,224.099422328604,520.281241826996,"Rapa_Nui"
-78,-64000,"AP0000032",224671567.172033,224.671567172033,520.281241826996,"Rapa_Nui"
-79,-65000,"AP0000027",225052915.274454,225.052915274454,520.281241826996,"Rapa_Nui"
-81,-66000,"AP0000026",226196914.555939,226.196914555939,520.281241826996,"Rapa_Nui"
-82,-67000,"AP0000034",226387519.924768,226.387519924768,520.281241826996,"Rapa_Nui"
-82,-68000,"AP0000034",226387519.924768,226.387519924768,520.281241826996,"Rapa_Nui"
-81,-69000,"AP0000026",226196914.555939,226.196914555939,520.281241826996,"Rapa_Nui"
-80,-70000,"AP0000033",225624722.884452,225.624722884452,520.281241826996,"Rapa_Nui"
-81,-71000,"AP0000026",226196914.555939,226.196914555939,520.281241826996,"Rapa_Nui"
-83,-72000,"AP0000036",226387519.924768,226.387519924768,520.281241826996,"Rapa_Nui"
-72,-73000,"AP0000030",222001898.381578,222.001898381578,520.281241826996,"Rapa_Nui"
-48,-74000,"AP0000038",211895191.345603,211.895191345603,520.281241826996,"Rapa_Nui"
-29,-75000,"AP0000039",205602565.816916,205.602565816916,520.281241826996,"Rapa_Nui"
-20,-76000,"AP0000040",202551715.544783,202.551715544783,520.281241826996,"Rapa_Nui"
-17,-77000,"AP0000041",201598024.92348,201.598024923481,520.281241826996,"Rapa_Nui"
-15,-78000,"AP0000042",201216608.012409,201.216608012409,520.281241826996,"Rapa_Nui"
-14,-79000,"AP0000043",201216608.012409,201.216608012409,520.281241826996,"Rapa_Nui"
-13,-80000,"AP0000044",200835380.277323,200.835380277323,520.281241826996,"Rapa_Nui"
-12,-81000,"AP0000045",200835380.277323,200.835380277323,520.281241826996,"Rapa_Nui"
-12,-82000,"AP0000045",200835380.277323,200.835380277323,520.281241826996,"Rapa_Nui"
-13,-83000,"AP0000044",200835380.277323,200.835380277323,520.281241826996,"Rapa_Nui"
-15,-84000,"AP0000042",201216608.012409,201.216608012409,520.281241826996,"Rapa_Nui"
-19,-85000,"AP0000046",202170274.66152,202.17027466152,520.281241826996,"Rapa_Nui"
-26,-86000,"AP0000047",205221349.877017,205.221349877017,520.281241826996,"Rapa_Nui"
-34,-87000,"AP0000048",206937238.482119,206.937238482119,520.281241826996,"Rapa_Nui"
-43,-88000,"AP0000049",209987980.394722,209.987980394722,520.281241826996,"Rapa_Nui"
-49,-89000,"AP0000050",212657955.41513,212.65795541513,520.281241826996,"Rapa_Nui"
-52,-90000,"AP0000008",213230097.538224,213.230097538224,520.281241826996,"Rapa_Nui"
-54,-91000,"AP0000051",213611515.30871,213.61151530871,520.281241826996,"Rapa_Nui"
-55,-92000,"AP0000052",213802174.894701,213.802174894701,520.281241826996,"Rapa_Nui"
-55,-93000,"AP0000052",213802174.894701,213.802174894701,520.281241826996,"Rapa_Nui"
-56,-94000,"AP0000053",214183521.853926,214.183521853926,520.281241826996,"Rapa_Nui"
-54,-95000,"AP0000051",213611515.30871,213.61151530871,520.281241826996,"Rapa_Nui"
-46,-96000,"AP0000054",210941710.507444,210.941710507444,520.281241826996,"Rapa_Nui"
-35,-97000,"AP0000055",207509078.10629,207.50907810629,520.281241826996,"Rapa_Nui"
-24,-98000,"AP0000006",204649160.329462,204.649160329462,520.281241826996,"Rapa_Nui"
-16,-99000,"AP0000056",201216608.012409,201.216608012409,520.281241826996,"Rapa_Nui"
-12,-1e+05,"AP0000045",200835380.277323,200.835380277323,520.281241826996,"Rapa_Nui"
-10,-101000,"AP0000057",199691131.401393,199.691131401393,520.281241826996,"Rapa_Nui"
-10,-102000,"AP0000057",199691131.401393,199.691131401393,520.281241826996,"Rapa_Nui"
-9,-103000,"AP0000058",199500620.745089,199.500620745089,520.281241826996,"Rapa_Nui"
-8,-104000,"AP0000059",199309960.931434,199.309960931434,520.281241826996,"Rapa_Nui"
-10,-105000,"AP0000057",199691131.401393,199.691131401393,520.281241826996,"Rapa_Nui"
-16,-106000,"AP0000056",201216608.012409,201.216608012409,520.281241826996,"Rapa_Nui"
-26,-107000,"AP0000047",205221349.877017,205.221349877017,520.281241826996,"Rapa_Nui"
-31,-108000,"AP0000060",205983842.740724,205.983842740724,520.281241826996,"Rapa_Nui"
-33,-109000,"AP0000061",206555813.662769,206.555813662769,520.281241826996,"Rapa_Nui"
-33,-110000,"AP0000061",206555813.662769,206.555813662769,520.281241826996,"Rapa_Nui"
-32,-111000,"AP0000062",206365174.3006,206.3651743006,520.281241826996,"Rapa_Nui"
-32,-112000,"AP0000062",206365174.3006,206.3651743006,520.281241826996,"Rapa_Nui"
-27,-113000,"AP0000063",205602565.816916,205.602565816916,520.281241826996,"Rapa_Nui"
-16,-114000,"AP0000056",201216608.012409,201.216608012409,520.281241826996,"Rapa_Nui"
-6,-115000,"AP0000064",198928572.449433,198.928572449433,520.281241826996,"Rapa_Nui"
0,-116000,"AP0000000",176806758.021782,176.806758021782,520.281241826996,"Rapa_Nui"
3,-117000,"AP0000065",176425522.453404,176.425522453404,520.281241826996,"Rapa_Nui"
5,-118000,"AP0000066",176044181.933444,176.044181933444,520.281241826996,"Rapa_Nui"
7,-119000,"AP0000067",175662945.06884,175.66294506884,520.281241826996,"Rapa_Nui"
9,-120000,"AP0000068",174709334.385878,174.709334385878,520.281241826996,"Rapa_Nui"
10,-121000,"AP0000069",173565120.766612,173.565120766612,520.281241826996,"Rapa_Nui"
10,-122000,"AP0000069",173565120.766612,173.565120766612,520.281241826996,"Rapa_Nui"
10,-123000,"AP0000069",173565120.766612,173.565120766612,520.281241826996,"Rapa_Nui"
9,-124000,"AP0000068",174709334.385878,174.709334385878,520.281241826996,"Rapa_Nui"
9,-125000,"AP0000068",174709334.385878,174.709334385878,520.281241826996,"Rapa_Nui"
10,-126000,"AP0000069",173565120.766612,173.565120766612,520.281241826996,"Rapa_Nui"
12,-127000,"AP0000070",171467285.84187,171.46728584187,520.281241826996,"Rapa_Nui"
10,-128000,"AP0000069",173565120.766612,173.565120766612,520.281241826996,"Rapa_Nui"
-3,-129000,"AP0000003",197975093.681805,197.975093681805,520.281241826996,"Rapa_Nui"
-27,-130000,"AP0000063",205602565.816916,205.602565816916,520.281241826996,"Rapa_Nui"
-28,-131000,"AP0000071",205602565.816916,205.602565816916,520.281241826996,"Rapa_Nui"
-26,-132000,"AP0000047",205221349.877017,205.221349877017,520.281241826996,"Rapa_Nui"
-24,-133000,"AP0000006",204649160.329462,204.649160329462,520.281241826996,"Rapa_Nui"
-22,-134000,"AP0000072",203505085.524576,203.505085524576,520.281241826996,"Rapa_Nui"
-20,-135000,"AP0000040",202551715.544783,202.551715544783,520.281241826996,"Rapa_Nui"
-18,-136000,"AP0000073",201788713.65665,201.78871365665,520.281241826996,"Rapa_Nui"
-19,-137000,"AP0000046",202170274.66152,202.17027466152,520.281241826996,"Rapa_Nui"
-22,-138000,"AP0000072",203505085.524576,203.505085524576,520.281241826996,"Rapa_Nui"
-28,-139000,"AP0000071",205602565.816916,205.602565816916,520.281241826996,"Rapa_Nui"
-44,-140000,"AP0000074",210369495.209749,210.369495209749,520.281241826996,"Rapa_Nui"
0,0,"AP0000000",248197644.840606,248.197644840606,434.900413211662,"Niue"
-1,-1000,"AP0000001",249410797.751185,249.410797751185,434.900413211662,"Niue"
-2,-2000,"AP0000002",249613009.91397,249.61300991397,434.900413211662,"Niue"
-3,-3000,"AP0000003",249613009.91397,249.61300991397,434.900413211662,"Niue"
-3,-4000,"AP0000003",249613009.91397,249.61300991397,434.900413211662,"Niue"
-3,-5000,"AP0000003",249613009.91397,249.61300991397,434.900413211662,"Niue"
-4,-6000,"AP0000004",249815341.131608,249.815341131608,434.900413211662,"Niue"
-4,-7000,"AP0000004",249815341.131608,249.815341131608,434.900413211662,"Niue"
-11,-8000,"AP0000005",252849026.408664,252.849026408664,434.900413211662,"Niue"
-24,-9000,"AP0000006",256287753.325174,256.287753325174,434.900413211662,"Niue"
-38,-10000,"AP0000007",260940058.84637,260.94005884637,434.900413211662,"Niue"
-52,-11000,"AP0000008",264580515.343831,264.580515343831,434.900413211662,"Niue"
-65,-12000,"AP0000009",267210068.408158,267.210068408158,434.900413211662,"Niue"
-76,-13000,"AP0000010",268423586.145223,268.423586145223,434.900413211662,"Niue"
-85,-14000,"AP0000011",269030419.821216,269.030419821216,434.900413211662,"Niue"
-93,-15000,"AP0000012",270041855.428585,270.041855428585,434.900413211662,"Niue"
-102,-16000,"AP0000013",271255789.971047,271.255789971047,434.900413211662,"Niue"
-109,-17000,"AP0000014",272267237.942832,272.267237942832,434.900413211662,"Niue"
-116,-18000,"AP0000015",273278360.612192,273.278360612192,434.900413211662,"Niue"
-121,-19000,"AP0000016",273278360.612192,273.278360612192,434.900413211662,"Niue"
-123,-20000,"AP0000017",273480639.62195,273.48063962195,434.900413211662,"Niue"
-122,-21000,"AP0000018",273278360.612192,273.278360612192,434.900413211662,"Niue"
-118,-22000,"AP0000019",273278360.612192,273.278360612192,434.900413211662,"Niue"
-112,-23000,"AP0000020",272873926.345009,272.873926345009,434.900413211662,"Niue"
-105,-24000,"AP0000021",271457982.23275,271.45798223275,434.900413211662,"Niue"
-98,-25000,"AP0000022",271053436.6918,271.0534366918,434.900413211662,"Niue"
-93,-26000,"AP0000012",270041855.428585,270.041855428585,434.900413211662,"Niue"
-90,-27000,"AP0000023",269434873.950521,269.434873950521,434.900413211662,"Niue"
-87,-28000,"AP0000024",269434873.950521,269.434873950521,434.900413211662,"Niue"
-84,-29000,"AP0000025",268828045.226195,268.828045226195,434.900413211662,"Niue"
-81,-30000,"AP0000026",268828045.226195,268.828045226195,434.900413211662,"Niue"
-79,-31000,"AP0000027",268423586.145223,268.423586145223,434.900413211662,"Niue"
-76,-32000,"AP0000010",268423586.145223,268.423586145223,434.900413211662,"Niue"
-75,-33000,"AP0000028",268221324.302162,268.221324302162,434.900413211662,"Niue"
-73,-34000,"AP0000029",267816911.149503,267.816911149503,434.900413211662,"Niue"
-72,-35000,"AP0000030",267816911.149503,267.816911149503,434.900413211662,"Niue"
-72,-36000,"AP0000030",267816911.149503,267.816911149503,434.900413211662,"Niue"
-72,-37000,"AP0000030",267816911.149503,267.816911149503,434.900413211662,"Niue"
-72,-38000,"AP0000030",267816911.149503,267.816911149503,434.900413211662,"Niue"
-74,-39000,"AP0000031",268221324.302162,268.221324302162,434.900413211662,"Niue"
-76,-40000,"AP0000010",268423586.145223,268.423586145223,434.900413211662,"Niue"
-78,-41000,"AP0000032",268423586.145223,268.423586145223,434.900413211662,"Niue"
-80,-42000,"AP0000033",268625847.987917,268.625847987917,434.900413211662,"Niue"
-82,-43000,"AP0000034",268828045.226195,268.828045226195,434.900413211662,"Niue"
-84,-44000,"AP0000025",268828045.226195,268.828045226195,434.900413211662,"Niue"
-85,-45000,"AP0000011",269030419.821216,269.030419821216,434.900413211662,"Niue"
-86,-46000,"AP0000035",269434873.950521,269.434873950521,434.900413211662,"Niue"
-86,-47000,"AP0000035",269434873.950521,269.434873950521,434.900413211662,"Niue"
-86,-48000,"AP0000035",269434873.950521,269.434873950521,434.900413211662,"Niue"
-86,-49000,"AP0000035",269434873.950521,269.434873950521,434.900413211662,"Niue"
-86,-50000,"AP0000035",269434873.950521,269.434873950521,434.900413211662,"Niue"
-86,-51000,"AP0000035",269434873.950521,269.434873950521,434.900413211662,"Niue"
-85,-52000,"AP0000011",269030419.821216,269.030419821216,434.900413211662,"Niue"
-85,-53000,"AP0000011",269030419.821216,269.030419821216,434.900413211662,"Niue"
-85,-54000,"AP0000011",269030419.821216,269.030419821216,434.900413211662,"Niue"
-84,-55000,"AP0000025",268828045.226195,268.828045226195,434.900413211662,"Niue"
-83,-56000,"AP0000036",268828045.226195,268.828045226195,434.900413211662,"Niue"
-82,-57000,"AP0000034",268828045.226195,268.828045226195,434.900413211662,"Niue"
-80,-58000,"AP0000033",268625847.987917,268.625847987917,434.900413211662,"Niue"
-79,-59000,"AP0000027",268423586.145223,268.423586145223,434.900413211662,"Niue"
-78,-60000,"AP0000032",268423586.145223,268.423586145223,434.900413211662,"Niue"
-77,-61000,"AP0000037",268423586.145223,268.423586145223,434.900413211662,"Niue"
-77,-62000,"AP0000037",268423586.145223,268.423586145223,434.900413211662,"Niue"
-77,-63000,"AP0000037",268423586.145223,268.423586145223,434.900413211662,"Niue"
-78,-64000,"AP0000032",268423586.145223,268.423586145223,434.900413211662,"Niue"
-79,-65000,"AP0000027",268423586.145223,268.423586145223,434.900413211662,"Niue"
-81,-66000,"AP0000026",268828045.226195,268.828045226195,434.900413211662,"Niue"
-82,-67000,"AP0000034",268828045.226195,268.828045226195,434.900413211662,"Niue"
-82,-68000,"AP0000034",268828045.226195,268.828045226195,434.900413211662,"Niue"
-81,-69000,"AP0000026",268828045.226195,268.828045226195,434.900413211662,"Niue"
-80,-70000,"AP0000033",268625847.987917,268.625847987917,434.900413211662,"Niue"
-81,-71000,"AP0000026",268828045.226195,268.828045226195,434.900413211662,"Niue"
-83,-72000,"AP0000036",268828045.226195,268.828045226195,434.900413211662,"Niue"
-72,-73000,"AP0000030",267816911.149503,267.816911149503,434.900413211662,"Niue"
-48,-74000,"AP0000038",263366881.862177,263.366881862177,434.900413211662,"Niue"
-29,-75000,"AP0000039",257703898.314479,257.70389831448,434.900413211662,"Niue"
-20,-76000,"AP0000040",255478638.187594,255.478638187594,434.900413211662,"Niue"
-17,-77000,"AP0000041",254872009.046283,254.872009046283,434.900413211662,"Niue"
-15,-78000,"AP0000042",254265023.198744,254.265023198744,434.900413211662,"Niue"
-14,-79000,"AP0000043",254062809.219439,254.062809219439,434.900413211662,"Niue"
-13,-80000,"AP0000044",253658405.205432,253.658405205432,434.900413211662,"Niue"
-12,-81000,"AP0000045",253051332.873236,253.051332873236,434.900413211662,"Niue"
-12,-82000,"AP0000045",253051332.873236,253.051332873236,434.900413211662,"Niue"
-13,-83000,"AP0000044",253658405.205432,253.658405205432,434.900413211662,"Niue"
-15,-84000,"AP0000042",254265023.198744,254.265023198744,434.900413211662,"Niue"
-19,-85000,"AP0000046",255276475.809646,255.276475809646,434.900413211662,"Niue"
-26,-86000,"AP0000047",256489955.142784,256.489955142784,434.900413211662,"Niue"
-34,-87000,"AP0000048",259524112.342734,259.524112342734,434.900413211662,"Niue"
-43,-88000,"AP0000049",262153464.905442,262.153464905442,434.900413211662,"Niue"
-49,-89000,"AP0000050",263771509.627359,263.771509627359,434.900413211662,"Niue"
-52,-90000,"AP0000008",264580515.343831,264.580515343831,434.900413211662,"Niue"
-54,-91000,"AP0000051",264580515.343831,264.580515343831,434.900413211662,"Niue"
-55,-92000,"AP0000052",264782689.579694,264.782689579694,434.900413211662,"Niue"
-55,-93000,"AP0000052",264782689.579694,264.782689579694,434.900413211662,"Niue"
-56,-94000,"AP0000053",265187112.249871,265.187112249872,434.900413211662,"Niue"
-54,-95000,"AP0000051",264580515.343831,264.580515343831,434.900413211662,"Niue"
-46,-96000,"AP0000054",262760337.741939,262.760337741939,434.900413211662,"Niue"
-35,-97000,"AP0000055",259524112.342734,259.524112342734,434.900413211662,"Niue"
-24,-98000,"AP0000006",256287753.325174,256.287753325174,434.900413211662,"Niue"
-16,-99000,"AP0000056",254467359.363836,254.467359363836,434.900413211662,"Niue"
-12,-1e+05,"AP0000045",253051332.873236,253.051332873236,434.900413211662,"Niue"
-10,-101000,"AP0000057",252849026.408664,252.849026408664,434.900413211662,"Niue"
-10,-102000,"AP0000057",252849026.408664,252.849026408664,434.900413211662,"Niue"
-9,-103000,"AP0000058",251837921.944235,251.837921944235,434.900413211662,"Niue"
-8,-104000,"AP0000059",251635739.639937,251.635739639937,434.900413211662,"Niue"
-10,-105000,"AP0000057",252849026.408664,252.849026408664,434.900413211662,"Niue"
-16,-106000,"AP0000056",254467359.363836,254.467359363836,434.900413211662,"Niue"
-26,-107000,"AP0000047",256489955.142784,256.489955142784,434.900413211662,"Niue"
-31,-108000,"AP0000060",258512888.813614,258.512888813614,434.900413211662,"Niue"
-33,-109000,"AP0000061",259321966.005774,259.321966005774,434.900413211662,"Niue"
-33,-110000,"AP0000061",259321966.005774,259.321966005774,434.900413211662,"Niue"
-32,-111000,"AP0000062",258917493.969727,258.917493969727,434.900413211662,"Niue"
-32,-112000,"AP0000062",258917493.969727,258.917493969727,434.900413211662,"Niue"
-27,-113000,"AP0000063",256894386.577344,256.894386577344,434.900413211662,"Niue"
-16,-114000,"AP0000056",254467359.363836,254.467359363836,434.900413211662,"Niue"
-6,-115000,"AP0000064",251028949.791793,251.028949791793,434.900413211662,"Niue"
0,-116000,"AP0000000",248197644.840606,248.197644840606,434.900413211662,"Niue"
3,-117000,"AP0000065",248197644.840606,248.197644840606,434.900413211662,"Niue"
5,-118000,"AP0000066",248197644.840606,248.197644840606,434.900413211662,"Niue"
7,-119000,"AP0000067",248197644.840606,248.197644840606,434.900413211662,"Niue"
9,-120000,"AP0000068",248197644.840606,248.197644840606,434.900413211662,"Niue"
10,-121000,"AP0000069",248197644.840606,248.197644840606,434.900413211662,"Niue"
10,-122000,"AP0000069",248197644.840606,248.197644840606,434.900413211662,"Niue"
10,-123000,"AP0000069",248197644.840606,248.197644840606,434.900413211662,"Niue"
9,-124000,"AP0000068",248197644.840606,248.197644840606,434.900413211662,"Niue"
9,-125000,"AP0000068",248197644.840606,248.197644840606,434.900413211662,"Niue"
10,-126000,"AP0000069",248197644.840606,248.197644840606,434.900413211662,"Niue"
12,-127000,"AP0000070",248197644.840606,248.197644840606,434.900413211662,"Niue"
10,-128000,"AP0000069",248197644.840606,248.197644840606,434.900413211662,"Niue"
-3,-129000,"AP0000003",249613009.91397,249.61300991397,434.900413211662,"Niue"
-27,-130000,"AP0000063",256894386.577344,256.894386577344,434.900413211662,"Niue"
-28,-131000,"AP0000071",257501581.945522,257.501581945522,434.900413211662,"Niue"
-26,-132000,"AP0000047",256489955.142784,256.489955142784,434.900413211662,"Niue"
-24,-133000,"AP0000006",256287753.325174,256.287753325174,434.900413211662,"Niue"
-22,-134000,"AP0000072",255680830.448933,255.680830448933,434.900413211662,"Niue"
-20,-135000,"AP0000040",255478638.187594,255.478638187594,434.900413211662,"Niue"
-18,-136000,"AP0000073",255074223.894144,255.074223894144,434.900413211662,"Niue"
-19,-137000,"AP0000046",255276475.809646,255.276475809646,434.900413211662,"Niue"
-22,-138000,"AP0000072",255680830.448933,255.680830448933,434.900413211662,"Niue"
-28,-139000,"AP0000071",257501581.945522,257.501581945522,434.900413211662,"Niue"
-44,-140000,"AP0000074",262355736.671482,262.355736671482,434.900413211662,"Niue"
0,0,"AP0000000",142903378.464417,142.903378464417,2144.18069662576,"Tristan_da_Cunha"
-1,-1000,"AP0000001",154029967.877948,154.029967877948,2144.18069662576,"Tristan_da_Cunha"
-2,-2000,"AP0000002",154029967.877948,154.029967877948,2144.18069662576,"Tristan_da_Cunha"
-3,-3000,"AP0000003",154029967.877948,154.029967877948,2144.18069662576,"Tristan_da_Cunha"
-3,-4000,"AP0000003",154029967.877948,154.029967877948,2144.18069662576,"Tristan_da_Cunha"
-3,-5000,"AP0000003",154029967.877948,154.029967877948,2144.18069662576,"Tristan_da_Cunha"
-4,-6000,"AP0000004",154200760.201155,154.200760201155,2144.18069662576,"Tristan_da_Cunha"
-4,-7000,"AP0000004",154200760.201155,154.200760201155,2144.18069662576,"Tristan_da_Cunha"
-11,-8000,"AP0000005",155740535.49759,155.74053549759,2144.18069662576,"Tristan_da_Cunha"
-24,-9000,"AP0000006",158651946.760667,158.651946760667,2144.18069662576,"Tristan_da_Cunha"
-38,-10000,"AP0000007",164464840.623658,164.464840623658,2144.18069662576,"Tristan_da_Cunha"
-52,-11000,"AP0000008",169590446.985466,169.590446985466,2144.18069662576,"Tristan_da_Cunha"
-65,-12000,"AP0000009",178644868.796231,178.644868796231,2144.18069662576,"Tristan_da_Cunha"
-76,-13000,"AP0000010",188550853.10238,188.55085310238,2144.18069662576,"Tristan_da_Cunha"
-85,-14000,"AP0000011",194016452.051443,194.016452051443,2144.18069662576,"Tristan_da_Cunha"
-93,-15000,"AP0000012",200337905.755973,200.337905755973,2144.18069662576,"Tristan_da_Cunha"
-102,-16000,"AP0000013",210756580.356778,210.756580356778,2144.18069662576,"Tristan_da_Cunha"
-109,-17000,"AP0000014",217929112.797588,217.929112797588,2144.18069662576,"Tristan_da_Cunha"
-116,-18000,"AP0000015",226296115.723326,226.296115723326,2144.18069662576,"Tristan_da_Cunha"
-121,-19000,"AP0000016",230223642.389144,230.223642389144,2144.18069662576,"Tristan_da_Cunha"
-123,-20000,"AP0000017",232272337.613113,232.272337613113,2144.18069662576,"Tristan_da_Cunha"
-122,-21000,"AP0000018",231418588.659345,231.418588659345,2144.18069662576,"Tristan_da_Cunha"
-118,-22000,"AP0000019",228345116.629481,228.345116629481,2144.18069662576,"Tristan_da_Cunha"
-112,-23000,"AP0000020",221515472.156946,221.515472156946,2144.18069662576,"Tristan_da_Cunha"
-105,-24000,"AP0000021",214684026.406419,214.684026406419,2144.18069662576,"Tristan_da_Cunha"
-98,-25000,"AP0000022",205803112.968529,205.803112968529,2144.18069662576,"Tristan_da_Cunha"
-93,-26000,"AP0000012",200337905.755973,200.337905755973,2144.18069662576,"Tristan_da_Cunha"
-90,-27000,"AP0000023",197775966.808043,197.775966808043,2144.18069662576,"Tristan_da_Cunha"
-87,-28000,"AP0000024",195725227.149215,195.725227149215,2144.18069662576,"Tristan_da_Cunha"
-84,-29000,"AP0000025",193675048.579828,193.675048579828,2144.18069662576,"Tristan_da_Cunha"
-81,-30000,"AP0000026",191455420.448549,191.455420448549,2144.18069662576,"Tristan_da_Cunha"
-79,-31000,"AP0000027",189746834.603209,189.746834603209,2144.18069662576,"Tristan_da_Cunha"
-76,-32000,"AP0000010",188550853.10238,188.55085310238,2144.18069662576,"Tristan_da_Cunha"
-75,-33000,"AP0000028",187868122.375442,187.868122375442,2144.18069662576,"Tristan_da_Cunha"
-73,-34000,"AP0000029",185648015.19059,185.64801519059,2144.18069662576,"Tristan_da_Cunha"
-72,-35000,"AP0000030",184452252.621607,184.452252621607,2144.18069662576,"Tristan_da_Cunha"
-72,-36000,"AP0000030",184452252.621607,184.452252621607,2144.18069662576,"Tristan_da_Cunha"
-72,-37000,"AP0000030",184452252.621607,184.452252621607,2144.18069662576,"Tristan_da_Cunha"
-72,-38000,"AP0000030",184452252.621607,184.452252621607,2144.18069662576,"Tristan_da_Cunha"
-74,-39000,"AP0000031",187184207.281881,187.184207281881,2144.18069662576,"Tristan_da_Cunha"
-76,-40000,"AP0000010",188550853.10238,188.55085310238,2144.18069662576,"Tristan_da_Cunha"
-78,-41000,"AP0000032",189233762.871001,189.233762871001,2144.18069662576,"Tristan_da_Cunha"
-80,-42000,"AP0000033",190259365.857882,190.259365857882,2144.18069662576,"Tristan_da_Cunha"
-82,-43000,"AP0000034",191967605.115856,191.967605115856,2144.18069662576,"Tristan_da_Cunha"
-84,-44000,"AP0000025",193675048.579828,193.675048579828,2144.18069662576,"Tristan_da_Cunha"
-85,-45000,"AP0000011",194016452.051443,194.016452051443,2144.18069662576,"Tristan_da_Cunha"
-86,-46000,"AP0000035",194870633.151192,194.870633151192,2144.18069662576,"Tristan_da_Cunha"
-86,-47000,"AP0000035",194870633.151192,194.870633151192,2144.18069662576,"Tristan_da_Cunha"
-86,-48000,"AP0000035",194870633.151192,194.870633151192,2144.18069662576,"Tristan_da_Cunha"
-86,-49000,"AP0000035",194870633.151192,194.870633151192,2144.18069662576,"Tristan_da_Cunha"
-86,-50000,"AP0000035",194870633.151192,194.870633151192,2144.18069662576,"Tristan_da_Cunha"
-86,-51000,"AP0000035",194870633.151192,194.870633151192,2144.18069662576,"Tristan_da_Cunha"
-85,-52000,"AP0000011",194016452.051443,194.016452051443,2144.18069662576,"Tristan_da_Cunha"
-85,-53000,"AP0000011",194016452.051443,194.016452051443,2144.18069662576,"Tristan_da_Cunha"
-85,-54000,"AP0000011",194016452.051443,194.016452051443,2144.18069662576,"Tristan_da_Cunha"
-84,-55000,"AP0000025",193675048.579828,193.675048579828,2144.18069662576,"Tristan_da_Cunha"
-83,-56000,"AP0000036",192992184.023369,192.992184023369,2144.18069662576,"Tristan_da_Cunha"
-82,-57000,"AP0000034",191967605.115856,191.967605115856,2144.18069662576,"Tristan_da_Cunha"
-80,-58000,"AP0000033",190259365.857882,190.259365857882,2144.18069662576,"Tristan_da_Cunha"
-79,-59000,"AP0000027",189746834.603209,189.746834603209,2144.18069662576,"Tristan_da_Cunha"
-78,-60000,"AP0000032",189233762.871001,189.233762871001,2144.18069662576,"Tristan_da_Cunha"
-77,-61000,"AP0000037",189062565.206006,189.062565206006,2144.18069662576,"Tristan_da_Cunha"
-77,-62000,"AP0000037",189062565.206006,189.062565206006,2144.18069662576,"Tristan_da_Cunha"
-77,-63000,"AP0000037",189062565.206006,189.062565206006,2144.18069662576,"Tristan_da_Cunha"
-78,-64000,"AP0000032",189233762.871001,189.233762871001,2144.18069662576,"Tristan_da_Cunha"
-79,-65000,"AP0000027",189746834.603209,189.746834603209,2144.18069662576,"Tristan_da_Cunha"
-81,-66000,"AP0000026",191455420.448549,191.455420448549,2144.18069662576,"Tristan_da_Cunha"
-82,-67000,"AP0000034",191967605.115856,191.967605115856,2144.18069662576,"Tristan_da_Cunha"
-82,-68000,"AP0000034",191967605.115856,191.967605115856,2144.18069662576,"Tristan_da_Cunha"
-81,-69000,"AP0000026",191455420.448549,191.455420448549,2144.18069662576,"Tristan_da_Cunha"
-80,-70000,"AP0000033",190259365.857882,190.259365857882,2144.18069662576,"Tristan_da_Cunha"
-81,-71000,"AP0000026",191455420.448549,191.455420448549,2144.18069662576,"Tristan_da_Cunha"
-83,-72000,"AP0000036",192992184.023369,192.992184023369,2144.18069662576,"Tristan_da_Cunha"
-72,-73000,"AP0000030",184452252.621607,184.452252621607,2144.18069662576,"Tristan_da_Cunha"
-48,-74000,"AP0000038",168565830.060437,168.565830060437,2144.18069662576,"Tristan_da_Cunha"
-29,-75000,"AP0000039",161558063.36725,161.55806336725,2144.18069662576,"Tristan_da_Cunha"
-20,-76000,"AP0000040",157966678.557743,157.966678557743,2144.18069662576,"Tristan_da_Cunha"
-17,-77000,"AP0000041",156938725.749058,156.938725749058,2144.18069662576,"Tristan_da_Cunha"
-15,-78000,"AP0000042",156425002.834792,156.425002834792,2144.18069662576,"Tristan_da_Cunha"
-14,-79000,"AP0000043",156425002.834792,156.425002834792,2144.18069662576,"Tristan_da_Cunha"
-13,-80000,"AP0000044",156082948.113811,156.082948113811,2144.18069662576,"Tristan_da_Cunha"
-12,-81000,"AP0000045",156082948.113811,156.082948113811,2144.18069662576,"Tristan_da_Cunha"
-12,-82000,"AP0000045",156082948.113811,156.082948113811,2144.18069662576,"Tristan_da_Cunha"
-13,-83000,"AP0000044",156082948.113811,156.082948113811,2144.18069662576,"Tristan_da_Cunha"
-15,-84000,"AP0000042",156425002.834792,156.425002834792,2144.18069662576,"Tristan_da_Cunha"
-19,-85000,"AP0000046",157624144.134382,157.624144134382,2144.18069662576,"Tristan_da_Cunha"
-26,-86000,"AP0000047",158823085.798598,158.823085798598,2144.18069662576,"Tristan_da_Cunha"
-34,-87000,"AP0000048",163096812.940653,163.096812940653,2144.18069662576,"Tristan_da_Cunha"
-43,-88000,"AP0000049",166858653.850599,166.858653850599,2144.18069662576,"Tristan_da_Cunha"
-49,-89000,"AP0000050",169078456.247786,169.078456247786,2144.18069662576,"Tristan_da_Cunha"
-52,-90000,"AP0000008",169590446.985466,169.590446985466,2144.18069662576,"Tristan_da_Cunha"
-54,-91000,"AP0000051",170958314.470841,170.958314470841,2144.18069662576,"Tristan_da_Cunha"
-55,-92000,"AP0000052",171983217.940108,171.983217940108,2144.18069662576,"Tristan_da_Cunha"
-55,-93000,"AP0000052",171983217.940108,171.983217940108,2144.18069662576,"Tristan_da_Cunha"
-56,-94000,"AP0000053",171983217.940108,171.983217940108,2144.18069662576,"Tristan_da_Cunha"
-54,-95000,"AP0000051",170958314.470841,170.958314470841,2144.18069662576,"Tristan_da_Cunha"
-46,-96000,"AP0000054",167882986.294522,167.882986294522,2144.18069662576,"Tristan_da_Cunha"
-35,-97000,"AP0000055",163438759.414808,163.438759414808,2144.18069662576,"Tristan_da_Cunha"
-24,-98000,"AP0000006",158651946.760667,158.651946760667,2144.18069662576,"Tristan_da_Cunha"
-16,-99000,"AP0000056",156596207.099483,156.596207099483,2144.18069662576,"Tristan_da_Cunha"
-12,-1e+05,"AP0000045",156082948.113811,156.082948113811,2144.18069662576,"Tristan_da_Cunha"
-10,-101000,"AP0000057",155569722.126194,155.569722126194,2144.18069662576,"Tristan_da_Cunha"
-10,-102000,"AP0000057",155569722.126194,155.569722126194,2144.18069662576,"Tristan_da_Cunha"
-9,-103000,"AP0000058",155398914.483196,155.398914483196,2144.18069662576,"Tristan_da_Cunha"
-8,-104000,"AP0000059",154885832.311306,154.885832311306,2144.18069662576,"Tristan_da_Cunha"
-10,-105000,"AP0000057",155569722.126194,155.569722126194,2144.18069662576,"Tristan_da_Cunha"
-16,-106000,"AP0000056",156596207.099483,156.596207099483,2144.18069662576,"Tristan_da_Cunha"
-26,-107000,"AP0000047",158823085.798598,158.823085798598,2144.18069662576,"Tristan_da_Cunha"
-31,-108000,"AP0000060",161900087.416102,161.900087416102,2144.18069662576,"Tristan_da_Cunha"
-33,-109000,"AP0000061",162583480.170607,162.583480170607,2144.18069662576,"Tristan_da_Cunha"
-33,-110000,"AP0000061",162583480.170607,162.583480170607,2144.18069662576,"Tristan_da_Cunha"
-32,-111000,"AP0000062",162241946.073874,162.241946073874,2144.18069662576,"Tristan_da_Cunha"
-32,-112000,"AP0000062",162241946.073874,162.241946073874,2144.18069662576,"Tristan_da_Cunha"
-27,-113000,"AP0000063",160019174.385302,160.019174385302,2144.18069662576,"Tristan_da_Cunha"
-16,-114000,"AP0000056",156596207.099483,156.596207099483,2144.18069662576,"Tristan_da_Cunha"
-6,-115000,"AP0000064",154371930.06096,154.37193006096,2144.18069662576,"Tristan_da_Cunha"
0,-116000,"AP0000000",142903378.464417,142.903378464417,2144.18069662576,"Tristan_da_Cunha"
3,-117000,"AP0000065",140340520.451476,140.340520451476,2144.18069662576,"Tristan_da_Cunha"
5,-118000,"AP0000066",139314987.698409,139.314987698409,2144.18069662576,"Tristan_da_Cunha"
7,-119000,"AP0000067",137777002.719172,137.777002719172,2144.18069662576,"Tristan_da_Cunha"
9,-120000,"AP0000068",136238556.919163,136.238556919163,2144.18069662576,"Tristan_da_Cunha"
10,-121000,"AP0000069",135383369.312429,135.383369312429,2144.18069662576,"Tristan_da_Cunha"
10,-122000,"AP0000069",135383369.312429,135.383369312429,2144.18069662576,"Tristan_da_Cunha"
10,-123000,"AP0000069",135383369.312429,135.383369312429,2144.18069662576,"Tristan_da_Cunha"
9,-124000,"AP0000068",136238556.919163,136.238556919163,2144.18069662576,"Tristan_da_Cunha"
9,-125000,"AP0000068",136238556.919163,136.238556919163,2144.18069662576,"Tristan_da_Cunha"
10,-126000,"AP0000069",135383369.312429,135.383369312429,2144.18069662576,"Tristan_da_Cunha"
12,-127000,"AP0000070",134186726.61344,134.18672661344,2144.18069662576,"Tristan_da_Cunha"
10,-128000,"AP0000069",135383369.312429,135.383369312429,2144.18069662576,"Tristan_da_Cunha"
-3,-129000,"AP0000003",154029967.877948,154.029967877948,2144.18069662576,"Tristan_da_Cunha"
-27,-130000,"AP0000063",160019174.385302,160.019174385302,2144.18069662576,"Tristan_da_Cunha"
-28,-131000,"AP0000071",160532274.059661,160.532274059661,2144.18069662576,"Tristan_da_Cunha"
-26,-132000,"AP0000047",158823085.798598,158.823085798598,2144.18069662576,"Tristan_da_Cunha"
-24,-133000,"AP0000006",158651946.760667,158.651946760667,2144.18069662576,"Tristan_da_Cunha"
-22,-134000,"AP0000072",157966678.557743,157.966678557743,2144.18069662576,"Tristan_da_Cunha"
-20,-135000,"AP0000040",157966678.557743,157.966678557743,2144.18069662576,"Tristan_da_Cunha"
-18,-136000,"AP0000073",157452824.733249,157.452824733249,2144.18069662576,"Tristan_da_Cunha"
-19,-137000,"AP0000046",157624144.134382,157.624144134382,2144.18069662576,"Tristan_da_Cunha"
-22,-138000,"AP0000072",157966678.557743,157.966678557743,2144.18069662576,"Tristan_da_Cunha"
-28,-139000,"AP0000071",160532274.059661,160.532274059661,2144.18069662576,"Tristan_da_Cunha"
-44,-140000,"AP0000074",166858653.850599,166.858653850599,2144.18069662576,"Tristan_da_Cunha"
0,0,"AP0000000",450968091.328146,450.968091328146,9562.73455412543,"Tonga"
-1,-1000,"AP0000001",533736306.468902,533.736306468902,9562.73455412543,"Tonga"
-2,-2000,"AP0000002",581874552.246607,581.874552246607,9562.73455412543,"Tonga"
-3,-3000,"AP0000003",597255806.626042,597.255806626042,9562.73455412543,"Tonga"
-3,-4000,"AP0000003",597255806.626042,597.255806626042,9562.73455412543,"Tonga"
-3,-5000,"AP0000003",597255806.626042,597.255806626042,9562.73455412543,"Tonga"
-4,-6000,"AP0000004",614835085.456336,614.835085456336,9562.73455412543,"Tonga"
-4,-7000,"AP0000004",614835085.456336,614.835085456336,9562.73455412543,"Tonga"
-11,-8000,"AP0000005",782816546.999606,782.816546999606,9562.73455412543,"Tonga"
-24,-9000,"AP0000006",1132239315.97928,1132.23931597928,9562.73455412543,"Tonga"
-38,-10000,"AP0000007",1237399250.96882,1237.39925096882,9562.73455412543,"Tonga"
-52,-11000,"AP0000008",1444608101.81537,1444.60810181537,9562.73455412543,"Tonga"
-65,-12000,"AP0000009",1484778151.3231,1484.7781513231,9562.73455412543,"Tonga"
-76,-13000,"AP0000010",1512758020.59131,1512.75802059131,9562.73455412543,"Tonga"
-85,-14000,"AP0000011",1540334302.65164,1540.33430265164,9562.73455412543,"Tonga"
-93,-15000,"AP0000012",1564513093.81366,1564.51309381366,9562.73455412543,"Tonga"
-102,-16000,"AP0000013",1586299069.33354,1586.29906933354,9562.73455412543,"Tonga"
-109,-17000,"AP0000014",1602080616.49181,1602.08061649181,9562.73455412543,"Tonga"
-116,-18000,"AP0000015",1617866744.42476,1617.86674442476,9562.73455412543,"Tonga"
-121,-19000,"AP0000016",1627458641.73923,1627.45864173923,9562.73455412543,"Tonga"
-123,-20000,"AP0000017",1632653201.4203,1632.6532014203,9562.73455412543,"Tonga"
-122,-21000,"AP0000018",1629856326.20751,1629.85632620751,9562.73455412543,"Tonga"
-118,-22000,"AP0000019",1623263015.82484,1623.26301582484,9562.73455412543,"Tonga"
-112,-23000,"AP0000020",1608673781.45809,1608.67378145809,9562.73455412543,"Tonga"
-105,-24000,"AP0000021",1592691074.31305,1592.69107431305,9562.73455412543,"Tonga"
-98,-25000,"AP0000022",1577502149.30594,1577.50214930594,9562.73455412543,"Tonga"
-93,-26000,"AP0000012",1564513093.81366,1564.51309381366,9562.73455412543,"Tonga"
-90,-27000,"AP0000023",1557320741.60905,1557.32074160905,9562.73455412543,"Tonga"
-87,-28000,"AP0000024",1546128079.58569,1546.12807958569,9562.73455412543,"Tonga"
-84,-29000,"AP0000025",1535739962.06531,1535.73996206531,9562.73455412543,"Tonga"
-81,-30000,"AP0000026",1526147589.70782,1526.14758970782,9562.73455412543,"Tonga"
-79,-31000,"AP0000027",1522150947.30178,1522.15094730178,9562.73455412543,"Tonga"
-76,-32000,"AP0000010",1512758020.59131,1512.75802059131,9562.73455412543,"Tonga"
-75,-33000,"AP0000028",1509960303.39046,1509.96030339046,9562.73455412543,"Tonga"
-73,-34000,"AP0000029",1504762658.14142,1504.76265814142,9562.73455412543,"Tonga"
-72,-35000,"AP0000030",1502763637.68421,1502.76363768421,9562.73455412543,"Tonga"
-72,-36000,"AP0000030",1502763637.68421,1502.76363768421,9562.73455412543,"Tonga"
-72,-37000,"AP0000030",1502763637.68421,1502.76363768421,9562.73455412543,"Tonga"
-72,-38000,"AP0000030",1502763637.68421,1502.76363768421,9562.73455412543,"Tonga"
-74,-39000,"AP0000031",1507162043.15944,1507.16204315944,9562.73455412543,"Tonga"
-76,-40000,"AP0000010",1512758020.59131,1512.75802059131,9562.73455412543,"Tonga"
-78,-41000,"AP0000032",1519352564.29826,1519.35256429826,9562.73455412543,"Tonga"
-80,-42000,"AP0000033",1523548617.80474,1523.54861780474,9562.73455412543,"Tonga"
-82,-43000,"AP0000034",1530145096.74589,1530.14509674589,9562.73455412543,"Tonga"
-84,-44000,"AP0000025",1535739962.06531,1535.73996206531,9562.73455412543,"Tonga"
-85,-45000,"AP0000011",1540334302.65164,1540.33430265164,9562.73455412543,"Tonga"
-86,-46000,"AP0000035",1543131427.71526,1543.13142771526,9562.73455412543,"Tonga"
-86,-47000,"AP0000035",1543131427.71526,1543.13142771526,9562.73455412543,"Tonga"
-86,-48000,"AP0000035",1543131427.71526,1543.13142771526,9562.73455412543,"Tonga"
-86,-49000,"AP0000035",1543131427.71526,1543.13142771526,9562.73455412543,"Tonga"
-86,-50000,"AP0000035",1543131427.71526,1543.13142771526,9562.73455412543,"Tonga"
-86,-51000,"AP0000035",1543131427.71526,1543.13142771526,9562.73455412543,"Tonga"
-85,-52000,"AP0000011",1540334302.65164,1540.33430265164,9562.73455412543,"Tonga"
-85,-53000,"AP0000011",1540334302.65164,1540.33430265164,9562.73455412543,"Tonga"
-85,-54000,"AP0000011",1540334302.65164,1540.33430265164,9562.73455412543,"Tonga"
-84,-55000,"AP0000025",1535739962.06531,1535.73996206531,9562.73455412543,"Tonga"
-83,-56000,"AP0000036",1532741459.84008,1532.74145984008,9562.73455412543,"Tonga"
-82,-57000,"AP0000034",1530145096.74589,1530.14509674589,9562.73455412543,"Tonga"
-80,-58000,"AP0000033",1523548617.80474,1523.54861780474,9562.73455412543,"Tonga"
-79,-59000,"AP0000027",1522150947.30178,1522.15094730178,9562.73455412543,"Tonga"
-78,-60000,"AP0000032",1519352564.29826,1519.35256429826,9562.73455412543,"Tonga"
-77,-61000,"AP0000037",1516756020.37591,1516.75602037591,9562.73455412543,"Tonga"
-77,-62000,"AP0000037",1516756020.37591,1516.75602037591,9562.73455412543,"Tonga"
-77,-63000,"AP0000037",1516756020.37591,1516.75602037591,9562.73455412543,"Tonga"
-78,-64000,"AP0000032",1519352564.29826,1519.35256429826,9562.73455412543,"Tonga"
-79,-65000,"AP0000027",1522150947.30178,1522.15094730178,9562.73455412543,"Tonga"
-81,-66000,"AP0000026",1526147589.70782,1526.14758970782,9562.73455412543,"Tonga"
-82,-67000,"AP0000034",1530145096.74589,1530.14509674589,9562.73455412543,"Tonga"
-82,-68000,"AP0000034",1530145096.74589,1530.14509674589,9562.73455412543,"Tonga"
-81,-69000,"AP0000026",1526147589.70782,1526.14758970782,9562.73455412543,"Tonga"
-80,-70000,"AP0000033",1523548617.80474,1523.54861780474,9562.73455412543,"Tonga"
-81,-71000,"AP0000026",1526147589.70782,1526.14758970782,9562.73455412543,"Tonga"
-83,-72000,"AP0000036",1532741459.84008,1532.74145984008,9562.73455412543,"Tonga"
-72,-73000,"AP0000030",1502763637.68421,1502.76363768421,9562.73455412543,"Tonga"
-48,-74000,"AP0000038",1331780641.02311,1331.78064102311,9562.73455412543,"Tonga"
-29,-75000,"AP0000039",1166222443.50079,1166.22244350079,9562.73455412543,"Tonga"
-20,-76000,"AP0000040",1059919455.54922,1059.91945554922,9562.73455412543,"Tonga"
-17,-77000,"AP0000041",1007572082.67615,1007.57208267615,9562.73455412543,"Tonga"
-15,-78000,"AP0000042",922844329.742232,922.844329742232,9562.73455412543,"Tonga"
-14,-79000,"AP0000043",883078623.446211,883.078623446211,9562.73455412543,"Tonga"
-13,-80000,"AP0000044",847517768.573309,847.517768573309,9562.73455412543,"Tonga"
-12,-81000,"AP0000045",815569989.103373,815.569989103373,9562.73455412543,"Tonga"
-12,-82000,"AP0000045",815569989.103373,815.569989103373,9562.73455412543,"Tonga"
-13,-83000,"AP0000044",847517768.573309,847.517768573309,9562.73455412543,"Tonga"
-15,-84000,"AP0000042",922844329.742232,922.844329742232,9562.73455412543,"Tonga"
-19,-85000,"AP0000046",1048131591.81099,1048.13159181099,9562.73455412543,"Tonga"
-26,-86000,"AP0000047",1146230863.84804,1146.23086384804,9562.73455412543,"Tonga"
-34,-87000,"AP0000048",1198805354.78175,1198.80535478175,9562.73455412543,"Tonga"
-43,-88000,"AP0000049",1295192853.87003,1295.19285387003,9562.73455412543,"Tonga"
-49,-89000,"AP0000050",1432614376.0873,1432.6143760873,9562.73455412543,"Tonga"
-52,-90000,"AP0000008",1444608101.81537,1444.60810181537,9562.73455412543,"Tonga"
-54,-91000,"AP0000051",1450204012.6601,1450.2040126601,9562.73455412543,"Tonga"
-55,-92000,"AP0000052",1452802437.55771,1452.80243755771,9562.73455412543,"Tonga"
-55,-93000,"AP0000052",1452802437.55771,1452.80243755771,9562.73455412543,"Tonga"
-56,-94000,"AP0000053",1457400027.7568,1457.4000277568,9562.73455412543,"Tonga"
-54,-95000,"AP0000051",1450204012.6601,1450.2040126601,9562.73455412543,"Tonga"
-46,-96000,"AP0000054",1318784554.52525,1318.78455452525,9562.73455412543,"Tonga"
-35,-97000,"AP0000055",1210208689.35614,1210.20868935614,9562.73455412543,"Tonga"
-24,-98000,"AP0000006",1132239315.97928,1132.23931597928,9562.73455412543,"Tonga"
-16,-99000,"AP0000056",964414020.024921,964.414020024921,9562.73455412543,"Tonga"
-12,-1e+05,"AP0000045",815569989.103373,815.569989103373,9562.73455412543,"Tonga"
-10,-101000,"AP0000057",746460815.995353,746.460815995353,9562.73455412543,"Tonga"
-10,-102000,"AP0000057",746460815.995353,746.460815995353,9562.73455412543,"Tonga"
-9,-103000,"AP0000058",719899280.787575,719.899280787575,9562.73455412543,"Tonga"
-8,-104000,"AP0000059",695734704.670436,695.734704670436,9562.73455412543,"Tonga"
-10,-105000,"AP0000057",746460815.995353,746.460815995353,9562.73455412543,"Tonga"
-16,-106000,"AP0000056",964414020.024921,964.414020024921,9562.73455412543,"Tonga"
-26,-107000,"AP0000047",1146230863.84804,1146.23086384804,9562.73455412543,"Tonga"
-31,-108000,"AP0000060",1179217589.18967,1179.21758918967,9562.73455412543,"Tonga"
-33,-109000,"AP0000061",1192810079.88261,1192.81007988261,9562.73455412543,"Tonga"
-33,-110000,"AP0000061",1192810079.88261,1192.81007988261,9562.73455412543,"Tonga"
-32,-111000,"AP0000062",1185813572.43802,1185.81357243802,9562.73455412543,"Tonga"
-32,-112000,"AP0000062",1185813572.43802,1185.81357243802,9562.73455412543,"Tonga"
-27,-113000,"AP0000063",1152629608.11518,1152.62960811518,9562.73455412543,"Tonga"
-16,-114000,"AP0000056",964414020.024921,964.414020024921,9562.73455412543,"Tonga"
-6,-115000,"AP0000064",650996082.140072,650.996082140072,9562.73455412543,"Tonga"
0,-116000,"AP0000000",450968091.328146,450.968091328146,9562.73455412543,"Tonga"
3,-117000,"AP0000065",435972034.199897,435.972034199897,9562.73455412543,"Tonga"
5,-118000,"AP0000066",393435807.117583,393.435807117583,9562.73455412543,"Tonga"
7,-119000,"AP0000067",372069104.153737,372.069104153737,9562.73455412543,"Tonga"
9,-120000,"AP0000068",347105922.113722,347.105922113722,9562.73455412543,"Tonga"
10,-121000,"AP0000069",334523855.197812,334.523855197812,9562.73455412543,"Tonga"
10,-122000,"AP0000069",334523855.197812,334.523855197812,9562.73455412543,"Tonga"
10,-123000,"AP0000069",334523855.197812,334.523855197812,9562.73455412543,"Tonga"
9,-124000,"AP0000068",347105922.113722,347.105922113722,9562.73455412543,"Tonga"
9,-125000,"AP0000068",347105922.113722,347.105922113722,9562.73455412543,"Tonga"
10,-126000,"AP0000069",334523855.197812,334.523855197812,9562.73455412543,"Tonga"
12,-127000,"AP0000070",306962506.97035,306.96250697035,9562.73455412543,"Tonga"
10,-128000,"AP0000069",334523855.197812,334.523855197812,9562.73455412543,"Tonga"
-3,-129000,"AP0000003",597255806.626042,597.255806626042,9562.73455412543,"Tonga"
-27,-130000,"AP0000063",1152629608.11518,1152.62960811518,9562.73455412543,"Tonga"
-28,-131000,"AP0000071",1160026110.85714,1160.02611085714,9562.73455412543,"Tonga"
-26,-132000,"AP0000047",1146230863.84804,1146.23086384804,9562.73455412543,"Tonga"
-24,-133000,"AP0000006",1132239315.97928,1132.23931597928,9562.73455412543,"Tonga"
-22,-134000,"AP0000072",1081308961.07371,1081.30896107371,9562.73455412543,"Tonga"
-20,-135000,"AP0000040",1059919455.54922,1059.91945554922,9562.73455412543,"Tonga"
-18,-136000,"AP0000073",1039940310.89347,1039.94031089347,9562.73455412543,"Tonga"
-19,-137000,"AP0000046",1048131591.81099,1048.13159181099,9562.73455412543,"Tonga"
-22,-138000,"AP0000072",1081308961.07371,1081.30896107371,9562.73455412543,"Tonga"
-28,-139000,"AP0000071",1160026110.85714,1160.02611085714,9562.73455412543,"Tonga"
-44,-140000,"AP0000074",1304789107.74859,1304.78910774859,9562.73455412543,"Tonga"
0,0,"AP0000000",683171187.328238,683.171187328238,12007.3532876993,"Palau"
-1,-1000,"AP0000001",875671546.566274,875.671546566274,12007.3532876993,"Palau"
-2,-2000,"AP0000002",884150570.097095,884.150570097095,12007.3532876993,"Palau"
-3,-3000,"AP0000003",893053506.877604,893.053506877604,12007.3532876993,"Palau"
-3,-4000,"AP0000003",893053506.877604,893.053506877604,12007.3532876993,"Palau"
-3,-5000,"AP0000003",893053506.877604,893.053506877604,12007.3532876993,"Palau"
-4,-6000,"AP0000004",914668933.876314,914.668933876314,12007.3532876993,"Palau"
-4,-7000,"AP0000004",914668933.876314,914.668933876314,12007.3532876993,"Palau"
-11,-8000,"AP0000005",1023824052.63344,1023.82405263344,12007.3532876993,"Palau"
-24,-9000,"AP0000006",1318462708.02633,1318.46270802633,12007.3532876993,"Palau"
-38,-10000,"AP0000007",1798279712.0836,1798.2797120836,12007.3532876993,"Palau"
-52,-11000,"AP0000008",2038554834.12176,2038.55483412176,12007.3532876993,"Palau"
-65,-12000,"AP0000009",2221346270.9415,2221.3462709415,12007.3532876993,"Palau"
-76,-13000,"AP0000010",2336994680.97089,2336.99468097089,12007.3532876993,"Palau"
-85,-14000,"AP0000011",2399691783.57157,2399.69178357157,12007.3532876993,"Palau"
-93,-15000,"AP0000012",2432525778.60252,2432.52577860252,12007.3532876993,"Palau"
-102,-16000,"AP0000013",2466424301.28104,2466.42430128104,12007.3532876993,"Palau"
-109,-17000,"AP0000014",2485702746.84763,2485.70274684763,12007.3532876993,"Palau"
-116,-18000,"AP0000015",2503290758.30314,2503.29075830314,12007.3532876993,"Palau"
-121,-19000,"AP0000016",2516639591.84443,2516.63959184443,12007.3532876993,"Palau"
-123,-20000,"AP0000017",2521512683.31469,2521.51268331469,12007.3532876993,"Palau"
-122,-21000,"AP0000018",2518547152.08184,2518.54715208184,12007.3532876993,"Palau"
-118,-22000,"AP0000019",2509435455.915,2509.435455915,12007.3532876993,"Palau"
-112,-23000,"AP0000020",2493754294.69308,2493.75429469308,12007.3532876993,"Palau"
-105,-24000,"AP0000021",2474686636.90792,2474.68663690792,12007.3532876993,"Palau"
-98,-25000,"AP0000022",2450111132.13038,2450.11113213038,12007.3532876993,"Palau"
-93,-26000,"AP0000012",2432525778.60252,2432.52577860252,12007.3532876993,"Palau"
-90,-27000,"AP0000023",2422356935.81357,2422.35693581357,12007.3532876993,"Palau"
-87,-28000,"AP0000024",2409858436.86546,2409.85843686546,12007.3532876993,"Palau"
-84,-29000,"AP0000025",2393972835.02429,2393.97283502429,12007.3532876993,"Palau"
-81,-30000,"AP0000026",2379145279.86399,2379.14527986399,12007.3532876993,"Palau"
-79,-31000,"AP0000027",2369187484.03118,2369.18748403118,12007.3532876993,"Palau"
-76,-32000,"AP0000010",2336994680.97089,2336.99468097089,12007.3532876993,"Palau"
-75,-33000,"AP0000028",2328733127.0844,2328.7331270844,12007.3532876993,"Palau"
-73,-34000,"AP0000029",2314539010.47038,2314.53901047038,12007.3532876993,"Palau"
-72,-35000,"AP0000030",2306065921.01905,2306.06592101905,12007.3532876993,"Palau"
-72,-36000,"AP0000030",2306065921.01905,2306.06592101905,12007.3532876993,"Palau"
-72,-37000,"AP0000030",2306065921.01905,2306.06592101905,12007.3532876993,"Palau"
-72,-38000,"AP0000030",2306065921.01905,2306.06592101905,12007.3532876993,"Palau"
-74,-39000,"AP0000031",2323648943.26543,2323.64894326543,12007.3532876993,"Palau"
-76,-40000,"AP0000010",2336994680.97089,2336.99468097089,12007.3532876993,"Palau"
-78,-41000,"AP0000032",2361983736.76509,2361.98373676509,12007.3532876993,"Palau"
-80,-42000,"AP0000033",2373424433.14325,2373.42443314325,12007.3532876993,"Palau"
-82,-43000,"AP0000034",2383169426.71091,2383.16942671091,12007.3532876993,"Palau"
-84,-44000,"AP0000025",2393972835.02429,2393.97283502429,12007.3532876993,"Palau"
-85,-45000,"AP0000011",2399691783.57157,2399.69178357157,12007.3532876993,"Palau"
-86,-46000,"AP0000035",2404564298.84097,2404.56429884097,12007.3532876993,"Palau"
-86,-47000,"AP0000035",2404564298.84097,2404.56429884097,12007.3532876993,"Palau"
-86,-48000,"AP0000035",2404564298.84097,2404.56429884097,12007.3532876993,"Palau"
-86,-49000,"AP0000035",2404564298.84097,2404.56429884097,12007.3532876993,"Palau"
-86,-50000,"AP0000035",2404564298.84097,2404.56429884097,12007.3532876993,"Palau"
-86,-51000,"AP0000035",2404564298.84097,2404.56429884097,12007.3532876993,"Palau"
-85,-52000,"AP0000011",2399691783.57157,2399.69178357157,12007.3532876993,"Palau"
-85,-53000,"AP0000011",2399691783.57157,2399.69178357157,12007.3532876993,"Palau"
-85,-54000,"AP0000011",2399691783.57157,2399.69178357157,12007.3532876993,"Palau"
-84,-55000,"AP0000025",2393972835.02429,2393.97283502429,12007.3532876993,"Palau"
-83,-56000,"AP0000036",2388676844.5195,2388.6768445195,12007.3532876993,"Palau"
-82,-57000,"AP0000034",2383169426.71091,2383.16942671091,12007.3532876993,"Palau"
-80,-58000,"AP0000033",2373424433.14325,2373.42443314325,12007.3532876993,"Palau"
-79,-59000,"AP0000027",2369187484.03118,2369.18748403118,12007.3532876993,"Palau"
-78,-60000,"AP0000032",2361983736.76509,2361.98373676509,12007.3532876993,"Palau"
-77,-61000,"AP0000037",2345678870.21216,2345.67887021216,12007.3532876993,"Palau"
-77,-62000,"AP0000037",2345678870.21216,2345.67887021216,12007.3532876993,"Palau"
-77,-63000,"AP0000037",2345678870.21216,2345.67887021216,12007.3532876993,"Palau"
-78,-64000,"AP0000032",2361983736.76509,2361.98373676509,12007.3532876993,"Palau"
-79,-65000,"AP0000027",2369187484.03118,2369.18748403118,12007.3532876993,"Palau"
-81,-66000,"AP0000026",2379145279.86399,2379.14527986399,12007.3532876993,"Palau"
-82,-67000,"AP0000034",2383169426.71091,2383.16942671091,12007.3532876993,"Palau"
-82,-68000,"AP0000034",2383169426.71091,2383.16942671091,12007.3532876993,"Palau"
-81,-69000,"AP0000026",2379145279.86399,2379.14527986399,12007.3532876993,"Palau"
-80,-70000,"AP0000033",2373424433.14325,2373.42443314325,12007.3532876993,"Palau"
-81,-71000,"AP0000026",2379145279.86399,2379.14527986399,12007.3532876993,"Palau"
-83,-72000,"AP0000036",2388676844.5195,2388.6768445195,12007.3532876993,"Palau"
-72,-73000,"AP0000030",2306065921.01905,2306.06592101905,12007.3532876993,"Palau"
-48,-74000,"AP0000038",1977750531.23439,1977.75053123439,12007.3532876993,"Palau"
-29,-75000,"AP0000039",1541013587.05709,1541.01358705709,12007.3532876993,"Palau"
-20,-76000,"AP0000040",1221804769.60724,1221.80476960724,12007.3532876993,"Palau"
-17,-77000,"AP0000041",1153549244.07956,1153.54924407956,12007.3532876993,"Palau"
-15,-78000,"AP0000042",1109243523.80174,1109.24352380174,12007.3532876993,"Palau"
-14,-79000,"AP0000043",1084656016.54393,1084.65601654393,12007.3532876993,"Palau"
-13,-80000,"AP0000044",1067063251.73858,1067.06325173858,12007.3532876993,"Palau"
-12,-81000,"AP0000045",1040781546.45178,1040.78154645178,12007.3532876993,"Palau"
-12,-82000,"AP0000045",1040781546.45178,1040.78154645178,12007.3532876993,"Palau"
-13,-83000,"AP0000044",1067063251.73858,1067.06325173858,12007.3532876993,"Palau"
-15,-84000,"AP0000042",1109243523.80174,1109.24352380174,12007.3532876993,"Palau"
-19,-85000,"AP0000046",1200184012.8471,1200.1840128471,12007.3532876993,"Palau"
-26,-86000,"AP0000047",1375481931.10836,1375.48193110836,12007.3532876993,"Palau"
-34,-87000,"AP0000048",1685343473.3094,1685.3434733094,12007.3532876993,"Palau"
-43,-88000,"AP0000049",1897234126.39551,1897.23412639551,12007.3532876993,"Palau"
-49,-89000,"AP0000050",1995124935.13606,1995.12493513606,12007.3532876993,"Palau"
-52,-90000,"AP0000008",2038554834.12176,2038.55483412176,12007.3532876993,"Palau"
-54,-91000,"AP0000051",2071174529.15607,2071.17452915607,12007.3532876993,"Palau"
-55,-92000,"AP0000052",2088967495.21032,2088.96749521032,12007.3532876993,"Palau"
-55,-93000,"AP0000052",2088967495.21032,2088.96749521032,12007.3532876993,"Palau"
-56,-94000,"AP0000053",2099137722.16943,2099.13772216943,12007.3532876993,"Palau"
-54,-95000,"AP0000051",2071174529.15607,2071.17452915607,12007.3532876993,"Palau"
-46,-96000,"AP0000054",1942367564.11779,1942.36756411779,12007.3532876993,"Palau"
-35,-97000,"AP0000055",1709709712.81028,1709.70971281028,12007.3532876993,"Palau"
-24,-98000,"AP0000006",1318462708.02633,1318.46270802633,12007.3532876993,"Palau"
-16,-99000,"AP0000056",1132776157.64181,1132.77615764181,12007.3532876993,"Palau"
-12,-1e+05,"AP0000045",1040781546.45178,1040.78154645178,12007.3532876993,"Palau"
-10,-101000,"AP0000057",1009621930.61059,1009.62193061059,12007.3532876993,"Palau"
-10,-102000,"AP0000057",1009621930.61059,1009.62193061059,12007.3532876993,"Palau"
-9,-103000,"AP0000058",992029669.529879,992.029669529879,12007.3532876993,"Palau"
-8,-104000,"AP0000059",978675990.67076,978.67599067076,12007.3532876993,"Palau"
-10,-105000,"AP0000057",1009621930.61059,1009.62193061059,12007.3532876993,"Palau"
-16,-106000,"AP0000056",1132776157.64181,1132.77615764181,12007.3532876993,"Palau"
-26,-107000,"AP0000047",1375481931.10836,1375.48193110836,12007.3532876993,"Palau"
-31,-108000,"AP0000060",1612448625.63879,1612.44862563879,12007.3532876993,"Palau"
-33,-109000,"AP0000061",1663092455.15661,1663.09245515661,12007.3532876993,"Palau"
-33,-110000,"AP0000061",1663092455.15661,1663.09245515661,12007.3532876993,"Palau"
-32,-111000,"AP0000062",1645928634.66857,1645.92863466857,12007.3532876993,"Palau"
-32,-112000,"AP0000062",1645928634.66857,1645.92863466857,12007.3532876993,"Palau"
-27,-113000,"AP0000063",1403879917.01676,1403.87991701676,12007.3532876993,"Palau"
-16,-114000,"AP0000056",1132776157.64181,1132.77615764181,12007.3532876993,"Palau"
-6,-115000,"AP0000064",952818322.550693,952.818322550693,12007.3532876993,"Palau"
0,-116000,"AP0000000",683171187.328238,683.171187328238,12007.3532876993,"Palau"
3,-117000,"AP0000065",641636880.389576,641.636880389576,12007.3532876993,"Palau"
5,-118000,"AP0000066",624265402.383249,624.265402383249,12007.3532876993,"Palau"
7,-119000,"AP0000067",610282311.72141,610.282311721411,12007.3532876993,"Palau"
9,-120000,"AP0000068",598840499.021725,598.840499021725,12007.3532876993,"Palau"
10,-121000,"AP0000069",588248701.21208,588.24870121208,12007.3532876993,"Palau"
10,-122000,"AP0000069",588248701.21208,588.24870121208,12007.3532876993,"Palau"
10,-123000,"AP0000069",588248701.21208,588.24870121208,12007.3532876993,"Palau"
9,-124000,"AP0000068",598840499.021725,598.840499021725,12007.3532876993,"Palau"
9,-125000,"AP0000068",598840499.021725,598.840499021725,12007.3532876993,"Palau"
10,-126000,"AP0000069",588248701.21208,588.24870121208,12007.3532876993,"Palau"
12,-127000,"AP0000070",560485539.873882,560.485539873882,12007.3532876993,"Palau"
10,-128000,"AP0000069",588248701.21208,588.24870121208,12007.3532876993,"Palau"
-3,-129000,"AP0000003",893053506.877604,893.053506877604,12007.3532876993,"Palau"
-27,-130000,"AP0000063",1403879917.01676,1403.87991701676,12007.3532876993,"Palau"
-28,-131000,"AP0000071",1436943173.36814,1436.94317336814,12007.3532876993,"Palau"
-26,-132000,"AP0000047",1375481931.10836,1375.48193110836,12007.3532876993,"Palau"
-24,-133000,"AP0000006",1318462708.02633,1318.46270802633,12007.3532876993,"Palau"
-22,-134000,"AP0000072",1266951764.44196,1266.95176444196,12007.3532876993,"Palau"
-20,-135000,"AP0000040",1221804769.60724,1221.80476960724,12007.3532876993,"Palau"
-18,-136000,"AP0000073",1176020029.68551,1176.02002968551,12007.3532876993,"Palau"
-19,-137000,"AP0000046",1200184012.8471,1200.1840128471,12007.3532876993,"Palau"
-22,-138000,"AP0000072",1266951764.44196,1266.95176444196,12007.3532876993,"Palau"
-28,-139000,"AP0000071",1436943173.36814,1436.94317336814,12007.3532876993,"Palau"
-44,-140000,"AP0000074",1911644014.31017,1911.64401431017,12007.3532876993,"Palau"
0,0,"AP0000000",12793299.3274052,12.7932993274052,2154.81674228806,"Lord_Howe"
-1,-1000,"AP0000001",15716748.4347982,15.7167484347982,2154.81674228806,"Lord_Howe"
-2,-2000,"AP0000002",17361563.5530663,17.3615635530663,2154.81674228806,"Lord_Howe"
-3,-3000,"AP0000003",18458178.7287903,18.4581787287903,2154.81674228806,"Lord_Howe"
-3,-4000,"AP0000003",18458178.7287903,18.4581787287903,2154.81674228806,"Lord_Howe"
-3,-5000,"AP0000003",18458178.7287903,18.4581787287903,2154.81674228806,"Lord_Howe"
-4,-6000,"AP0000004",21015295.7880895,21.0152957880895,2154.81674228806,"Lord_Howe"
-4,-7000,"AP0000004",21015295.7880895,21.0152957880895,2154.81674228806,"Lord_Howe"
-11,-8000,"AP0000005",33439716.6477106,33.4397166477106,2154.81674228806,"Lord_Howe"
-24,-9000,"AP0000006",64501446.5613515,64.5014465613515,2154.81674228806,"Lord_Howe"
-38,-10000,"AP0000007",260680945.092599,260.680945092599,2154.81674228806,"Lord_Howe"
-52,-11000,"AP0000008",515573017.589599,515.573017589599,2154.81674228806,"Lord_Howe"
-65,-12000,"AP0000009",637427707.859845,637.427707859845,2154.81674228806,"Lord_Howe"
-76,-13000,"AP0000010",668653558.37568,668.65355837568,2154.81674228806,"Lord_Howe"
-85,-14000,"AP0000011",687096029.252782,687.096029252782,2154.81674228806,"Lord_Howe"
-93,-15000,"AP0000012",700606209.331926,700.606209331926,2154.81674228806,"Lord_Howe"
-102,-16000,"AP0000013",715944470.677233,715.944470677233,2154.81674228806,"Lord_Howe"
-109,-17000,"AP0000014",723974427.691896,723.974427691896,2154.81674228806,"Lord_Howe"
-116,-18000,"AP0000015",730913232.67876,730.91323267876,2154.81674228806,"Lord_Howe"
-121,-19000,"AP0000016",734564507.790278,734.564507790278,2154.81674228806,"Lord_Howe"
-123,-20000,"AP0000017",735843380.99505,735.84338099505,2154.81674228806,"Lord_Howe"
-122,-21000,"AP0000018",735112860.361541,735.112860361541,2154.81674228806,"Lord_Howe"
-118,-22000,"AP0000019",732556440.442645,732.556440442645,2154.81674228806,"Lord_Howe"
-112,-23000,"AP0000020",726531899.226768,726.531899226768,2154.81674228806,"Lord_Howe"
-105,-24000,"AP0000021",720507089.218414,720.507089218414,2154.81674228806,"Lord_Howe"
-98,-25000,"AP0000022",709917798.304324,709.917798304324,2154.81674228806,"Lord_Howe"
-93,-26000,"AP0000012",700606209.331926,700.606209331926,2154.81674228806,"Lord_Howe"
-90,-27000,"AP0000023",696406113.514586,696.406113514586,2154.81674228806,"Lord_Howe"
-87,-28000,"AP0000024",691659429.4209,691.6594294209,2154.81674228806,"Lord_Howe"
-84,-29000,"AP0000025",684722263.215046,684.722263215046,2154.81674228806,"Lord_Howe"
-81,-30000,"AP0000026",678516806.46546,678.51680646546,2154.81674228806,"Lord_Howe"
-79,-31000,"AP0000027",674863816.38389,674.86381638389,2154.81674228806,"Lord_Howe"
-76,-32000,"AP0000010",668653558.37568,668.65355837568,2154.81674228806,"Lord_Howe"
-75,-33000,"AP0000028",666096503.290311,666.096503290311,2154.81674228806,"Lord_Howe"
-73,-34000,"AP0000029",660985902.011328,660.985902011328,2154.81674228806,"Lord_Howe"
-72,-35000,"AP0000030",659524651.097862,659.524651097862,2154.81674228806,"Lord_Howe"
-72,-36000,"AP0000030",659524651.097862,659.524651097862,2154.81674228806,"Lord_Howe"
-72,-37000,"AP0000030",659524651.097862,659.524651097862,2154.81674228806,"Lord_Howe"
-72,-38000,"AP0000030",659524651.097862,659.524651097862,2154.81674228806,"Lord_Howe"
-74,-39000,"AP0000031",664088427.211137,664.088427211137,2154.81674228806,"Lord_Howe"
-76,-40000,"AP0000010",668653558.37568,668.65355837568,2154.81674228806,"Lord_Howe"
-78,-41000,"AP0000032",673219586.578305,673.219586578305,2154.81674228806,"Lord_Howe"
-80,-42000,"AP0000033",676142490.05193,676.14249005193,2154.81674228806,"Lord_Howe"
-82,-43000,"AP0000034",681071826.223334,681.071826223334,2154.81674228806,"Lord_Howe"
-84,-44000,"AP0000025",684722263.215046,684.722263215046,2154.81674228806,"Lord_Howe"
-85,-45000,"AP0000011",687096029.252782,687.096029252782,2154.81674228806,"Lord_Howe"
-86,-46000,"AP0000035",688739265.37416,688.73926537416,2154.81674228806,"Lord_Howe"
-86,-47000,"AP0000035",688739265.37416,688.73926537416,2154.81674228806,"Lord_Howe"
-86,-48000,"AP0000035",688739265.37416,688.73926537416,2154.81674228806,"Lord_Howe"
-86,-49000,"AP0000035",688739265.37416,688.73926537416,2154.81674228806,"Lord_Howe"
-86,-50000,"AP0000035",688739265.37416,688.73926537416,2154.81674228806,"Lord_Howe"
-86,-51000,"AP0000035",688739265.37416,688.73926537416,2154.81674228806,"Lord_Howe"
-85,-52000,"AP0000011",687096029.252782,687.096029252782,2154.81674228806,"Lord_Howe"
-85,-53000,"AP0000011",687096029.252782,687.096029252782,2154.81674228806,"Lord_Howe"
-85,-54000,"AP0000011",687096029.252782,687.096029252782,2154.81674228806,"Lord_Howe"
-84,-55000,"AP0000025",684722263.215046,684.722263215046,2154.81674228806,"Lord_Howe"
-83,-56000,"AP0000036",683809930.851742,683.809930851742,2154.81674228806,"Lord_Howe"
-82,-57000,"AP0000034",681071826.223334,681.071826223334,2154.81674228806,"Lord_Howe"
-80,-58000,"AP0000033",676142490.05193,676.14249005193,2154.81674228806,"Lord_Howe"
-79,-59000,"AP0000027",674863816.38389,674.86381638389,2154.81674228806,"Lord_Howe"
-78,-60000,"AP0000032",673219586.578305,673.219586578305,2154.81674228806,"Lord_Howe"
-77,-61000,"AP0000037",671576857.895566,671.576857895566,2154.81674228806,"Lord_Howe"
-77,-62000,"AP0000037",671576857.895566,671.576857895566,2154.81674228806,"Lord_Howe"
-77,-63000,"AP0000037",671576857.895566,671.576857895566,2154.81674228806,"Lord_Howe"
-78,-64000,"AP0000032",673219586.578305,673.219586578305,2154.81674228806,"Lord_Howe"
-79,-65000,"AP0000027",674863816.38389,674.86381638389,2154.81674228806,"Lord_Howe"
-81,-66000,"AP0000026",678516806.46546,678.51680646546,2154.81674228806,"Lord_Howe"
-82,-67000,"AP0000034",681071826.223334,681.071826223334,2154.81674228806,"Lord_Howe"
-82,-68000,"AP0000034",681071826.223334,681.071826223334,2154.81674228806,"Lord_Howe"
-81,-69000,"AP0000026",678516806.46546,678.51680646546,2154.81674228806,"Lord_Howe"
-80,-70000,"AP0000033",676142490.05193,676.14249005193,2154.81674228806,"Lord_Howe"
-81,-71000,"AP0000026",678516806.46546,678.51680646546,2154.81674228806,"Lord_Howe"
-83,-72000,"AP0000036",683809930.851742,683.809930851742,2154.81674228806,"Lord_Howe"
-72,-73000,"AP0000030",659524651.097862,659.524651097862,2154.81674228806,"Lord_Howe"
-48,-74000,"AP0000038",432520289.410777,432.520289410777,2154.81674228806,"Lord_Howe"
-29,-75000,"AP0000039",80210858.7631602,80.2108587631602,2154.81674228806,"Lord_Howe"
-20,-76000,"AP0000040",54086888.2441406,54.0868882441406,2154.81674228806,"Lord_Howe"
-17,-77000,"AP0000041",48972487.1377237,48.9724871377237,2154.81674228806,"Lord_Howe"
-15,-78000,"AP0000042",46780012.9865344,46.7800129865344,2154.81674228806,"Lord_Howe"
-14,-79000,"AP0000043",45317696.3740065,45.3176963740065,2154.81674228806,"Lord_Howe"
-13,-80000,"AP0000044",43124574.1897502,43.1245741897502,2154.81674228806,"Lord_Howe"
-12,-81000,"AP0000045",34353639.5960639,34.3536395960639,2154.81674228806,"Lord_Howe"
-12,-82000,"AP0000045",34353639.5960639,34.3536395960639,2154.81674228806,"Lord_Howe"
-13,-83000,"AP0000044",43124574.1897502,43.1245741897502,2154.81674228806,"Lord_Howe"
-15,-84000,"AP0000042",46780012.9865344,46.7800129865344,2154.81674228806,"Lord_Howe"
-19,-85000,"AP0000046",51713207.4981701,51.7132074981701,2154.81674228806,"Lord_Howe"
-26,-86000,"AP0000047",69979730.5095952,69.9797305095952,2154.81674228806,"Lord_Howe"
-34,-87000,"AP0000048",156940966.64222,156.94096664222,2154.81674228806,"Lord_Howe"
-43,-88000,"AP0000049",352736653.134154,352.736653134154,2154.81674228806,"Lord_Howe"
-49,-89000,"AP0000050",455695621.667736,455.695621667736,2154.81674228806,"Lord_Howe"
-52,-90000,"AP0000008",515573017.589599,515.573017589599,2154.81674228806,"Lord_Howe"
-54,-91000,"AP0000051",546624767.296508,546.624767296508,2154.81674228806,"Lord_Howe"
-55,-92000,"AP0000052",560508451.662731,560.508451662731,2154.81674228806,"Lord_Howe"
-55,-93000,"AP0000052",560508451.662731,560.508451662731,2154.81674228806,"Lord_Howe"
-56,-94000,"AP0000053",574576235.730133,574.576235730133,2154.81674228806,"Lord_Howe"
-54,-95000,"AP0000051",546624767.296508,546.624767296508,2154.81674228806,"Lord_Howe"
-46,-96000,"AP0000054",392534811.123454,392.534811123454,2154.81674228806,"Lord_Howe"
-35,-97000,"AP0000055",188365750.889832,188.365750889832,2154.81674228806,"Lord_Howe"
-24,-98000,"AP0000006",64501446.5613515,64.5014465613515,2154.81674228806,"Lord_Howe"
-16,-99000,"AP0000056",47875630.0730793,47.8756300730793,2154.81674228806,"Lord_Howe"
-12,-1e+05,"AP0000045",34353639.5960639,34.3536395960639,2154.81674228806,"Lord_Howe"
-10,-101000,"AP0000057",32161424.1462605,32.1614241462605,2154.81674228806,"Lord_Howe"
-10,-102000,"AP0000057",32161424.1462605,32.1614241462605,2154.81674228806,"Lord_Howe"
-9,-103000,"AP0000058",30881792.6845741,30.8817926845741,2154.81674228806,"Lord_Howe"
-8,-104000,"AP0000059",29237308.1909194,29.2373081909194,2154.81674228806,"Lord_Howe"
-10,-105000,"AP0000057",32161424.1462605,32.1614241462605,2154.81674228806,"Lord_Howe"
-16,-106000,"AP0000056",47875630.0730793,47.8756300730793,2154.81674228806,"Lord_Howe"
-26,-107000,"AP0000047",69979730.5095952,69.9797305095952,2154.81674228806,"Lord_Howe"
-31,-108000,"AP0000060",107249670.592453,107.249670592453,2154.81674228806,"Lord_Howe"
-33,-109000,"AP0000061",139038345.565558,139.038345565558,2154.81674228806,"Lord_Howe"
-33,-110000,"AP0000061",139038345.565558,139.038345565558,2154.81674228806,"Lord_Howe"
-32,-111000,"AP0000062",120406013.747347,120.406013747347,2154.81674228806,"Lord_Howe"
-32,-112000,"AP0000062",120406013.747347,120.406013747347,2154.81674228806,"Lord_Howe"
-27,-113000,"AP0000063",72173163.9498453,72.1731639498453,2154.81674228806,"Lord_Howe"
-16,-114000,"AP0000056",47875630.0730793,47.8756300730793,2154.81674228806,"Lord_Howe"
-6,-115000,"AP0000064",25766556.2779956,25.7665562779956,2154.81674228806,"Lord_Howe"
0,-116000,"AP0000000",12793299.3274052,12.7932993274052,2154.81674228806,"Lord_Howe"
3,-117000,"AP0000065",12427786.6467187,12.4277866467187,2154.81674228806,"Lord_Howe"
5,-118000,"AP0000066",11513786.8898513,11.5137868898513,2154.81674228806,"Lord_Howe"
7,-119000,"AP0000067",10965534.9228108,10.9655349228108,2154.81674228806,"Lord_Howe"
9,-120000,"AP0000068",10051592.0568502,10.0515920568502,2154.81674228806,"Lord_Howe"
10,-121000,"AP0000069",9503412.07866073,9.50341207866073,2154.81674228806,"Lord_Howe"
10,-122000,"AP0000069",9503412.07866073,9.50341207866073,2154.81674228806,"Lord_Howe"
10,-123000,"AP0000069",9503412.07866073,9.50341207866073,2154.81674228806,"Lord_Howe"
9,-124000,"AP0000068",10051592.0568502,10.0515920568502,2154.81674228806,"Lord_Howe"
9,-125000,"AP0000068",10051592.0568502,10.0515920568502,2154.81674228806,"Lord_Howe"
10,-126000,"AP0000069",9503412.07866073,9.50341207866073,2154.81674228806,"Lord_Howe"
12,-127000,"AP0000070",9138027.50428677,9.13802750428677,2154.81674228806,"Lord_Howe"
10,-128000,"AP0000069",9503412.07866073,9.50341207866073,2154.81674228806,"Lord_Howe"
-3,-129000,"AP0000003",18458178.7287903,18.4581787287903,2154.81674228806,"Lord_Howe"
-27,-130000,"AP0000063",72173163.9498453,72.1731639498453,2154.81674228806,"Lord_Howe"
-28,-131000,"AP0000071",74913188.1274884,74.9131881274884,2154.81674228806,"Lord_Howe"
-26,-132000,"AP0000047",69979730.5095952,69.9797305095952,2154.81674228806,"Lord_Howe"
-24,-133000,"AP0000006",64501446.5613515,64.5014465613515,2154.81674228806,"Lord_Howe"
-22,-134000,"AP0000072",58472251.1890969,58.4722511890969,2154.81674228806,"Lord_Howe"
-20,-135000,"AP0000040",54086888.2441406,54.0868882441406,2154.81674228806,"Lord_Howe"
-18,-136000,"AP0000073",49703173.0969427,49.7031730969427,2154.81674228806,"Lord_Howe"
-19,-137000,"AP0000046",51713207.4981701,51.7132074981701,2154.81674228806,"Lord_Howe"
-22,-138000,"AP0000072",58472251.1890969,58.4722511890969,2154.81674228806,"Lord_Howe"
-28,-139000,"AP0000071",74913188.1274884,74.9131881274884,2154.81674228806,"Lord_Howe"
-44,-140000,"AP0000074",364972402.906168,364.972402906168,2154.81674228806,"Lord_Howe"
0,0,"AP0000000",1922986944.53377,1922.98694453377,5502.4638660264,"Mauritius_Island"
-1,-1000,"AP0000001",1981571618.12942,1981.57161812942,5502.4638660264,"Mauritius_Island"
-2,-2000,"AP0000002",1996834877.48351,1996.83487748351,5502.4638660264,"Mauritius_Island"
-3,-3000,"AP0000003",2232268611.02196,2232.26861102196,5502.4638660264,"Mauritius_Island"
-3,-4000,"AP0000003",2232268611.02196,2232.26861102196,5502.4638660264,"Mauritius_Island"
-3,-5000,"AP0000003",2232268611.02196,2232.26861102196,5502.4638660264,"Mauritius_Island"
-4,-6000,"AP0000004",2239303959.72962,2239.30395972962,5502.4638660264,"Mauritius_Island"
-4,-7000,"AP0000004",2239303959.72962,2239.30395972962,5502.4638660264,"Mauritius_Island"
-11,-8000,"AP0000005",2277697871.76517,2277.69787176517,5502.4638660264,"Mauritius_Island"
-24,-9000,"AP0000006",2348452304.23153,2348.45230423153,5502.4638660264,"Mauritius_Island"
-38,-10000,"AP0000007",2444169965.70419,2444.16996570419,5502.4638660264,"Mauritius_Island"
-52,-11000,"AP0000008",2627822980.90078,2627.82298090078,5502.4638660264,"Mauritius_Island"
-65,-12000,"AP0000009",2692586528.17399,2692.58652817399,5502.4638660264,"Mauritius_Island"
-76,-13000,"AP0000010",2737008215.36778,2737.00821536778,5502.4638660264,"Mauritius_Island"
-85,-14000,"AP0000011",2768958994.49982,2768.95899449982,5502.4638660264,"Mauritius_Island"
-93,-15000,"AP0000012",2800300332.66156,2800.30033266156,5502.4638660264,"Mauritius_Island"
-102,-16000,"AP0000013",2831445911.05487,2831.44591105487,5502.4638660264,"Mauritius_Island"
-109,-17000,"AP0000014",2859581260.66248,2859.58126066248,5502.4638660264,"Mauritius_Island"
-116,-18000,"AP0000015",2883897144.07064,2883.89714407064,5502.4638660264,"Mauritius_Island"
-121,-19000,"AP0000016",2900978221.112,2900.978221112,5502.4638660264,"Mauritius_Island"
-123,-20000,"AP0000017",2906604138.72898,2906.60413872898,5502.4638660264,"Mauritius_Island"
-122,-21000,"AP0000018",2903791190.27488,2903.79119027488,5502.4638660264,"Mauritius_Island"
-118,-22000,"AP0000019",2891533645.71955,2891.53364571955,5502.4638660264,"Mauritius_Island"
-112,-23000,"AP0000020",2871637161.17675,2871.63716117675,5502.4638660264,"Mauritius_Island"
-105,-24000,"AP0000021",2844707030.53955,2844.70703053955,5502.4638660264,"Mauritius_Island"
-98,-25000,"AP0000022",2815374049.85736,2815.37404985736,5502.4638660264,"Mauritius_Island"
-93,-26000,"AP0000012",2800300332.66156,2800.30033266156,5502.4638660264,"Mauritius_Island"
-90,-27000,"AP0000023",2790458916.63344,2790.45891663344,5502.4638660264,"Mauritius_Island"
-87,-28000,"AP0000024",2776393270.15681,2776.39327015681,5502.4638660264,"Mauritius_Island"
-84,-29000,"AP0000025",2766546890.80656,2766.54689080656,5502.4638660264,"Mauritius_Island"
-81,-30000,"AP0000026",2753885663.59265,2753.88566359265,5502.4638660264,"Mauritius_Island"
-79,-31000,"AP0000027",2747053129.00539,2747.05312900539,5502.4638660264,"Mauritius_Island"
-76,-32000,"AP0000010",2737008215.36778,2737.00821536778,5502.4638660264,"Mauritius_Island"
-75,-33000,"AP0000028",2732988303.40108,2732.98830340108,5502.4638660264,"Mauritius_Island"
-73,-34000,"AP0000029",2726358154.38634,2726.35815438634,5502.4638660264,"Mauritius_Island"
-72,-35000,"AP0000030",2722137698.85078,2722.13769885078,5502.4638660264,"Mauritius_Island"
-72,-36000,"AP0000030",2722137698.85078,2722.13769885078,5502.4638660264,"Mauritius_Island"
-72,-37000,"AP0000030",2722137698.85078,2722.13769885078,5502.4638660264,"Mauritius_Island"
-72,-38000,"AP0000030",2722137698.85078,2722.13769885078,5502.4638660264,"Mauritius_Island"
-74,-39000,"AP0000031",2730175433.64747,2730.17543364747,5502.4638660264,"Mauritius_Island"
-76,-40000,"AP0000010",2737008215.36778,2737.00821536778,5502.4638660264,"Mauritius_Island"
-78,-41000,"AP0000032",2743638784.83226,2743.63878483226,5502.4638660264,"Mauritius_Island"
-80,-42000,"AP0000033",2751474447.00259,2751.47444700259,5502.4638660264,"Mauritius_Island"
-82,-43000,"AP0000034",2759112514.771,2759.112514771,5502.4638660264,"Mauritius_Island"
-84,-44000,"AP0000025",2766546890.80656,2766.54689080656,5502.4638660264,"Mauritius_Island"
-85,-45000,"AP0000011",2768958994.49982,2768.95899449982,5502.4638660264,"Mauritius_Island"
-86,-46000,"AP0000035",2772576014.2204,2772.5760142204,5502.4638660264,"Mauritius_Island"
-86,-47000,"AP0000035",2772576014.2204,2772.5760142204,5502.4638660264,"Mauritius_Island"
-86,-48000,"AP0000035",2772576014.2204,2772.5760142204,5502.4638660264,"Mauritius_Island"
-86,-49000,"AP0000035",2772576014.2204,2772.5760142204,5502.4638660264,"Mauritius_Island"
-86,-50000,"AP0000035",2772576014.2204,2772.5760142204,5502.4638660264,"Mauritius_Island"
-86,-51000,"AP0000035",2772576014.2204,2772.5760142204,5502.4638660264,"Mauritius_Island"
-85,-52000,"AP0000011",2768958994.49982,2768.95899449982,5502.4638660264,"Mauritius_Island"
-85,-53000,"AP0000011",2768958994.49982,2768.95899449982,5502.4638660264,"Mauritius_Island"
-85,-54000,"AP0000011",2768958994.49982,2768.95899449982,5502.4638660264,"Mauritius_Island"
-84,-55000,"AP0000025",2766546890.80656,2766.54689080656,5502.4638660264,"Mauritius_Island"
-83,-56000,"AP0000036",2762127459.77916,2762.12745977916,5502.4638660264,"Mauritius_Island"
-82,-57000,"AP0000034",2759112514.771,2759.112514771,5502.4638660264,"Mauritius_Island"
-80,-58000,"AP0000033",2751474447.00259,2751.47444700259,5502.4638660264,"Mauritius_Island"
-79,-59000,"AP0000027",2747053129.00539,2747.05312900539,5502.4638660264,"Mauritius_Island"
-78,-60000,"AP0000032",2743638784.83226,2743.63878483226,5502.4638660264,"Mauritius_Island"
-77,-61000,"AP0000037",2741428832.15628,2741.42883215628,5502.4638660264,"Mauritius_Island"
-77,-62000,"AP0000037",2741428832.15628,2741.42883215628,5502.4638660264,"Mauritius_Island"
-77,-63000,"AP0000037",2741428832.15628,2741.42883215628,5502.4638660264,"Mauritius_Island"
-78,-64000,"AP0000032",2743638784.83226,2743.63878483226,5502.4638660264,"Mauritius_Island"
-79,-65000,"AP0000027",2747053129.00539,2747.05312900539,5502.4638660264,"Mauritius_Island"
-81,-66000,"AP0000026",2753885663.59265,2753.88566359265,5502.4638660264,"Mauritius_Island"
-82,-67000,"AP0000034",2759112514.771,2759.112514771,5502.4638660264,"Mauritius_Island"
-82,-68000,"AP0000034",2759112514.771,2759.112514771,5502.4638660264,"Mauritius_Island"
-81,-69000,"AP0000026",2753885663.59265,2753.88566359265,5502.4638660264,"Mauritius_Island"
-80,-70000,"AP0000033",2751474447.00259,2751.47444700259,5502.4638660264,"Mauritius_Island"
-81,-71000,"AP0000026",2753885663.59265,2753.88566359265,5502.4638660264,"Mauritius_Island"
-83,-72000,"AP0000036",2762127459.77916,2762.12745977916,5502.4638660264,"Mauritius_Island"
-72,-73000,"AP0000030",2722137698.85078,2722.13769885078,5502.4638660264,"Mauritius_Island"
-48,-74000,"AP0000038",2588397374.83238,2588.39737483238,5502.4638660264,"Mauritius_Island"
-29,-75000,"AP0000039",2375397536.11253,2375.39753611253,5502.4638660264,"Mauritius_Island"
-20,-76000,"AP0000040",2324732476.58226,2324.73247658226,5502.4638660264,"Mauritius_Island"
-17,-77000,"AP0000041",2307244059.49862,2307.24405949862,5502.4638660264,"Mauritius_Island"
-15,-78000,"AP0000042",2296192732.60533,2296.19273260533,5502.4638660264,"Mauritius_Island"
-14,-79000,"AP0000043",2291972500.98245,2291.97250098245,5502.4638660264,"Mauritius_Island"
-13,-80000,"AP0000044",2287147685.07183,2287.14768507182,5502.4638660264,"Mauritius_Island"
-12,-81000,"AP0000045",2283127113.15202,2283.12711315202,5502.4638660264,"Mauritius_Island"
-12,-82000,"AP0000045",2283127113.15202,2283.12711315202,5502.4638660264,"Mauritius_Island"
-13,-83000,"AP0000044",2287147685.07183,2287.14768507182,5502.4638660264,"Mauritius_Island"
-15,-84000,"AP0000042",2296192732.60533,2296.19273260533,5502.4638660264,"Mauritius_Island"
-19,-85000,"AP0000046",2318701384.69271,2318.70138469271,5502.4638660264,"Mauritius_Island"
-26,-86000,"AP0000047",2358909622.5967,2358.9096225967,5502.4638660264,"Mauritius_Island"
-34,-87000,"AP0000048",2409174520.94961,2409.17452094961,5502.4638660264,"Mauritius_Island"
-43,-88000,"AP0000049",2492439594.84873,2492.43959484873,5502.4638660264,"Mauritius_Island"
-49,-89000,"AP0000050",2608719074.70058,2608.71907470058,5502.4638660264,"Mauritius_Island"
-52,-90000,"AP0000008",2627822980.90078,2627.82298090078,5502.4638660264,"Mauritius_Island"
-54,-91000,"AP0000051",2643517182.85127,2643.51718285127,5502.4638660264,"Mauritius_Island"
-55,-92000,"AP0000052",2649350997.3587,2649.3509973587,5502.4638660264,"Mauritius_Island"
-55,-93000,"AP0000052",2649350997.3587,2649.3509973587,5502.4638660264,"Mauritius_Island"
-56,-94000,"AP0000053",2653373525.46962,2653.37352546962,5502.4638660264,"Mauritius_Island"
-54,-95000,"AP0000051",2643517182.85127,2643.51718285127,5502.4638660264,"Mauritius_Island"
-46,-96000,"AP0000054",2542531224.86312,2542.53122486312,5502.4638660264,"Mauritius_Island"
-35,-97000,"AP0000055",2416817234.41688,2416.81723441688,5502.4638660264,"Mauritius_Island"
-24,-98000,"AP0000006",2348452304.23153,2348.45230423153,5502.4638660264,"Mauritius_Island"
-16,-99000,"AP0000056",2301015400.64108,2301.01540064108,5502.4638660264,"Mauritius_Island"
-12,-1e+05,"AP0000045",2283127113.15202,2283.12711315202,5502.4638660264,"Mauritius_Island"
-10,-101000,"AP0000057",2272269530.21479,2272.26953021479,5502.4638660264,"Mauritius_Island"
-10,-102000,"AP0000057",2272269530.21479,2272.26953021479,5502.4638660264,"Mauritius_Island"
-9,-103000,"AP0000058",2267647659.72638,2267.64765972638,5502.4638660264,"Mauritius_Island"
-8,-104000,"AP0000059",2263828953.82214,2263.82895382214,5502.4638660264,"Mauritius_Island"
-10,-105000,"AP0000057",2272269530.21479,2272.26953021479,5502.4638660264,"Mauritius_Island"
-16,-106000,"AP0000056",2301015400.64108,2301.01540064108,5502.4638660264,"Mauritius_Island"
-26,-107000,"AP0000047",2358909622.5967,2358.9096225967,5502.4638660264,"Mauritius_Island"
-31,-108000,"AP0000060",2390075148.95354,2390.07514895354,5502.4638660264,"Mauritius_Island"
-33,-109000,"AP0000061",2403948242.61214,2403.94824261214,5502.4638660264,"Mauritius_Island"
-33,-110000,"AP0000061",2403948242.61214,2403.94824261214,5502.4638660264,"Mauritius_Island"
-32,-111000,"AP0000062",2397916200.85725,2397.91620085725,5502.4638660264,"Mauritius_Island"
-32,-112000,"AP0000062",2397916200.85725,2397.91620085725,5502.4638660264,"Mauritius_Island"
-27,-113000,"AP0000063",2364339653.51644,2364.33965351644,5502.4638660264,"Mauritius_Island"
-16,-114000,"AP0000056",2301015400.64108,2301.01540064108,5502.4638660264,"Mauritius_Island"
-6,-115000,"AP0000064",2250565211.25946,2250.56521125946,5502.4638660264,"Mauritius_Island"
0,-116000,"AP0000000",1922986944.53377,1922.98694453377,5502.4638660264,"Mauritius_Island"
3,-117000,"AP0000065",1900892098.95917,1900.89209895917,5502.4638660264,"Mauritius_Island"
5,-118000,"AP0000066",1888031615.1473,1888.0316151473,5502.4638660264,"Mauritius_Island"
7,-119000,"AP0000067",1869145387.3999,1869.1453873999,5502.4638660264,"Mauritius_Island"
9,-120000,"AP0000068",1836594931.02346,1836.59493102346,5502.4638660264,"Mauritius_Island"
10,-121000,"AP0000069",1818924346.17616,1818.92434617616,5502.4638660264,"Mauritius_Island"
10,-122000,"AP0000069",1818924346.17616,1818.92434617616,5502.4638660264,"Mauritius_Island"
10,-123000,"AP0000069",1818924346.17616,1818.92434617616,5502.4638660264,"Mauritius_Island"
9,-124000,"AP0000068",1836594931.02346,1836.59493102346,5502.4638660264,"Mauritius_Island"
9,-125000,"AP0000068",1836594931.02346,1836.59493102346,5502.4638660264,"Mauritius_Island"
10,-126000,"AP0000069",1818924346.17616,1818.92434617616,5502.4638660264,"Mauritius_Island"
12,-127000,"AP0000070",1789205815.68008,1789.20581568008,5502.4638660264,"Mauritius_Island"
10,-128000,"AP0000069",1818924346.17616,1818.92434617616,5502.4638660264,"Mauritius_Island"
-3,-129000,"AP0000003",2232268611.02196,2232.26861102196,5502.4638660264,"Mauritius_Island"
-27,-130000,"AP0000063",2364339653.51644,2364.33965351644,5502.4638660264,"Mauritius_Island"
-28,-131000,"AP0000071",2369766417.56465,2369.76641756465,5502.4638660264,"Mauritius_Island"
-26,-132000,"AP0000047",2358909622.5967,2358.9096225967,5502.4638660264,"Mauritius_Island"
-24,-133000,"AP0000006",2348452304.23153,2348.45230423153,5502.4638660264,"Mauritius_Island"
-22,-134000,"AP0000072",2336591881.69321,2336.59188169321,5502.4638660264,"Mauritius_Island"
-20,-135000,"AP0000040",2324732476.58226,2324.73247658226,5502.4638660264,"Mauritius_Island"
-18,-136000,"AP0000073",2313876997.51895,2313.87699751895,5502.4638660264,"Mauritius_Island"
-19,-137000,"AP0000046",2318701384.69271,2318.70138469271,5502.4638660264,"Mauritius_Island"
-22,-138000,"AP0000072",2336591881.69321,2336.59188169321,5502.4638660264,"Mauritius_Island"
-28,-139000,"AP0000071",2369766417.56465,2369.76641756465,5502.4638660264,"Mauritius_Island"
-44,-140000,"AP0000074",2509336164.46885,2509.33616446885,5502.4638660264,"Mauritius_Island"
0,0,"AP0000000",80773544.6807599,80.7735446807599,4288.96967004391,"Bermuda"
-1,-1000,"AP0000001",85850465.8822558,85.8504658822558,4288.96967004391,"Bermuda"
-2,-2000,"AP0000002",90745064.4249005,90.7450644249005,4288.96967004391,"Bermuda"
-3,-3000,"AP0000003",96545390.9424763,96.5453909424763,4288.96967004391,"Bermuda"
-3,-4000,"AP0000003",96545390.9424763,96.5453909424763,4288.96967004391,"Bermuda"
-3,-5000,"AP0000003",96545390.9424763,96.5453909424763,4288.96967004391,"Bermuda"
-4,-6000,"AP0000004",101982898.578528,101.982898578528,4288.96967004391,"Bermuda"
-4,-7000,"AP0000004",101982898.578528,101.982898578528,4288.96967004391,"Bermuda"
-11,-8000,"AP0000005",287579633.552246,287.579633552246,4288.96967004391,"Bermuda"
-24,-9000,"AP0000006",966317264.848495,966.317264848495,4288.96967004391,"Bermuda"
-38,-10000,"AP0000007",1044944982.00798,1044.94498200798,4288.96967004391,"Bermuda"
-52,-11000,"AP0000008",1057453272.28258,1057.45327228258,4288.96967004391,"Bermuda"
-65,-12000,"AP0000009",1065433430.76377,1065.43343076377,4288.96967004391,"Bermuda"
-76,-13000,"AP0000010",1072688505.96305,1072.68850596305,4288.96967004391,"Bermuda"
-85,-14000,"AP0000011",1081576884.51588,1081.57688451588,4288.96967004391,"Bermuda"
-93,-15000,"AP0000012",1087019855.42358,1087.01985542358,4288.96967004391,"Bermuda"
-102,-16000,"AP0000013",1094285759.50631,1094.28575950631,4288.96967004391,"Bermuda"
-109,-17000,"AP0000014",1103005139.55485,1103.00513955485,4288.96967004391,"Bermuda"
-116,-18000,"AP0000015",1111363764.31838,1111.36376431838,4288.96967004391,"Bermuda"
-121,-19000,"AP0000016",1118086212.72038,1118.08621272038,4288.96967004391,"Bermuda"
-123,-20000,"AP0000017",1120994465.24274,1120.99446524274,4288.96967004391,"Bermuda"
-122,-21000,"AP0000018",1120085610.10559,1120.08561010559,4288.96967004391,"Bermuda"
-118,-22000,"AP0000019",1114087866.58099,1114.08786658099,4288.96967004391,"Bermuda"
-112,-23000,"AP0000020",1106819579.4884,1106.8195794884,4288.96967004391,"Bermuda"
-105,-24000,"AP0000021",1097553684.68521,1097.55368468521,4288.96967004391,"Bermuda"
-98,-25000,"AP0000022",1090107265.84489,1090.10726584489,4288.96967004391,"Bermuda"
-93,-26000,"AP0000012",1087019855.42358,1087.01985542358,4288.96967004391,"Bermuda"
-90,-27000,"AP0000023",1084297937.5148,1084.2979375148,4288.96967004391,"Bermuda"
-87,-28000,"AP0000024",1082847016.05283,1082.84701605283,4288.96967004391,"Bermuda"
-84,-29000,"AP0000025",1081032261.91888,1081.03226191888,4288.96967004391,"Bermuda"
-81,-30000,"AP0000026",1076315626.88471,1076.31562688471,4288.96967004391,"Bermuda"
-79,-31000,"AP0000027",1075229499.43201,1075.22949943201,4288.96967004391,"Bermuda"
-76,-32000,"AP0000010",1072688505.96305,1072.68850596305,4288.96967004391,"Bermuda"
-75,-33000,"AP0000028",1072143984.16062,1072.14398416062,4288.96967004391,"Bermuda"
-73,-34000,"AP0000029",1070693430.53017,1070.69343053017,4288.96967004391,"Bermuda"
-72,-35000,"AP0000030",1070148101.53601,1070.14810153601,4288.96967004391,"Bermuda"
-72,-36000,"AP0000030",1070148101.53601,1070.14810153601,4288.96967004391,"Bermuda"
-72,-37000,"AP0000030",1070148101.53601,1070.14810153601,4288.96967004391,"Bermuda"
-72,-38000,"AP0000030",1070148101.53601,1070.14810153601,4288.96967004391,"Bermuda"
-74,-39000,"AP0000031",1071781515.80196,1071.78151580196,4288.96967004391,"Bermuda"
-76,-40000,"AP0000010",1072688505.96305,1072.68850596305,4288.96967004391,"Bermuda"
-78,-41000,"AP0000032",1073777897.64019,1073.77789764019,4288.96967004391,"Bermuda"
-80,-42000,"AP0000033",1075591295.13247,1075.59129513247,4288.96967004391,"Bermuda"
-82,-43000,"AP0000034",1077586259.8682,1077.5862598682,4288.96967004391,"Bermuda"
-84,-44000,"AP0000025",1081032261.91888,1081.03226191888,4288.96967004391,"Bermuda"
-85,-45000,"AP0000011",1081576884.51588,1081.57688451588,4288.96967004391,"Bermuda"
-86,-46000,"AP0000035",1082121413.59693,1082.12141359693,4288.96967004391,"Bermuda"
-86,-47000,"AP0000035",1082121413.59693,1082.12141359693,4288.96967004391,"Bermuda"
-86,-48000,"AP0000035",1082121413.59693,1082.12141359693,4288.96967004391,"Bermuda"
-86,-49000,"AP0000035",1082121413.59693,1082.12141359693,4288.96967004391,"Bermuda"
-86,-50000,"AP0000035",1082121413.59693,1082.12141359693,4288.96967004391,"Bermuda"
-86,-51000,"AP0000035",1082121413.59693,1082.12141359693,4288.96967004391,"Bermuda"
-85,-52000,"AP0000011",1081576884.51588,1081.57688451588,4288.96967004391,"Bermuda"
-85,-53000,"AP0000011",1081576884.51588,1081.57688451588,4288.96967004391,"Bermuda"
-85,-54000,"AP0000011",1081576884.51588,1081.57688451588,4288.96967004391,"Bermuda"
-84,-55000,"AP0000025",1081032261.91888,1081.03226191888,4288.96967004391,"Bermuda"
-83,-56000,"AP0000036",1079581939.5876,1079.5819395876,4288.96967004391,"Bermuda"
-82,-57000,"AP0000034",1077586259.8682,1077.5862598682,4288.96967004391,"Bermuda"
-80,-58000,"AP0000033",1075591295.13247,1075.59129513247,4288.96967004391,"Bermuda"
-79,-59000,"AP0000027",1075229499.43201,1075.22949943201,4288.96967004391,"Bermuda"
-78,-60000,"AP0000032",1073777897.64019,1073.77789764019,4288.96967004391,"Bermuda"
-77,-61000,"AP0000037",1072869898.68895,1072.86989868895,4288.96967004391,"Bermuda"
-77,-62000,"AP0000037",1072869898.68895,1072.86989868895,4288.96967004391,"Bermuda"
-77,-63000,"AP0000037",1072869898.68895,1072.86989868895,4288.96967004391,"Bermuda"
-78,-64000,"AP0000032",1073777897.64019,1073.77789764019,4288.96967004391,"Bermuda"
-79,-65000,"AP0000027",1075229499.43201,1075.22949943201,4288.96967004391,"Bermuda"
-81,-66000,"AP0000026",1076315626.88471,1076.31562688471,4288.96967004391,"Bermuda"
-82,-67000,"AP0000034",1077586259.8682,1077.5862598682,4288.96967004391,"Bermuda"
-82,-68000,"AP0000034",1077586259.8682,1077.5862598682,4288.96967004391,"Bermuda"
-81,-69000,"AP0000026",1076315626.88471,1076.31562688471,4288.96967004391,"Bermuda"
-80,-70000,"AP0000033",1075591295.13247,1075.59129513247,4288.96967004391,"Bermuda"
-81,-71000,"AP0000026",1076315626.88471,1076.31562688471,4288.96967004391,"Bermuda"
-83,-72000,"AP0000036",1079581939.5876,1079.5819395876,4288.96967004391,"Bermuda"
-72,-73000,"AP0000030",1070148101.53601,1070.14810153601,4288.96967004391,"Bermuda"
-48,-74000,"AP0000038",1055096606.84294,1055.09660684294,4288.96967004391,"Bermuda"
-29,-75000,"AP0000039",1004720088.83936,1004.72008883936,4288.96967004391,"Bermuda"
-20,-76000,"AP0000040",877950137.5182,877.950137518199,4288.96967004391,"Bermuda"
-17,-77000,"AP0000041",752559893.604213,752.559893604213,4288.96967004391,"Bermuda"
-15,-78000,"AP0000042",565738260.755945,565.738260755945,4288.96967004391,"Bermuda"
-14,-79000,"AP0000043",519365292.946772,519.365292946772,4288.96967004391,"Bermuda"
-13,-80000,"AP0000044",414975976.584131,414.975976584131,4288.96967004391,"Bermuda"
-12,-81000,"AP0000045",349562383.334421,349.562383334421,4288.96967004391,"Bermuda"
-12,-82000,"AP0000045",349562383.334421,349.562383334421,4288.96967004391,"Bermuda"
-13,-83000,"AP0000044",414975976.584131,414.975976584131,4288.96967004391,"Bermuda"
-15,-84000,"AP0000042",565738260.755945,565.738260755945,4288.96967004391,"Bermuda"
-19,-85000,"AP0000046",833741662.515902,833.741662515902,4288.96967004391,"Bermuda"
-26,-86000,"AP0000047",982976598.967901,982.976598967901,4288.96967004391,"Bermuda"
-34,-87000,"AP0000048",1030267871.72366,1030.26787172366,4288.96967004391,"Bermuda"
-43,-88000,"AP0000049",1050383329.00724,1050.38332900724,4288.96967004391,"Bermuda"
-49,-89000,"AP0000050",1055277635.04177,1055.27763504177,4288.96967004391,"Bermuda"
-52,-90000,"AP0000008",1057453272.28258,1057.45327228258,4288.96967004391,"Bermuda"
-54,-91000,"AP0000051",1058903841.24095,1058.90384124095,4288.96967004391,"Bermuda"
-55,-92000,"AP0000052",1059448482.27693,1059.44848227693,4288.96967004391,"Bermuda"
-55,-93000,"AP0000052",1059448482.27693,1059.44848227693,4288.96967004391,"Bermuda"
-56,-94000,"AP0000053",1059629496.27438,1059.62949627438,4288.96967004391,"Bermuda"
-54,-95000,"AP0000051",1058903841.24095,1058.90384124095,4288.96967004391,"Bermuda"
-46,-96000,"AP0000054",1053284145.54907,1053.28414554907,4288.96967004391,"Bermuda"
-35,-97000,"AP0000055",1033893263.83846,1033.89326383846,4288.96967004391,"Bermuda"
-24,-98000,"AP0000006",966317264.848495,966.317264848495,4288.96967004391,"Bermuda"
-16,-99000,"AP0000056",686574745.6639,686.5747456639,4288.96967004391,"Bermuda"
-12,-1e+05,"AP0000045",349562383.334421,349.562383334421,4288.96967004391,"Bermuda"
-10,-101000,"AP0000057",244268447.38047,244.26844738047,4288.96967004391,"Bermuda"
-10,-102000,"AP0000057",244268447.38047,244.26844738047,4288.96967004391,"Bermuda"
-9,-103000,"AP0000058",191873994.467663,191.873994467663,4288.96967004391,"Bermuda"
-8,-104000,"AP0000059",167771891.292236,167.771891292236,4288.96967004391,"Bermuda"
-10,-105000,"AP0000057",244268447.38047,244.26844738047,4288.96967004391,"Bermuda"
-16,-106000,"AP0000056",686574745.6639,686.5747456639,4288.96967004391,"Bermuda"
-26,-107000,"AP0000047",982976598.967901,982.976598967901,4288.96967004391,"Bermuda"
-31,-108000,"AP0000060",1017039531.88238,1017.03953188238,4288.96967004391,"Bermuda"
-33,-109000,"AP0000061",1027006063.83143,1027.00606383143,4288.96967004391,"Bermuda"
-33,-110000,"AP0000061",1027006063.83143,1027.00606383143,4288.96967004391,"Bermuda"
-32,-111000,"AP0000062",1023018826.18035,1023.01882618035,4288.96967004391,"Bermuda"
-32,-112000,"AP0000062",1023018826.18035,1023.01882618035,4288.96967004391,"Bermuda"
-27,-113000,"AP0000063",989861208.962722,989.861208962722,4288.96967004391,"Bermuda"
-16,-114000,"AP0000056",686574745.6639,686.5747456639,4288.96967004391,"Bermuda"
-6,-115000,"AP0000064",128625801.000314,128.625801000314,4288.96967004391,"Bermuda"
0,-116000,"AP0000000",80773544.6807599,80.7735446807599,4288.96967004391,"Bermuda"
3,-117000,"AP0000065",67170290.8852003,67.1702908852003,4288.96967004391,"Bermuda"
5,-118000,"AP0000066",64447994.1603069,64.4479941603069,4288.96967004391,"Bermuda"
7,-119000,"AP0000067",61544223.3843467,61.5442233843467,4288.96967004391,"Bermuda"
9,-120000,"AP0000068",59002100.5372064,59.0021005372064,4288.96967004391,"Bermuda"
10,-121000,"AP0000069",57550714.1434715,57.5507141434715,4288.96967004391,"Bermuda"
10,-122000,"AP0000069",57550714.1434715,57.5507141434715,4288.96967004391,"Bermuda"
10,-123000,"AP0000069",57550714.1434715,57.5507141434715,4288.96967004391,"Bermuda"
9,-124000,"AP0000068",59002100.5372064,59.0021005372064,4288.96967004391,"Bermuda"
9,-125000,"AP0000068",59002100.5372064,59.0021005372064,4288.96967004391,"Bermuda"
10,-126000,"AP0000069",57550714.1434715,57.5507141434715,4288.96967004391,"Bermuda"
12,-127000,"AP0000070",54465762.3912764,54.4657623912764,4288.96967004391,"Bermuda"
10,-128000,"AP0000069",57550714.1434715,57.5507141434715,4288.96967004391,"Bermuda"
-3,-129000,"AP0000003",96545390.9424763,96.5453909424763,4288.96967004391,"Bermuda"
-27,-130000,"AP0000063",989861208.962722,989.861208962722,4288.96967004391,"Bermuda"
-28,-131000,"AP0000071",998559873.7459,998.5598737459,4288.96967004391,"Bermuda"
-26,-132000,"AP0000047",982976598.967901,982.976598967901,4288.96967004391,"Bermuda"
-24,-133000,"AP0000006",966317264.848495,966.317264848495,4288.96967004391,"Bermuda"
-22,-134000,"AP0000072",930105760.097892,930.105760097892,4288.96967004391,"Bermuda"
-20,-135000,"AP0000040",877950137.5182,877.950137518199,4288.96967004391,"Bermuda"
-18,-136000,"AP0000073",787537306.193286,787.537306193286,4288.96967004391,"Bermuda"
-19,-137000,"AP0000046",833741662.515902,833.741662515902,4288.96967004391,"Bermuda"
-22,-138000,"AP0000072",930105760.097892,930.105760097892,4288.96967004391,"Bermuda"
-28,-139000,"AP0000071",998559873.7459,998.5598737459,4288.96967004391,"Bermuda"
-44,-140000,"AP0000074",1051289619.78866,1051.28961978866,4288.96967004391,"Bermuda"
0,0,"AP0000000",2494929406.2612,2494.9294062612,4349.27264601254,"Reunion"
-1,-1000,"AP0000001",2502516219.06125,2502.51621906125,4349.27264601254,"Reunion"
-2,-2000,"AP0000002",2507507947.77329,2507.50794777329,4349.27264601254,"Reunion"
-3,-3000,"AP0000003",2513699012.23274,2513.69901223274,4349.27264601254,"Reunion"
-3,-4000,"AP0000003",2513699012.23274,2513.69901223274,4349.27264601254,"Reunion"
-3,-5000,"AP0000003",2513699012.23274,2513.69901223274,4349.27264601254,"Reunion"
-4,-6000,"AP0000004",2517692412.90759,2517.69241290759,4349.27264601254,"Reunion"
-4,-7000,"AP0000004",2517692412.90759,2517.69241290759,4349.27264601254,"Reunion"
-11,-8000,"AP0000005",2560030291.54409,2560.03029154409,4349.27264601254,"Reunion"
-24,-9000,"AP0000006",2638720383.74536,2638.72038374536,4349.27264601254,"Reunion"
-38,-10000,"AP0000007",2735173426.7418,2735.1734267418,4349.27264601254,"Reunion"
-52,-11000,"AP0000008",2749356420.9066,2749.3564209066,4349.27264601254,"Reunion"
-65,-12000,"AP0000009",2796511427.93958,2796.51142793958,4349.27264601254,"Reunion"
-76,-13000,"AP0000010",2816288873.42101,2816.28887342101,4349.27264601254,"Reunion"
-85,-14000,"AP0000011",2833675759.05858,2833.67575905858,4349.27264601254,"Reunion"
-93,-15000,"AP0000012",2845064945.32316,2845.06494532316,4349.27264601254,"Reunion"
-102,-16000,"AP0000013",2856052983.58627,2856.05298358627,4349.27264601254,"Reunion"
-109,-17000,"AP0000014",2862046060.92974,2862.04606092974,4349.27264601254,"Reunion"
-116,-18000,"AP0000015",2868037364.23227,2868.03736423227,4349.27264601254,"Reunion"
-121,-19000,"AP0000016",2871632829.54288,2871.63282954288,4349.27264601254,"Reunion"
-123,-20000,"AP0000017",2873030833.69539,2873.03083369539,4349.27264601254,"Reunion"
-122,-21000,"AP0000018",2872431904.71263,2872.43190471263,4349.27264601254,"Reunion"
-118,-22000,"AP0000019",2869235987.54912,2869.23598754912,4349.27264601254,"Reunion"
-112,-23000,"AP0000020",2864242892.07518,2864.24289207518,4349.27264601254,"Reunion"
-105,-24000,"AP0000021",2858650221.31808,2858.65022131808,4349.27264601254,"Reunion"
-98,-25000,"AP0000022",2852456184.17865,2852.45618417865,4349.27264601254,"Reunion"
-93,-26000,"AP0000012",2845064945.32316,2845.06494532316,4349.27264601254,"Reunion"
-90,-27000,"AP0000023",2840468249.40421,2840.46824940421,4349.27264601254,"Reunion"
-87,-28000,"AP0000024",2836472801.32755,2836.47280132755,4349.27264601254,"Reunion"
-84,-29000,"AP0000025",2832076897.57541,2832.07689757541,4349.27264601254,"Reunion"
-81,-30000,"AP0000026",2825484096.27634,2825.48409627634,4349.27264601254,"Reunion"
-79,-31000,"AP0000027",2822285356.93198,2822.28535693198,4349.27264601254,"Reunion"
-76,-32000,"AP0000010",2816288873.42101,2816.28887342101,4349.27264601254,"Reunion"
-75,-33000,"AP0000028",2814889858.01807,2814.88985801807,4349.27264601254,"Reunion"
-73,-34000,"AP0000029",2811295358.93962,2811.29535893962,4349.27264601254,"Reunion"
-72,-35000,"AP0000030",2810296030.7303,2810.2960307303,4349.27264601254,"Reunion"
-72,-36000,"AP0000030",2810296030.7303,2810.2960307303,4349.27264601254,"Reunion"
-72,-37000,"AP0000030",2810296030.7303,2810.2960307303,4349.27264601254,"Reunion"
-72,-38000,"AP0000030",2810296030.7303,2810.2960307303,4349.27264601254,"Reunion"
-74,-39000,"AP0000031",2812492988.23071,2812.49298823071,4349.27264601254,"Reunion"
-76,-40000,"AP0000010",2816288873.42101,2816.28887342101,4349.27264601254,"Reunion"
-78,-41000,"AP0000032",2820286760.33978,2820.28676033978,4349.27264601254,"Reunion"
-80,-42000,"AP0000033",2824485162.71516,2824.48516271516,4349.27264601254,"Reunion"
-82,-43000,"AP0000034",2827283468.02487,2827.28346802487,4349.27264601254,"Reunion"
-84,-44000,"AP0000025",2832076897.57541,2832.07689757541,4349.27264601254,"Reunion"
-85,-45000,"AP0000011",2833675759.05858,2833.67575905858,4349.27264601254,"Reunion"
-86,-46000,"AP0000035",2835274058.34927,2835.27405834927,4349.27264601254,"Reunion"
-86,-47000,"AP0000035",2835274058.34927,2835.27405834927,4349.27264601254,"Reunion"
-86,-48000,"AP0000035",2835274058.34927,2835.27405834927,4349.27264601254,"Reunion"
-86,-49000,"AP0000035",2835274058.34927,2835.27405834927,4349.27264601254,"Reunion"
-86,-50000,"AP0000035",2835274058.34927,2835.27405834927,4349.27264601254,"Reunion"
-86,-51000,"AP0000035",2835274058.34927,2835.27405834927,4349.27264601254,"Reunion"
-85,-52000,"AP0000011",2833675759.05858,2833.67575905858,4349.27264601254,"Reunion"
-85,-53000,"AP0000011",2833675759.05858,2833.67575905858,4349.27264601254,"Reunion"
-85,-54000,"AP0000011",2833675759.05858,2833.67575905858,4349.27264601254,"Reunion"
-84,-55000,"AP0000025",2832076897.57541,2832.07689757541,4349.27264601254,"Reunion"
-83,-56000,"AP0000036",2830878021.60932,2830.87802160932,4349.27264601254,"Reunion"
-82,-57000,"AP0000034",2827283468.02487,2827.28346802487,4349.27264601254,"Reunion"
-80,-58000,"AP0000033",2824485162.71516,2824.48516271516,4349.27264601254,"Reunion"
-79,-59000,"AP0000027",2822285356.93198,2822.28535693198,4349.27264601254,"Reunion"
-78,-60000,"AP0000032",2820286760.33978,2820.28676033978,4349.27264601254,"Reunion"
-77,-61000,"AP0000037",2818289259.14646,2818.28925914646,4349.27264601254,"Reunion"
-77,-62000,"AP0000037",2818289259.14646,2818.28925914646,4349.27264601254,"Reunion"
-77,-63000,"AP0000037",2818289259.14646,2818.28925914646,4349.27264601254,"Reunion"
-78,-64000,"AP0000032",2820286760.33978,2820.28676033978,4349.27264601254,"Reunion"
-79,-65000,"AP0000027",2822285356.93198,2822.28535693198,4349.27264601254,"Reunion"
-81,-66000,"AP0000026",2825484096.27634,2825.48409627634,4349.27264601254,"Reunion"
-82,-67000,"AP0000034",2827283468.02487,2827.28346802487,4349.27264601254,"Reunion"
-82,-68000,"AP0000034",2827283468.02487,2827.28346802487,4349.27264601254,"Reunion"
-81,-69000,"AP0000026",2825484096.27634,2825.48409627634,4349.27264601254,"Reunion"
-80,-70000,"AP0000033",2824485162.71516,2824.48516271516,4349.27264601254,"Reunion"
-81,-71000,"AP0000026",2825484096.27634,2825.48409627634,4349.27264601254,"Reunion"
-83,-72000,"AP0000036",2830878021.60932,2830.87802160932,4349.27264601254,"Reunion"
-72,-73000,"AP0000030",2810296030.7303,2810.2960307303,4349.27264601254,"Reunion"
-48,-74000,"AP0000038",2747556881.54181,2747.55688154181,4349.27264601254,"Reunion"
-29,-75000,"AP0000039",2682860061.71453,2682.86006171453,4349.27264601254,"Reunion"
-20,-76000,"AP0000040",2613355772.55201,2613.35577255201,4349.27264601254,"Reunion"
-17,-77000,"AP0000041",2595180783.59673,2595.18078359673,4349.27264601254,"Reunion"
-15,-78000,"AP0000042",2580200884.21785,2580.20088421785,4349.27264601254,"Reunion"
-14,-79000,"AP0000043",2575407630.56171,2575.40763056171,4349.27264601254,"Reunion"
-13,-80000,"AP0000044",2570015134.55139,2570.01513455139,4349.27264601254,"Reunion"
-12,-81000,"AP0000045",2565222190.02031,2565.22219002031,4349.27264601254,"Reunion"
-12,-82000,"AP0000045",2565222190.02031,2565.22219002031,4349.27264601254,"Reunion"
-13,-83000,"AP0000044",2570015134.55139,2570.01513455139,4349.27264601254,"Reunion"
-15,-84000,"AP0000042",2580200884.21785,2580.20088421785,4349.27264601254,"Reunion"
-19,-85000,"AP0000046",2607962808.29634,2607.96280829634,4349.27264601254,"Reunion"
-26,-86000,"AP0000047",2653101154.48147,2653.10115448147,4349.27264601254,"Reunion"
-34,-87000,"AP0000048",2717008519.79817,2717.00851979817,4349.27264601254,"Reunion"
-43,-88000,"AP0000049",2744758907.17705,2744.75890717705,4349.27264601254,"Reunion"
-49,-89000,"AP0000050",2747756874.17004,2747.75687417004,4349.27264601254,"Reunion"
-52,-90000,"AP0000008",2749356420.9066,2749.3564209066,4349.27264601254,"Reunion"
-54,-91000,"AP0000051",2751552391.7035,2751.5523917035,4349.27264601254,"Reunion"
-55,-92000,"AP0000052",2753751293.45834,2753.75129345834,4349.27264601254,"Reunion"
-55,-93000,"AP0000052",2753751293.45834,2753.75129345834,4349.27264601254,"Reunion"
-56,-94000,"AP0000053",2755749019.88516,2755.74901988516,4349.27264601254,"Reunion"
-54,-95000,"AP0000051",2751552391.7035,2751.5523917035,4349.27264601254,"Reunion"
-46,-96000,"AP0000054",2746357346.40897,2746.35734640897,4349.27264601254,"Reunion"
-35,-97000,"AP0000055",2722598993.50226,2722.59899350226,4349.27264601254,"Reunion"
-24,-98000,"AP0000006",2638720383.74536,2638.72038374536,4349.27264601254,"Reunion"
-16,-99000,"AP0000056",2588787423.78544,2588.78742378544,4349.27264601254,"Reunion"
-12,-1e+05,"AP0000045",2565222190.02031,2565.22219002031,4349.27264601254,"Reunion"
-10,-101000,"AP0000057",2555636476.66169,2555.63647666169,4349.27264601254,"Reunion"
-10,-102000,"AP0000057",2555636476.66169,2555.63647666169,4349.27264601254,"Reunion"
-9,-103000,"AP0000058",2548047114.05707,2548.04711405707,4349.27264601254,"Reunion"
-8,-104000,"AP0000059",2541855305.97091,2541.85530597091,4349.27264601254,"Reunion"
-10,-105000,"AP0000057",2555636476.66169,2555.63647666169,4349.27264601254,"Reunion"
-16,-106000,"AP0000056",2588787423.78544,2588.78742378544,4349.27264601254,"Reunion"
-26,-107000,"AP0000047",2653101154.48147,2653.10115448147,4349.27264601254,"Reunion"
-31,-108000,"AP0000060",2700434402.65409,2700.43440265409,4349.27264601254,"Reunion"
-33,-109000,"AP0000061",2712216530.28209,2712.21653028209,4349.27264601254,"Reunion"
-33,-110000,"AP0000061",2712216530.28209,2712.21653028209,4349.27264601254,"Reunion"
-32,-111000,"AP0000062",2705824802.75984,2705.82480275984,4349.27264601254,"Reunion"
-32,-112000,"AP0000062",2705824802.75984,2705.82480275984,4349.27264601254,"Reunion"
-27,-113000,"AP0000063",2662887837.36321,2662.88783736321,4349.27264601254,"Reunion"
-16,-114000,"AP0000056",2588787423.78544,2588.78742378544,4349.27264601254,"Reunion"
-6,-115000,"AP0000064",2529671274.09562,2529.67127409562,4349.27264601254,"Reunion"
0,-116000,"AP0000000",2494929406.2612,2494.9294062612,4349.27264601254,"Reunion"
3,-117000,"AP0000065",2482149705.07049,2482.14970507049,4349.27264601254,"Reunion"
5,-118000,"AP0000066",2462980767.81998,2462.98076781998,4349.27264601254,"Reunion"
7,-119000,"AP0000067",2433625896.18,2433.62589618,4349.27264601254,"Reunion"
9,-120000,"AP0000068",2409263067.98916,2409.26306798916,4349.27264601254,"Reunion"
10,-121000,"AP0000069",2396083112.05154,2396.08311205154,4349.27264601254,"Reunion"
10,-122000,"AP0000069",2396083112.05154,2396.08311205154,4349.27264601254,"Reunion"
10,-123000,"AP0000069",2396083112.05154,2396.08311205154,4349.27264601254,"Reunion"
9,-124000,"AP0000068",2409263067.98916,2409.26306798916,4349.27264601254,"Reunion"
9,-125000,"AP0000068",2409263067.98916,2409.26306798916,4349.27264601254,"Reunion"
10,-126000,"AP0000069",2396083112.05154,2396.08311205154,4349.27264601254,"Reunion"
12,-127000,"AP0000070",2371918386.33656,2371.91838633656,4349.27264601254,"Reunion"
10,-128000,"AP0000069",2396083112.05154,2396.08311205154,4349.27264601254,"Reunion"
-3,-129000,"AP0000003",2513699012.23274,2513.69901223274,4349.27264601254,"Reunion"
-27,-130000,"AP0000063",2662887837.36321,2662.88783736321,4349.27264601254,"Reunion"
-28,-131000,"AP0000071",2673871782.8756,2673.8717828756,4349.27264601254,"Reunion"
-26,-132000,"AP0000047",2653101154.48147,2653.10115448147,4349.27264601254,"Reunion"
-24,-133000,"AP0000006",2638720383.74536,2638.72038374536,4349.27264601254,"Reunion"
-22,-134000,"AP0000072",2625740565.63706,2625.74056563706,4349.27264601254,"Reunion"
-20,-135000,"AP0000040",2613355772.55201,2613.35577255201,4349.27264601254,"Reunion"
-18,-136000,"AP0000073",2602569950.57978,2602.56995057978,4349.27264601254,"Reunion"
-19,-137000,"AP0000046",2607962808.29634,2607.96280829634,4349.27264601254,"Reunion"
-22,-138000,"AP0000072",2625740565.63706,2625.74056563706,4349.27264601254,"Reunion"
-28,-139000,"AP0000071",2673871782.8756,2673.8717828756,4349.27264601254,"Reunion"
-44,-140000,"AP0000074",2744958790.59039,2744.95879059039,4349.27264601254,"Reunion"
0,0,"AP0000000",1040648311.18907,1040.64831118907,22322.9957309375,"Chatham"
-1,-1000,"AP0000001",1084489535.24671,1084.48953524671,22322.9957309375,"Chatham"
-2,-2000,"AP0000002",1104801856.27337,1104.80185627337,22322.9957309375,"Chatham"
-3,-3000,"AP0000003",1119996340.0845,1119.9963400845,22322.9957309375,"Chatham"
-3,-4000,"AP0000003",1119996340.0845,1119.9963400845,22322.9957309375,"Chatham"
-3,-5000,"AP0000003",1119996340.0845,1119.9963400845,22322.9957309375,"Chatham"
-4,-6000,"AP0000004",1136577351.78585,1136.57735178585,22322.9957309375,"Chatham"
-4,-7000,"AP0000004",1136577351.78585,1136.57735178585,22322.9957309375,"Chatham"
-11,-8000,"AP0000005",1268098685.43975,1268.09868543975,22322.9957309375,"Chatham"
-24,-9000,"AP0000006",1565107965.55696,1565.10796555696,22322.9957309375,"Chatham"
-38,-10000,"AP0000007",2100970275.73017,2100.97027573017,22322.9957309375,"Chatham"
-52,-11000,"AP0000008",3193109177.87676,3193.10917787676,22322.9957309375,"Chatham"
-65,-12000,"AP0000009",4202321612.4288,4202.3216124288,22322.9957309375,"Chatham"
-76,-13000,"AP0000010",4727372765.5149,4727.3727655149,22322.9957309375,"Chatham"
-85,-14000,"AP0000011",5186088901.46517,5186.08890146517,22322.9957309375,"Chatham"
-93,-15000,"AP0000012",5659509127.47978,5659.50912747978,22322.9957309375,"Chatham"
-102,-16000,"AP0000013",6833801329.46015,6833.80132946015,22322.9957309375,"Chatham"
-109,-17000,"AP0000014",7578497843.94304,7578.49784394304,22322.9957309375,"Chatham"
-116,-18000,"AP0000015",8068371846.30493,8068.37184630493,22322.9957309375,"Chatham"
-121,-19000,"AP0000016",8391429040.68604,8391.42904068604,22322.9957309375,"Chatham"
-123,-20000,"AP0000017",8533352983.53502,8533.35298353502,22322.9957309375,"Chatham"
-122,-21000,"AP0000018",8458277314.99252,8458.27731499252,22322.9957309375,"Chatham"
-118,-22000,"AP0000019",8191201540.63978,8191.20154063978,22322.9957309375,"Chatham"
-112,-23000,"AP0000020",7801229492.67016,7801.22949267016,22322.9957309375,"Chatham"
-105,-24000,"AP0000021",7219257067.19595,7219.25706719595,22322.9957309375,"Chatham"
-98,-25000,"AP0000022",6104287279.35843,6104.28727935843,22322.9957309375,"Chatham"
-93,-26000,"AP0000012",5659509127.47978,5659.50912747978,22322.9957309375,"Chatham"
-90,-27000,"AP0000023",5458014795.51522,5458.01479551522,22322.9957309375,"Chatham"
-87,-28000,"AP0000024",5293554738.71756,5293.55473871756,22322.9957309375,"Chatham"
-84,-29000,"AP0000025",5134989379.93945,5134.98937993945,22322.9957309375,"Chatham"
-81,-30000,"AP0000026",4980442867.03897,4980.44286703897,22322.9957309375,"Chatham"
-79,-31000,"AP0000027",4880674366.40137,4880.67436640137,22322.9957309375,"Chatham"
-76,-32000,"AP0000010",4727372765.5149,4727.3727655149,22322.9957309375,"Chatham"
-75,-33000,"AP0000028",4674862782.71876,4674.86278271876,22322.9957309375,"Chatham"
-73,-34000,"AP0000029",4574701256.15615,4574.70125615615,22322.9957309375,"Chatham"
-72,-35000,"AP0000030",4525146972.70125,4525.14697270125,22322.9957309375,"Chatham"
-72,-36000,"AP0000030",4525146972.70125,4525.14697270125,22322.9957309375,"Chatham"
-72,-37000,"AP0000030",4525146972.70125,4525.14697270125,22322.9957309375,"Chatham"
-72,-38000,"AP0000030",4525146972.70125,4525.14697270125,22322.9957309375,"Chatham"
-74,-39000,"AP0000031",4622703973.65014,4622.70397365014,22322.9957309375,"Chatham"
-76,-40000,"AP0000010",4727372765.5149,4727.3727655149,22322.9957309375,"Chatham"
-78,-41000,"AP0000032",4830335056.16308,4830.33505616308,22322.9957309375,"Chatham"
-80,-42000,"AP0000033",4929629020.63708,4929.62902063708,22322.9957309375,"Chatham"
-82,-43000,"AP0000034",5032155266.06594,5032.15526606594,22322.9957309375,"Chatham"
-84,-44000,"AP0000025",5134989379.93945,5134.98937993945,22322.9957309375,"Chatham"
-85,-45000,"AP0000011",5186088901.46517,5186.08890146517,22322.9957309375,"Chatham"
-86,-46000,"AP0000035",5238427395.20142,5238.42739520142,22322.9957309375,"Chatham"
-86,-47000,"AP0000035",5238427395.20142,5238.42739520142,22322.9957309375,"Chatham"
-86,-48000,"AP0000035",5238427395.20142,5238.42739520142,22322.9957309375,"Chatham"
-86,-49000,"AP0000035",5238427395.20142,5238.42739520142,22322.9957309375,"Chatham"
-86,-50000,"AP0000035",5238427395.20142,5238.42739520142,22322.9957309375,"Chatham"
-86,-51000,"AP0000035",5238427395.20142,5238.42739520142,22322.9957309375,"Chatham"
-85,-52000,"AP0000011",5186088901.46517,5186.08890146517,22322.9957309375,"Chatham"
-85,-53000,"AP0000011",5186088901.46517,5186.08890146517,22322.9957309375,"Chatham"
-85,-54000,"AP0000011",5186088901.46517,5186.08890146517,22322.9957309375,"Chatham"
-84,-55000,"AP0000025",5134989379.93945,5134.98937993945,22322.9957309375,"Chatham"
-83,-56000,"AP0000036",5083257225.68071,5083.25722568071,22322.9957309375,"Chatham"
-82,-57000,"AP0000034",5032155266.06594,5032.15526606594,22322.9957309375,"Chatham"
-80,-58000,"AP0000033",4929629020.63708,4929.62902063708,22322.9957309375,"Chatham"
-79,-59000,"AP0000027",4880674366.40137,4880.67436640137,22322.9957309375,"Chatham"
-78,-60000,"AP0000032",4830335056.16308,4830.33505616308,22322.9957309375,"Chatham"
-77,-61000,"AP0000037",4776460947.55996,4776.46094755996,22322.9957309375,"Chatham"
-77,-62000,"AP0000037",4776460947.55996,4776.46094755996,22322.9957309375,"Chatham"
-77,-63000,"AP0000037",4776460947.55996,4776.46094755996,22322.9957309375,"Chatham"
-78,-64000,"AP0000032",4830335056.16308,4830.33505616308,22322.9957309375,"Chatham"
-79,-65000,"AP0000027",4880674366.40137,4880.67436640137,22322.9957309375,"Chatham"
-81,-66000,"AP0000026",4980442867.03897,4980.44286703897,22322.9957309375,"Chatham"
-82,-67000,"AP0000034",5032155266.06594,5032.15526606594,22322.9957309375,"Chatham"
-82,-68000,"AP0000034",5032155266.06594,5032.15526606594,22322.9957309375,"Chatham"
-81,-69000,"AP0000026",4980442867.03897,4980.44286703897,22322.9957309375,"Chatham"
-80,-70000,"AP0000033",4929629020.63708,4929.62902063708,22322.9957309375,"Chatham"
-81,-71000,"AP0000026",4980442867.03897,4980.44286703897,22322.9957309375,"Chatham"
-83,-72000,"AP0000036",5083257225.68071,5083.25722568071,22322.9957309375,"Chatham"
-72,-73000,"AP0000030",4525146972.70125,4525.14697270125,22322.9957309375,"Chatham"
-48,-74000,"AP0000038",2613462601.57077,2613.46260157077,22322.9957309375,"Chatham"
-29,-75000,"AP0000039",1712702759.56945,1712.70275956945,22322.9957309375,"Chatham"
-20,-76000,"AP0000040",1473231291.88061,1473.23129188061,22322.9957309375,"Chatham"
-17,-77000,"AP0000041",1390944767.71169,1390.94476771169,22322.9957309375,"Chatham"
-15,-78000,"AP0000042",1351759101.23713,1351.75910123713,22322.9957309375,"Chatham"
-14,-79000,"AP0000043",1331000447.46837,1331.00044746837,22322.9957309375,"Chatham"
-13,-80000,"AP0000044",1308843014.74713,1308.84301474713,22322.9957309375,"Chatham"
-12,-81000,"AP0000045",1287311110.74955,1287.31111074955,22322.9957309375,"Chatham"
-12,-82000,"AP0000045",1287311110.74955,1287.31111074955,22322.9957309375,"Chatham"
-13,-83000,"AP0000044",1308843014.74713,1308.84301474713,22322.9957309375,"Chatham"
-15,-84000,"AP0000042",1351759101.23713,1351.75910123713,22322.9957309375,"Chatham"
-19,-85000,"AP0000046",1440980175.26982,1440.98017526982,22322.9957309375,"Chatham"
-26,-86000,"AP0000047",1612350758.66253,1612.35075866253,22322.9957309375,"Chatham"
-34,-87000,"AP0000048",1945903814.08536,1945.90381408536,22322.9957309375,"Chatham"
-43,-88000,"AP0000049",2312596711.95417,2312.59671195417,22322.9957309375,"Chatham"
-49,-89000,"AP0000050",2716334479.845,2716.334479845,22322.9957309375,"Chatham"
-52,-90000,"AP0000008",3193109177.87676,3193.10917787676,22322.9957309375,"Chatham"
-54,-91000,"AP0000051",3420340796.27621,3420.34079627621,22322.9957309375,"Chatham"
-55,-92000,"AP0000052",3547318699.12635,3547.31869912635,22322.9957309375,"Chatham"
-55,-93000,"AP0000052",3547318699.12635,3547.31869912635,22322.9957309375,"Chatham"
-56,-94000,"AP0000053",3618074973.18892,3618.07497318892,22322.9957309375,"Chatham"
-54,-95000,"AP0000051",3420340796.27621,3420.34079627621,22322.9957309375,"Chatham"
-46,-96000,"AP0000054",2475109750.98677,2475.10975098677,22322.9957309375,"Chatham"
-35,-97000,"AP0000055",1985871504.44229,1985.87150444229,22322.9957309375,"Chatham"
-24,-98000,"AP0000006",1565107965.55696,1565.10796555696,22322.9957309375,"Chatham"
-16,-99000,"AP0000056",1372668794.90658,1372.66879490658,22322.9957309375,"Chatham"
-12,-1e+05,"AP0000045",1287311110.74955,1287.31111074955,22322.9957309375,"Chatham"
-10,-101000,"AP0000057",1247501079.56635,1247.50107956635,22322.9957309375,"Chatham"
-10,-102000,"AP0000057",1247501079.56635,1247.50107956635,22322.9957309375,"Chatham"
-9,-103000,"AP0000058",1229378254.67104,1229.37825467104,22322.9957309375,"Chatham"
-8,-104000,"AP0000059",1207694856.49927,1207.69485649927,22322.9957309375,"Chatham"
-10,-105000,"AP0000057",1247501079.56635,1247.50107956635,22322.9957309375,"Chatham"
-16,-106000,"AP0000056",1372668794.90658,1372.66879490658,22322.9957309375,"Chatham"
-26,-107000,"AP0000047",1612350758.66253,1612.35075866253,22322.9957309375,"Chatham"
-31,-108000,"AP0000060",1830782031.55016,1830.78203155016,22322.9957309375,"Chatham"
-33,-109000,"AP0000061",1908253755.34684,1908.25375534684,22322.9957309375,"Chatham"
-33,-110000,"AP0000061",1908253755.34684,1908.25375534684,22322.9957309375,"Chatham"
-32,-111000,"AP0000062",1871224800.5422,1871.2248005422,22322.9957309375,"Chatham"
-32,-112000,"AP0000062",1871224800.5422,1871.2248005422,22322.9957309375,"Chatham"
-27,-113000,"AP0000063",1637774583.80556,1637.77458380556,22322.9957309375,"Chatham"
-16,-114000,"AP0000056",1372668794.90658,1372.66879490658,22322.9957309375,"Chatham"
-6,-115000,"AP0000064",1171601803.45119,1171.60180345119,22322.9957309375,"Chatham"
0,-116000,"AP0000000",1040648311.18907,1040.64831118907,22322.9957309375,"Chatham"
3,-117000,"AP0000065",868446763.487539,868.446763487539,22322.9957309375,"Chatham"
5,-118000,"AP0000066",827343492.41715,827.34349241715,22322.9957309375,"Chatham"
7,-119000,"AP0000067",785754109.145634,785.754109145634,22322.9957309375,"Chatham"
9,-120000,"AP0000068",755181144.295341,755.181144295341,22322.9957309375,"Chatham"
10,-121000,"AP0000069",741520043.600574,741.520043600574,22322.9957309375,"Chatham"
10,-122000,"AP0000069",741520043.600574,741.520043600574,22322.9957309375,"Chatham"
10,-123000,"AP0000069",741520043.600574,741.520043600574,22322.9957309375,"Chatham"
9,-124000,"AP0000068",755181144.295341,755.181144295341,22322.9957309375,"Chatham"
9,-125000,"AP0000068",755181144.295341,755.181144295341,22322.9957309375,"Chatham"
10,-126000,"AP0000069",741520043.600574,741.520043600574,22322.9957309375,"Chatham"
12,-127000,"AP0000070",715609862.699031,715.609862699031,22322.9957309375,"Chatham"
10,-128000,"AP0000069",741520043.600574,741.520043600574,22322.9957309375,"Chatham"
-3,-129000,"AP0000003",1119996340.0845,1119.9963400845,22322.9957309375,"Chatham"
-27,-130000,"AP0000063",1637774583.80556,1637.77458380556,22322.9957309375,"Chatham"
-28,-131000,"AP0000071",1666600982.05859,1666.60098205859,22322.9957309375,"Chatham"
-26,-132000,"AP0000047",1612350758.66253,1612.35075866253,22322.9957309375,"Chatham"
-24,-133000,"AP0000006",1565107965.55696,1565.10796555696,22322.9957309375,"Chatham"
-22,-134000,"AP0000072",1516466026.275,1516.466026275,22322.9957309375,"Chatham"
-20,-135000,"AP0000040",1473231291.88061,1473.23129188061,22322.9957309375,"Chatham"
-18,-136000,"AP0000073",1418215962.21292,1418.21596221292,22322.9957309375,"Chatham"
-19,-137000,"AP0000046",1440980175.26982,1440.98017526982,22322.9957309375,"Chatham"
-22,-138000,"AP0000072",1516466026.275,1516.466026275,22322.9957309375,"Chatham"
-28,-139000,"AP0000071",1666600982.05859,1666.60098205859,22322.9957309375,"Chatham"
-44,-140000,"AP0000074",2361526735.49664,2361.52673549664,22322.9957309375,"Chatham"
0,0,"AP0000000",1132725458.50776,1132.72545850776,24072.5088751998,"SaoTome_Principe"
-1,-1000,"AP0000001",1137853396.01393,1137.85339601393,24072.5088751998,"SaoTome_Principe"
-2,-2000,"AP0000002",1138494315.28968,1138.49431528968,24072.5088751998,"SaoTome_Principe"
-3,-3000,"AP0000003",1138707927.1303,1138.7079271303,24072.5088751998,"SaoTome_Principe"
-3,-4000,"AP0000003",1138707927.1303,1138.7079271303,24072.5088751998,"SaoTome_Principe"
-3,-5000,"AP0000003",1138707927.1303,1138.7079271303,24072.5088751998,"SaoTome_Principe"
-4,-6000,"AP0000004",1139135237.74308,1139.13523774308,24072.5088751998,"SaoTome_Principe"
-4,-7000,"AP0000004",1139135237.74308,1139.13523774308,24072.5088751998,"SaoTome_Principe"
-11,-8000,"AP0000005",1144476995.23409,1144.47699523409,24072.5088751998,"SaoTome_Principe"
-24,-9000,"AP0000006",1182292539.69539,1182.29253969539,24072.5088751998,"SaoTome_Principe"
-38,-10000,"AP0000007",1308986939.51327,1308.98693951327,24072.5088751998,"SaoTome_Principe"
-52,-11000,"AP0000008",1505334424.35764,1505.33442435764,24072.5088751998,"SaoTome_Principe"
-65,-12000,"AP0000009",1762988846.15414,1762.98884615414,24072.5088751998,"SaoTome_Principe"
-76,-13000,"AP0000010",2012523004.76272,2012.52300476272,24072.5088751998,"SaoTome_Principe"
-85,-14000,"AP0000011",2284691407.10844,2284.69140710844,24072.5088751998,"SaoTome_Principe"
-93,-15000,"AP0000012",2327847554.52653,2327.84755452653,24072.5088751998,"SaoTome_Principe"
-102,-16000,"AP0000013",2360964209.23875,2360.96420923875,24072.5088751998,"SaoTome_Principe"
-109,-17000,"AP0000014",2379123967.43895,2379.12396743895,24072.5088751998,"SaoTome_Principe"
-116,-18000,"AP0000015",2395788089.65676,2395.78808965676,24072.5088751998,"SaoTome_Principe"
-121,-19000,"AP0000016",2407111819.8125,2407.1118198125,24072.5088751998,"SaoTome_Principe"
-123,-20000,"AP0000017",2411812253.52522,2411.81225352522,24072.5088751998,"SaoTome_Principe"
-122,-21000,"AP0000018",2409462062.19502,2409.46206219502,24072.5088751998,"SaoTome_Principe"
-118,-22000,"AP0000019",2400274836.17756,2400.27483617756,24072.5088751998,"SaoTome_Principe"
-112,-23000,"AP0000020",2387028465.97206,2387.02846597206,24072.5088751998,"SaoTome_Principe"
-105,-24000,"AP0000021",2368441902.11102,2368.44190211102,24072.5088751998,"SaoTome_Principe"
-98,-25000,"AP0000022",2347076504.91463,2347.07650491463,24072.5088751998,"SaoTome_Principe"
-93,-26000,"AP0000012",2327847554.52653,2327.84755452653,24072.5088751998,"SaoTome_Principe"
-90,-27000,"AP0000023",2316097405.40587,2316.09740540587,24072.5088751998,"SaoTome_Principe"
-87,-28000,"AP0000024",2299646697.73919,2299.64669773919,24072.5088751998,"SaoTome_Principe"
-84,-29000,"AP0000025",2271018717.67022,2271.01871767022,24072.5088751998,"SaoTome_Principe"
-81,-30000,"AP0000026",2194109779.49845,2194.10977949845,24072.5088751998,"SaoTome_Principe"
-79,-31000,"AP0000027",2102249730.77204,2102.24973077204,24072.5088751998,"SaoTome_Principe"
-76,-32000,"AP0000010",2012523004.76272,2012.52300476272,24072.5088751998,"SaoTome_Principe"
-75,-33000,"AP0000028",1983896043.44549,1983.89604344549,24072.5088751998,"SaoTome_Principe"
-73,-34000,"AP0000029",1934972511.66744,1934.97251166744,24072.5088751998,"SaoTome_Principe"
-72,-35000,"AP0000030",1909975186.07685,1909.97518607685,24072.5088751998,"SaoTome_Principe"
-72,-36000,"AP0000030",1909975186.07685,1909.97518607685,24072.5088751998,"SaoTome_Principe"
-72,-37000,"AP0000030",1909975186.07685,1909.97518607685,24072.5088751998,"SaoTome_Principe"
-72,-38000,"AP0000030",1909975186.07685,1909.97518607685,24072.5088751998,"SaoTome_Principe"
-74,-39000,"AP0000031",1956763905.74554,1956.76390574554,24072.5088751998,"SaoTome_Principe"
-76,-40000,"AP0000010",2012523004.76272,2012.52300476272,24072.5088751998,"SaoTome_Principe"
-78,-41000,"AP0000032",2069564206.03563,2069.56420603563,24072.5088751998,"SaoTome_Principe"
-80,-42000,"AP0000033",2166337394.0673,2166.3373940673,24072.5088751998,"SaoTome_Principe"
-82,-43000,"AP0000034",2224232214.99546,2224.23221499546,24072.5088751998,"SaoTome_Principe"
-84,-44000,"AP0000025",2271018717.67022,2271.01871767022,24072.5088751998,"SaoTome_Principe"
-85,-45000,"AP0000011",2284691407.10844,2284.69140710844,24072.5088751998,"SaoTome_Principe"
-86,-46000,"AP0000035",2294946435.20245,2294.94643520245,24072.5088751998,"SaoTome_Principe"
-86,-47000,"AP0000035",2294946435.20245,2294.94643520245,24072.5088751998,"SaoTome_Principe"
-86,-48000,"AP0000035",2294946435.20245,2294.94643520245,24072.5088751998,"SaoTome_Principe"
-86,-49000,"AP0000035",2294946435.20245,2294.94643520245,24072.5088751998,"SaoTome_Principe"
-86,-50000,"AP0000035",2294946435.20245,2294.94643520245,24072.5088751998,"SaoTome_Principe"
-86,-51000,"AP0000035",2294946435.20245,2294.94643520245,24072.5088751998,"SaoTome_Principe"
-85,-52000,"AP0000011",2284691407.10844,2284.69140710844,24072.5088751998,"SaoTome_Principe"
-85,-53000,"AP0000011",2284691407.10844,2284.69140710844,24072.5088751998,"SaoTome_Principe"
-85,-54000,"AP0000011",2284691407.10844,2284.69140710844,24072.5088751998,"SaoTome_Principe"
-84,-55000,"AP0000025",2271018717.67022,2271.01871767022,24072.5088751998,"SaoTome_Principe"
-83,-56000,"AP0000036",2252432039.24859,2252.43203924859,24072.5088751998,"SaoTome_Principe"
-82,-57000,"AP0000034",2224232214.99546,2224.23221499546,24072.5088751998,"SaoTome_Principe"
-80,-58000,"AP0000033",2166337394.0673,2166.3373940673,24072.5088751998,"SaoTome_Principe"
-79,-59000,"AP0000027",2102249730.77204,2102.24973077204,24072.5088751998,"SaoTome_Principe"
-78,-60000,"AP0000032",2069564206.03563,2069.56420603563,24072.5088751998,"SaoTome_Principe"
-77,-61000,"AP0000037",2040296383.87963,2040.29638387963,24072.5088751998,"SaoTome_Principe"
-77,-62000,"AP0000037",2040296383.87963,2040.29638387963,24072.5088751998,"SaoTome_Principe"
-77,-63000,"AP0000037",2040296383.87963,2040.29638387963,24072.5088751998,"SaoTome_Principe"
-78,-64000,"AP0000032",2069564206.03563,2069.56420603563,24072.5088751998,"SaoTome_Principe"
-79,-65000,"AP0000027",2102249730.77204,2102.24973077204,24072.5088751998,"SaoTome_Principe"
-81,-66000,"AP0000026",2194109779.49845,2194.10977949845,24072.5088751998,"SaoTome_Principe"
-82,-67000,"AP0000034",2224232214.99546,2224.23221499546,24072.5088751998,"SaoTome_Principe"
-82,-68000,"AP0000034",2224232214.99546,2224.23221499546,24072.5088751998,"SaoTome_Principe"
-81,-69000,"AP0000026",2194109779.49845,2194.10977949845,24072.5088751998,"SaoTome_Principe"
-80,-70000,"AP0000033",2166337394.0673,2166.3373940673,24072.5088751998,"SaoTome_Principe"
-81,-71000,"AP0000026",2194109779.49845,2194.10977949845,24072.5088751998,"SaoTome_Principe"
-83,-72000,"AP0000036",2252432039.24859,2252.43203924859,24072.5088751998,"SaoTome_Principe"
-72,-73000,"AP0000030",1909975186.07685,1909.97518607685,24072.5088751998,"SaoTome_Principe"
-48,-74000,"AP0000038",1449996716.71177,1449.99671671177,24072.5088751998,"SaoTome_Principe"
-29,-75000,"AP0000039",1215835550.76304,1215.83555076304,24072.5088751998,"SaoTome_Principe"
-20,-76000,"AP0000040",1162850825.83501,1162.85082583501,24072.5088751998,"SaoTome_Principe"
-17,-77000,"AP0000041",1152382133.71794,1152.38213371794,24072.5088751998,"SaoTome_Principe"
-15,-78000,"AP0000042",1148963377.50161,1148.96337750161,24072.5088751998,"SaoTome_Principe"
-14,-79000,"AP0000043",1147040720.18437,1147.04072018437,24072.5088751998,"SaoTome_Principe"
-13,-80000,"AP0000044",1145758947.60381,1145.75894760381,24072.5088751998,"SaoTome_Principe"
-12,-81000,"AP0000045",1145117936.95501,1145.11793695501,24072.5088751998,"SaoTome_Principe"
-12,-82000,"AP0000045",1145117936.95501,1145.11793695501,24072.5088751998,"SaoTome_Principe"
-13,-83000,"AP0000044",1145758947.60381,1145.75894760381,24072.5088751998,"SaoTome_Principe"
-15,-84000,"AP0000042",1148963377.50161,1148.96337750161,24072.5088751998,"SaoTome_Principe"
-19,-85000,"AP0000046",1160714425.03793,1160.71442503793,24072.5088751998,"SaoTome_Principe"
-26,-86000,"AP0000047",1195538492.83364,1195.53849283364,24072.5088751998,"SaoTome_Principe"
-34,-87000,"AP0000048",1261343567.68016,1261.34356768016,24072.5088751998,"SaoTome_Principe"
-43,-88000,"AP0000049",1379064301.25141,1379.06430125141,24072.5088751998,"SaoTome_Principe"
-49,-89000,"AP0000050",1465380052.27754,1465.38005227754,24072.5088751998,"SaoTome_Principe"
-52,-90000,"AP0000008",1505334424.35764,1505.33442435764,24072.5088751998,"SaoTome_Principe"
-54,-91000,"AP0000051",1532682549.93096,1532.68254993096,24072.5088751998,"SaoTome_Principe"
-55,-92000,"AP0000052",1547638520.73523,1547.63852073523,24072.5088751998,"SaoTome_Principe"
-55,-93000,"AP0000052",1547638520.73523,1547.63852073523,24072.5088751998,"SaoTome_Principe"
-56,-94000,"AP0000053",1565157817.9422,1565.1578179422,24072.5088751998,"SaoTome_Principe"
-54,-95000,"AP0000051",1532682549.93096,1532.68254993096,24072.5088751998,"SaoTome_Principe"
-46,-96000,"AP0000054",1424144698.23722,1424.14469823722,24072.5088751998,"SaoTome_Principe"
-35,-97000,"AP0000055",1270744362.02221,1270.74436202221,24072.5088751998,"SaoTome_Principe"
-24,-98000,"AP0000006",1182292539.69539,1182.29253969539,24072.5088751998,"SaoTome_Principe"
-16,-99000,"AP0000056",1150245409.61603,1150.24540961603,24072.5088751998,"SaoTome_Principe"
-12,-1e+05,"AP0000045",1145117936.95501,1145.11793695501,24072.5088751998,"SaoTome_Principe"
-10,-101000,"AP0000057",1143408683.29326,1143.40868329326,24072.5088751998,"SaoTome_Principe"
-10,-102000,"AP0000057",1143408683.29326,1143.40868329326,24072.5088751998,"SaoTome_Principe"
-9,-103000,"AP0000058",1142340276.41316,1142.34027641316,24072.5088751998,"SaoTome_Principe"
-8,-104000,"AP0000059",1141271952.52414,1141.27195252414,24072.5088751998,"SaoTome_Principe"
-10,-105000,"AP0000057",1143408683.29326,1143.40868329326,24072.5088751998,"SaoTome_Principe"
-16,-106000,"AP0000056",1150245409.61603,1150.24540961603,24072.5088751998,"SaoTome_Principe"
-26,-107000,"AP0000047",1195538492.83364,1195.53849283364,24072.5088751998,"SaoTome_Principe"
-31,-108000,"AP0000060",1234209435.66962,1234.20943566962,24072.5088751998,"SaoTome_Principe"
-33,-109000,"AP0000061",1252369608.46468,1252.36960846468,24072.5088751998,"SaoTome_Principe"
-33,-110000,"AP0000061",1252369608.46468,1252.36960846468,24072.5088751998,"SaoTome_Principe"
-32,-111000,"AP0000062",1244678402.67328,1244.67840267328,24072.5088751998,"SaoTome_Principe"
-32,-112000,"AP0000062",1244678402.67328,1244.67840267328,24072.5088751998,"SaoTome_Principe"
-27,-113000,"AP0000063",1202161915.79194,1202.16191579194,24072.5088751998,"SaoTome_Principe"
-16,-114000,"AP0000056",1150245409.61603,1150.24540961603,24072.5088751998,"SaoTome_Principe"
-6,-115000,"AP0000064",1139776240.657,1139.776240657,24072.5088751998,"SaoTome_Principe"
0,-116000,"AP0000000",1132725458.50776,1132.72545850776,24072.5088751998,"SaoTome_Principe"
3,-117000,"AP0000065",1115847037.1089,1115.8470371089,24072.5088751998,"SaoTome_Principe"
5,-118000,"AP0000066",1105378217.02479,1105.37821702479,24072.5088751998,"SaoTome_Principe"
7,-119000,"AP0000067",1095336621.28959,1095.33662128959,24072.5088751998,"SaoTome_Principe"
9,-120000,"AP0000068",1088286042.61304,1088.28604261304,24072.5088751998,"SaoTome_Principe"
10,-121000,"AP0000069",1082730942.39126,1082.73094239126,24072.5088751998,"SaoTome_Principe"
10,-122000,"AP0000069",1082730942.39126,1082.73094239126,24072.5088751998,"SaoTome_Principe"
10,-123000,"AP0000069",1082730942.39126,1082.73094239126,24072.5088751998,"SaoTome_Principe"
9,-124000,"AP0000068",1088286042.61304,1088.28604261304,24072.5088751998,"SaoTome_Principe"
9,-125000,"AP0000068",1088286042.61304,1088.28604261304,24072.5088751998,"SaoTome_Principe"
10,-126000,"AP0000069",1082730942.39126,1082.73094239126,24072.5088751998,"SaoTome_Principe"
12,-127000,"AP0000070",1069056687.301,1069.056687301,24072.5088751998,"SaoTome_Principe"
10,-128000,"AP0000069",1082730942.39126,1082.73094239126,24072.5088751998,"SaoTome_Principe"
-3,-129000,"AP0000003",1138707927.1303,1138.7079271303,24072.5088751998,"SaoTome_Principe"
-27,-130000,"AP0000063",1202161915.79194,1202.16191579194,24072.5088751998,"SaoTome_Principe"
-28,-131000,"AP0000071",1208144247.32368,1208.14424732368,24072.5088751998,"SaoTome_Principe"
-26,-132000,"AP0000047",1195538492.83364,1195.53849283364,24072.5088751998,"SaoTome_Principe"
-24,-133000,"AP0000006",1182292539.69539,1182.29253969539,24072.5088751998,"SaoTome_Principe"
-22,-134000,"AP0000072",1171183352.29859,1171.18335229859,24072.5088751998,"SaoTome_Principe"
-20,-135000,"AP0000040",1162850825.83501,1162.85082583501,24072.5088751998,"SaoTome_Principe"
-18,-136000,"AP0000073",1156441518.64317,1156.44151864317,24072.5088751998,"SaoTome_Principe"
-19,-137000,"AP0000046",1160714425.03793,1160.71442503793,24072.5088751998,"SaoTome_Principe"
-22,-138000,"AP0000072",1171183352.29859,1171.18335229859,24072.5088751998,"SaoTome_Principe"
-28,-139000,"AP0000071",1208144247.32368,1208.14424732368,24072.5088751998,"SaoTome_Principe"
-44,-140000,"AP0000074",1394233407.93738,1394.23340793738,24072.5088751998,"SaoTome_Principe"
0,0,"AP0000000",493868342.170094,493.868342170094,16025.3572319191,"Aldabra_Group"
-1,-1000,"AP0000001",505251149.031185,505.251149031185,16025.3572319191,"Aldabra_Group"
-2,-2000,"AP0000002",518948348.975256,518.948348975256,16025.3572319191,"Aldabra_Group"
-3,-3000,"AP0000003",741217432.9649,741.2174329649,16025.3572319191,"Aldabra_Group"
-3,-4000,"AP0000003",741217432.9649,741.2174329649,16025.3572319191,"Aldabra_Group"
-3,-5000,"AP0000003",741217432.9649,741.2174329649,16025.3572319191,"Aldabra_Group"
-4,-6000,"AP0000004",747120451.376159,747.120451376159,16025.3572319191,"Aldabra_Group"
-4,-7000,"AP0000004",747120451.376159,747.120451376159,16025.3572319191,"Aldabra_Group"
-11,-8000,"AP0000005",784014734.934031,784.014734934031,16025.3572319191,"Aldabra_Group"
-24,-9000,"AP0000006",839255304.931108,839.255304931108,16025.3572319191,"Aldabra_Group"
-38,-10000,"AP0000007",864125051.04722,864.12505104722,16025.3572319191,"Aldabra_Group"
-52,-11000,"AP0000008",889419419.838375,889.419419838375,16025.3572319191,"Aldabra_Group"
-65,-12000,"AP0000009",910918052.050923,910.918052050923,16025.3572319191,"Aldabra_Group"
-76,-13000,"AP0000010",922722235.70521,922.72223570521,16025.3572319191,"Aldabra_Group"
-85,-14000,"AP0000011",934316152.843969,934.316152843969,16025.3572319191,"Aldabra_Group"
-93,-15000,"AP0000012",943169067.624345,943.169067624345,16025.3572319191,"Aldabra_Group"
-102,-16000,"AP0000013",953493928.714572,953.493928714572,16025.3572319191,"Aldabra_Group"
-109,-17000,"AP0000014",962765752.248056,962.765752248056,16025.3572319191,"Aldabra_Group"
-116,-18000,"AP0000015",971828697.144101,971.828697144101,16025.3572319191,"Aldabra_Group"
-121,-19000,"AP0000016",980049538.033293,980.049538033293,16025.3572319191,"Aldabra_Group"
-123,-20000,"AP0000017",984477316.471503,984.477316471503,16025.3572319191,"Aldabra_Group"
-122,-21000,"AP0000018",982579966.158177,982.579966158177,16025.3572319191,"Aldabra_Group"
-118,-22000,"AP0000019",974779904.864393,974.779904864393,16025.3572319191,"Aldabra_Group"
-112,-23000,"AP0000020",966769567.713729,966.769567713729,16025.3572319191,"Aldabra_Group"
-105,-24000,"AP0000021",956234148.344233,956.234148344233,16025.3572319191,"Aldabra_Group"
-98,-25000,"AP0000022",949911146.38723,949.91114638723,16025.3572319191,"Aldabra_Group"
-93,-26000,"AP0000012",943169067.624345,943.169067624345,16025.3572319191,"Aldabra_Group"
-90,-27000,"AP0000023",938953688.365105,938.953688365105,16025.3572319191,"Aldabra_Group"
-87,-28000,"AP0000024",935791787.656671,935.791787656671,16025.3572319191,"Aldabra_Group"
-84,-29000,"AP0000025",933051833.940357,933.051833940357,16025.3572319191,"Aldabra_Group"
-81,-30000,"AP0000026",929467771.87523,929.46777187523,16025.3572319191,"Aldabra_Group"
-79,-31000,"AP0000027",927148827.941479,927.148827941479,16025.3572319191,"Aldabra_Group"
-76,-32000,"AP0000010",922722235.70521,922.72223570521,16025.3572319191,"Aldabra_Group"
-75,-33000,"AP0000028",922089899.187961,922.089899187961,16025.3572319191,"Aldabra_Group"
-73,-34000,"AP0000029",919770982.51154,919.77098251154,16025.3572319191,"Aldabra_Group"
-72,-35000,"AP0000030",918717173.593894,918.717173593894,16025.3572319191,"Aldabra_Group"
-72,-36000,"AP0000030",918717173.593894,918.717173593894,16025.3572319191,"Aldabra_Group"
-72,-37000,"AP0000030",918717173.593894,918.717173593894,16025.3572319191,"Aldabra_Group"
-72,-38000,"AP0000030",918717173.593894,918.717173593894,16025.3572319191,"Aldabra_Group"
-74,-39000,"AP0000031",920825392.952769,920.825392952769,16025.3572319191,"Aldabra_Group"
-76,-40000,"AP0000010",922722235.70521,922.72223570521,16025.3572319191,"Aldabra_Group"
-78,-41000,"AP0000032",926305920.752043,926.305920752043,16025.3572319191,"Aldabra_Group"
-80,-42000,"AP0000033",928202718.236467,928.202718236467,16025.3572319191,"Aldabra_Group"
-82,-43000,"AP0000034",930311318.726371,930.311318726371,16025.3572319191,"Aldabra_Group"
-84,-44000,"AP0000025",933051833.940357,933.051833940357,16025.3572319191,"Aldabra_Group"
-85,-45000,"AP0000011",934316152.843969,934.316152843969,16025.3572319191,"Aldabra_Group"
-86,-46000,"AP0000035",935370140.986634,935.370140986634,16025.3572319191,"Aldabra_Group"
-86,-47000,"AP0000035",935370140.986634,935.370140986634,16025.3572319191,"Aldabra_Group"
-86,-48000,"AP0000035",935370140.986634,935.370140986634,16025.3572319191,"Aldabra_Group"
-86,-49000,"AP0000035",935370140.986634,935.370140986634,16025.3572319191,"Aldabra_Group"
-86,-50000,"AP0000035",935370140.986634,935.370140986634,16025.3572319191,"Aldabra_Group"
-86,-51000,"AP0000035",935370140.986634,935.370140986634,16025.3572319191,"Aldabra_Group"
-85,-52000,"AP0000011",934316152.843969,934.316152843969,16025.3572319191,"Aldabra_Group"
-85,-53000,"AP0000011",934316152.843969,934.316152843969,16025.3572319191,"Aldabra_Group"
-85,-54000,"AP0000011",934316152.843969,934.316152843969,16025.3572319191,"Aldabra_Group"
-84,-55000,"AP0000025",933051833.940357,933.051833940357,16025.3572319191,"Aldabra_Group"
-83,-56000,"AP0000036",930732636.866937,930.732636866937,16025.3572319191,"Aldabra_Group"
-82,-57000,"AP0000034",930311318.726371,930.311318726371,16025.3572319191,"Aldabra_Group"
-80,-58000,"AP0000033",928202718.236467,928.202718236467,16025.3572319191,"Aldabra_Group"
-79,-59000,"AP0000027",927148827.941479,927.148827941479,16025.3572319191,"Aldabra_Group"
-78,-60000,"AP0000032",926305920.752043,926.305920752043,16025.3572319191,"Aldabra_Group"
-77,-61000,"AP0000037",924619517.123821,924.619517123821,16025.3572319191,"Aldabra_Group"
-77,-62000,"AP0000037",924619517.123821,924.619517123821,16025.3572319191,"Aldabra_Group"
-77,-63000,"AP0000037",924619517.123821,924.619517123821,16025.3572319191,"Aldabra_Group"
-78,-64000,"AP0000032",926305920.752043,926.305920752043,16025.3572319191,"Aldabra_Group"
-79,-65000,"AP0000027",927148827.941479,927.148827941479,16025.3572319191,"Aldabra_Group"
-81,-66000,"AP0000026",929467771.87523,929.46777187523,16025.3572319191,"Aldabra_Group"
-82,-67000,"AP0000034",930311318.726371,930.311318726371,16025.3572319191,"Aldabra_Group"
-82,-68000,"AP0000034",930311318.726371,930.311318726371,16025.3572319191,"Aldabra_Group"
-81,-69000,"AP0000026",929467771.87523,929.46777187523,16025.3572319191,"Aldabra_Group"
-80,-70000,"AP0000033",928202718.236467,928.202718236467,16025.3572319191,"Aldabra_Group"
-81,-71000,"AP0000026",929467771.87523,929.46777187523,16025.3572319191,"Aldabra_Group"
-83,-72000,"AP0000036",930732636.866937,930.732636866937,16025.3572319191,"Aldabra_Group"
-72,-73000,"AP0000030",918717173.593894,918.717173593894,16025.3572319191,"Aldabra_Group"
-48,-74000,"AP0000038",882041433.135377,882.041433135377,16025.3572319191,"Aldabra_Group"
-29,-75000,"AP0000039",848950548.933669,848.950548933669,16025.3572319191,"Aldabra_Group"
-20,-76000,"AP0000040",831455596.292084,831.455596292084,16025.3572319191,"Aldabra_Group"
-17,-77000,"AP0000041",820914755.517364,820.914755517364,16025.3572319191,"Aldabra_Group"
-15,-78000,"AP0000042",809738935.141504,809.738935141504,16025.3572319191,"Aldabra_Group"
-14,-79000,"AP0000043",803835285.348533,803.835285348533,16025.3572319191,"Aldabra_Group"
-13,-80000,"AP0000044",799407806.644307,799.407806644307,16025.3572319191,"Aldabra_Group"
-12,-81000,"AP0000045",791394491.99717,791.39449199717,16025.3572319191,"Aldabra_Group"
-12,-82000,"AP0000045",791394491.99717,791.39449199717,16025.3572319191,"Aldabra_Group"
-13,-83000,"AP0000044",799407806.644307,799.407806644307,16025.3572319191,"Aldabra_Group"
-15,-84000,"AP0000042",809738935.141504,809.738935141504,16025.3572319191,"Aldabra_Group"
-19,-85000,"AP0000046",829768765.887176,829.768765887176,16025.3572319191,"Aldabra_Group"
-26,-86000,"AP0000047",844525581.093775,844.525581093775,16025.3572319191,"Aldabra_Group"
-34,-87000,"AP0000048",857802394.286081,857.802394286081,16025.3572319191,"Aldabra_Group"
-43,-88000,"AP0000049",873820678.529389,873.820678529389,16025.3572319191,"Aldabra_Group"
-49,-89000,"AP0000050",883517093.107025,883.517093107025,16025.3572319191,"Aldabra_Group"
-52,-90000,"AP0000008",889419419.838375,889.419419838375,16025.3572319191,"Aldabra_Group"
-54,-91000,"AP0000051",894267135.678937,894.267135678937,16025.3572319191,"Aldabra_Group"
-55,-92000,"AP0000052",894688599.181829,894.688599181829,16025.3572319191,"Aldabra_Group"
-55,-93000,"AP0000052",894688599.181829,894.688599181829,16025.3572319191,"Aldabra_Group"
-56,-94000,"AP0000053",896585426.409807,896.585426409807,16025.3572319191,"Aldabra_Group"
-54,-95000,"AP0000051",894267135.678937,894.267135678937,16025.3572319191,"Aldabra_Group"
-46,-96000,"AP0000054",878036827.050886,878.036827050886,16025.3572319191,"Aldabra_Group"
-35,-97000,"AP0000055",859278232.597731,859.278232597731,16025.3572319191,"Aldabra_Group"
-24,-98000,"AP0000006",839255304.931108,839.255304931108,16025.3572319191,"Aldabra_Group"
-16,-99000,"AP0000056",814800112.011255,814.800112011255,16025.3572319191,"Aldabra_Group"
-12,-1e+05,"AP0000045",791394491.99717,791.39449199717,16025.3572319191,"Aldabra_Group"
-10,-101000,"AP0000057",778322780.711172,778.322780711172,16025.3572319191,"Aldabra_Group"
-10,-102000,"AP0000057",778322780.711172,778.322780711172,16025.3572319191,"Aldabra_Group"
-9,-103000,"AP0000058",773684354.075061,773.684354075061,16025.3572319191,"Aldabra_Group"
-8,-104000,"AP0000059",769046261.693875,769.046261693875,16025.3572319191,"Aldabra_Group"
-10,-105000,"AP0000057",778322780.711172,778.322780711172,16025.3572319191,"Aldabra_Group"
-16,-106000,"AP0000056",814800112.011255,814.800112011255,16025.3572319191,"Aldabra_Group"
-26,-107000,"AP0000047",844525581.093775,844.525581093775,16025.3572319191,"Aldabra_Group"
-31,-108000,"AP0000060",852323591.474047,852.323591474047,16025.3572319191,"Aldabra_Group"
-33,-109000,"AP0000061",856749213.374701,856.749213374701,16025.3572319191,"Aldabra_Group"
-33,-110000,"AP0000061",856749213.374701,856.749213374701,16025.3572319191,"Aldabra_Group"
-32,-111000,"AP0000062",854220102.879846,854.220102879846,16025.3572319191,"Aldabra_Group"
-32,-112000,"AP0000062",854220102.879846,854.220102879846,16025.3572319191,"Aldabra_Group"
-27,-113000,"AP0000063",845790015.723876,845.790015723876,16025.3572319191,"Aldabra_Group"
-16,-114000,"AP0000056",814800112.011255,814.800112011255,16025.3572319191,"Aldabra_Group"
-6,-115000,"AP0000064",759770776.534319,759.770776534319,16025.3572319191,"Aldabra_Group"
0,-116000,"AP0000000",493868342.170094,493.868342170094,16025.3572319191,"Aldabra_Group"
3,-117000,"AP0000065",261676281.790945,261.676281790945,16025.3572319191,"Aldabra_Group"
5,-118000,"AP0000066",247550719.094227,247.550719094227,16025.3572319191,"Aldabra_Group"
7,-119000,"AP0000067",182181790.884977,182.181790884977,16025.3572319191,"Aldabra_Group"
9,-120000,"AP0000068",108379649.215025,108.379649215025,16025.3572319191,"Aldabra_Group"
10,-121000,"AP0000069",91302901.2552323,91.3029012552323,16025.3572319191,"Aldabra_Group"
10,-122000,"AP0000069",91302901.2552323,91.3029012552323,16025.3572319191,"Aldabra_Group"
10,-123000,"AP0000069",91302901.2552323,91.3029012552323,16025.3572319191,"Aldabra_Group"
9,-124000,"AP0000068",108379649.215025,108.379649215025,16025.3572319191,"Aldabra_Group"
9,-125000,"AP0000068",108379649.215025,108.379649215025,16025.3572319191,"Aldabra_Group"
10,-126000,"AP0000069",91302901.2552323,91.3029012552323,16025.3572319191,"Aldabra_Group"
12,-127000,"AP0000070",82026247.8590765,82.0262478590765,16025.3572319191,"Aldabra_Group"
10,-128000,"AP0000069",91302901.2552323,91.3029012552323,16025.3572319191,"Aldabra_Group"
-3,-129000,"AP0000003",741217432.9649,741.2174329649,16025.3572319191,"Aldabra_Group"
-27,-130000,"AP0000063",845790015.723876,845.790015723876,16025.3572319191,"Aldabra_Group"
-28,-131000,"AP0000071",847475673.880505,847.475673880505,16025.3572319191,"Aldabra_Group"
-26,-132000,"AP0000047",844525581.093775,844.525581093775,16025.3572319191,"Aldabra_Group"
-24,-133000,"AP0000006",839255304.931108,839.255304931108,16025.3572319191,"Aldabra_Group"
-22,-134000,"AP0000072",834828646.627845,834.828646627845,16025.3572319191,"Aldabra_Group"
-20,-135000,"AP0000040",831455596.292084,831.455596292084,16025.3572319191,"Aldabra_Group"
-18,-136000,"AP0000073",827028435.174594,827.028435174594,16025.3572319191,"Aldabra_Group"
-19,-137000,"AP0000046",829768765.887176,829.768765887176,16025.3572319191,"Aldabra_Group"
-22,-138000,"AP0000072",834828646.627845,834.828646627845,16025.3572319191,"Aldabra_Group"
-28,-139000,"AP0000071",847475673.880505,847.475673880505,16025.3572319191,"Aldabra_Group"
-44,-140000,"AP0000074",874874634.934778,874.874634934778,16025.3572319191,"Aldabra_Group"
0,0,"AP0000000",849912476.996218,849.912476996218,9273.36356928729,"Madeira"
-1,-1000,"AP0000001",854781571.417677,854.781571417677,9273.36356928729,"Madeira"
-2,-2000,"AP0000002",854961465.669394,854.961465669394,9273.36356928729,"Madeira"
-3,-3000,"AP0000003",855681830.819417,855.681830819417,9273.36356928729,"Madeira"
-3,-4000,"AP0000003",855681830.819417,855.681830819417,9273.36356928729,"Madeira"
-3,-5000,"AP0000003",855681830.819417,855.681830819417,9273.36356928729,"Madeira"
-4,-6000,"AP0000004",855861511.790852,855.861511790852,9273.36356928729,"Madeira"
-4,-7000,"AP0000004",855861511.790852,855.861511790852,9273.36356928729,"Madeira"
-11,-8000,"AP0000005",866314200.64278,866.31420064278,9273.36356928729,"Madeira"
-24,-9000,"AP0000006",901650305.452245,901.650305452245,9273.36356928729,"Madeira"
-38,-10000,"AP0000007",958612893.380599,958.612893380599,9273.36356928729,"Madeira"
-52,-11000,"AP0000008",1064334674.73091,1064.33467473091,9273.36356928729,"Madeira"
-65,-12000,"AP0000009",1173343742.55372,1173.34374255372,9273.36356928729,"Madeira"
-76,-13000,"AP0000010",1245122854.84958,1245.12285484958,9273.36356928729,"Madeira"
-85,-14000,"AP0000011",1308639209.54384,1308.63920954384,9273.36356928729,"Madeira"
-93,-15000,"AP0000012",1360265372.30453,1360.26537230453,9273.36356928729,"Madeira"
-102,-16000,"AP0000013",1423109968.87732,1423.10996887732,9273.36356928729,"Madeira"
-109,-17000,"AP0000014",1474752036.05236,1474.75203605236,9273.36356928729,"Madeira"
-116,-18000,"AP0000015",1517169532.6195,1517.1695326195,9273.36356928729,"Madeira"
-121,-19000,"AP0000016",1540998145.19955,1540.99814519955,9273.36356928729,"Madeira"
-123,-20000,"AP0000017",1552910351.60651,1552.91035160651,9273.36356928729,"Madeira"
-122,-21000,"AP0000018",1546593114.76722,1546.59311476722,9273.36356928729,"Madeira"
-118,-22000,"AP0000019",1527278343.75917,1527.27834375917,9273.36356928729,"Madeira"
-112,-23000,"AP0000020",1492621278.45165,1492.62127845165,9273.36356928729,"Madeira"
-105,-24000,"AP0000021",1446405216.22853,1446.40521622853,9273.36356928729,"Madeira"
-98,-25000,"AP0000022",1394394497.62262,1394.39449762262,9273.36356928729,"Madeira"
-93,-26000,"AP0000012",1360265372.30453,1360.26537230453,9273.36356928729,"Madeira"
-90,-27000,"AP0000023",1339864262.3192,1339.8642623192,9273.36356928729,"Madeira"
-87,-28000,"AP0000024",1320911701.58824,1320.91170158824,9273.36356928729,"Madeira"
-84,-29000,"AP0000025",1302503179.00265,1302.50317900265,9273.36356928729,"Madeira"
-81,-30000,"AP0000026",1285179025.24621,1285.17902524621,9273.36356928729,"Madeira"
-79,-31000,"AP0000027",1267856279.52975,1267.85627952975,9273.36356928729,"Madeira"
-76,-32000,"AP0000010",1245122854.84958,1245.12285484958,9273.36356928729,"Madeira"
-75,-33000,"AP0000028",1238270751.79693,1238.27075179693,9273.36356928729,"Madeira"
-73,-34000,"AP0000029",1224562450.83982,1224.56245083982,9273.36356928729,"Madeira"
-72,-35000,"AP0000030",1218428132.29323,1218.42813229323,9273.36356928729,"Madeira"
-72,-36000,"AP0000030",1218428132.29323,1218.42813229323,9273.36356928729,"Madeira"
-72,-37000,"AP0000030",1218428132.29323,1218.42813229323,9273.36356928729,"Madeira"
-72,-38000,"AP0000030",1218428132.29323,1218.42813229323,9273.36356928729,"Madeira"
-74,-39000,"AP0000031",1230873520.58717,1230.87352058717,9273.36356928729,"Madeira"
-76,-40000,"AP0000010",1245122854.84958,1245.12285484958,9273.36356928729,"Madeira"
-78,-41000,"AP0000032",1260277202.57523,1260.27720257523,9273.36356928729,"Madeira"
-80,-42000,"AP0000033",1279224790.64739,1279.22479064739,9273.36356928729,"Madeira"
-82,-43000,"AP0000034",1292035163.53491,1292.03516353491,9273.36356928729,"Madeira"
-84,-44000,"AP0000025",1302503179.00265,1302.50317900265,9273.36356928729,"Madeira"
-85,-45000,"AP0000011",1308639209.54384,1308.63920954384,9273.36356928729,"Madeira"
-86,-46000,"AP0000035",1314052695.80974,1314.05269580974,9273.36356928729,"Madeira"
-86,-47000,"AP0000035",1314052695.80974,1314.05269580974,9273.36356928729,"Madeira"
-86,-48000,"AP0000035",1314052695.80974,1314.05269580974,9273.36356928729,"Madeira"
-86,-49000,"AP0000035",1314052695.80974,1314.05269580974,9273.36356928729,"Madeira"
-86,-50000,"AP0000035",1314052695.80974,1314.05269580974,9273.36356928729,"Madeira"
-86,-51000,"AP0000035",1314052695.80974,1314.05269580974,9273.36356928729,"Madeira"
-85,-52000,"AP0000011",1308639209.54384,1308.63920954384,9273.36356928729,"Madeira"
-85,-53000,"AP0000011",1308639209.54384,1308.63920954384,9273.36356928729,"Madeira"
-85,-54000,"AP0000011",1308639209.54384,1308.63920954384,9273.36356928729,"Madeira"
-84,-55000,"AP0000025",1302503179.00265,1302.50317900265,9273.36356928729,"Madeira"
-83,-56000,"AP0000036",1296909336.24738,1296.90933624738,9273.36356928729,"Madeira"
-82,-57000,"AP0000034",1292035163.53491,1292.03516353491,9273.36356928729,"Madeira"
-80,-58000,"AP0000033",1279224790.64739,1279.22479064739,9273.36356928729,"Madeira"
-79,-59000,"AP0000027",1267856279.52975,1267.85627952975,9273.36356928729,"Madeira"
-78,-60000,"AP0000032",1260277202.57523,1260.27720257523,9273.36356928729,"Madeira"
-77,-61000,"AP0000037",1253240301.34592,1253.24030134592,9273.36356928729,"Madeira"
-77,-62000,"AP0000037",1253240301.34592,1253.24030134592,9273.36356928729,"Madeira"
-77,-63000,"AP0000037",1253240301.34592,1253.24030134592,9273.36356928729,"Madeira"
-78,-64000,"AP0000032",1260277202.57523,1260.27720257523,9273.36356928729,"Madeira"
-79,-65000,"AP0000027",1267856279.52975,1267.85627952975,9273.36356928729,"Madeira"
-81,-66000,"AP0000026",1285179025.24621,1285.17902524621,9273.36356928729,"Madeira"
-82,-67000,"AP0000034",1292035163.53491,1292.03516353491,9273.36356928729,"Madeira"
-82,-68000,"AP0000034",1292035163.53491,1292.03516353491,9273.36356928729,"Madeira"
-81,-69000,"AP0000026",1285179025.24621,1285.17902524621,9273.36356928729,"Madeira"
-80,-70000,"AP0000033",1279224790.64739,1279.22479064739,9273.36356928729,"Madeira"
-81,-71000,"AP0000026",1285179025.24621,1285.17902524621,9273.36356928729,"Madeira"
-83,-72000,"AP0000036",1296909336.24738,1296.90933624738,9273.36356928729,"Madeira"
-72,-73000,"AP0000030",1218428132.29323,1218.42813229323,9273.36356928729,"Madeira"
-48,-74000,"AP0000038",1017139055.66409,1017.13905566409,9273.36356928729,"Madeira"
-29,-75000,"AP0000039",920397073.095937,920.397073095937,9273.36356928729,"Madeira"
-20,-76000,"AP0000040",887772255.200809,887.772255200809,9273.36356928729,"Madeira"
-17,-77000,"AP0000041",879658053.175244,879.658053175244,9273.36356928729,"Madeira"
-15,-78000,"AP0000042",875513842.06384,875.51384206384,9273.36356928729,"Madeira"
-14,-79000,"AP0000043",873530115.322877,873.530115322877,9273.36356928729,"Madeira"
-13,-80000,"AP0000044",871003628.466654,871.003628466654,9273.36356928729,"Madeira"
-12,-81000,"AP0000045",868118257.684212,868.118257684212,9273.36356928729,"Madeira"
-12,-82000,"AP0000045",868118257.684212,868.118257684212,9273.36356928729,"Madeira"
-13,-83000,"AP0000044",871003628.466654,871.003628466654,9273.36356928729,"Madeira"
-15,-84000,"AP0000042",875513842.06384,875.51384206384,9273.36356928729,"Madeira"
-19,-85000,"AP0000046",885068837.386653,885.068837386653,9273.36356928729,"Madeira"
-26,-86000,"AP0000047",909762543.594332,909.762543594332,9273.36356928729,"Madeira"
-34,-87000,"AP0000048",940409763.412748,940.409763412748,9273.36356928729,"Madeira"
-43,-88000,"AP0000049",987075264.1024,987.0752641024,9273.36356928729,"Madeira"
-49,-89000,"AP0000050",1024699471.3689,1024.6994713689,9273.36356928729,"Madeira"
-52,-90000,"AP0000008",1064334674.73091,1064.33467473091,9273.36356928729,"Madeira"
-54,-91000,"AP0000051",1085592321.08173,1085.59232108173,9273.36356928729,"Madeira"
-55,-92000,"AP0000052",1095864310.39799,1095.86431039799,9273.36356928729,"Madeira"
-55,-93000,"AP0000052",1095864310.39799,1095.86431039799,9273.36356928729,"Madeira"
-56,-94000,"AP0000053",1104688666.17638,1104.68866617638,9273.36356928729,"Madeira"
-54,-95000,"AP0000051",1085592321.08173,1085.59232108173,9273.36356928729,"Madeira"
-46,-96000,"AP0000054",1004897297.84556,1004.89729784556,9273.36356928729,"Madeira"
-35,-97000,"AP0000055",944915565.380323,944.915565380323,9273.36356928729,"Madeira"
-24,-98000,"AP0000006",901650305.452245,901.650305452245,9273.36356928729,"Madeira"
-16,-99000,"AP0000056",877136643.196473,877.136643196473,9273.36356928729,"Madeira"
-12,-1e+05,"AP0000045",868118257.684212,868.118257684212,9273.36356928729,"Madeira"
-10,-101000,"AP0000057",864152536.77752,864.15253677752,9273.36356928729,"Madeira"
-10,-102000,"AP0000057",864152536.77752,864.15253677752,9273.36356928729,"Madeira"
-9,-103000,"AP0000058",861988969.148107,861.988969148107,9273.36356928729,"Madeira"
-8,-104000,"AP0000059",860368317.828193,860.368317828193,9273.36356928729,"Madeira"
-10,-105000,"AP0000057",864152536.77752,864.15253677752,9273.36356928729,"Madeira"
-16,-106000,"AP0000056",877136643.196473,877.136643196473,9273.36356928729,"Madeira"
-26,-107000,"AP0000047",909762543.594332,909.762543594332,9273.36356928729,"Madeira"
-31,-108000,"AP0000060",928507752.66044,928.50775266044,9273.36356928729,"Madeira"
-33,-109000,"AP0000061",935901528.642239,935.901528642239,9273.36356928729,"Madeira"
-33,-110000,"AP0000061",935901528.642239,935.901528642239,9273.36356928729,"Madeira"
-32,-111000,"AP0000062",932115598.101444,932.115598101444,9273.36356928729,"Madeira"
-32,-112000,"AP0000062",932115598.101444,932.115598101444,9273.36356928729,"Madeira"
-27,-113000,"AP0000063",912826415.252409,912.826415252409,9273.36356928729,"Madeira"
-16,-114000,"AP0000056",877136643.196473,877.136643196473,9273.36356928729,"Madeira"
-6,-115000,"AP0000064",857483022.774734,857.483022774734,9273.36356928729,"Madeira"
0,-116000,"AP0000000",849912476.996218,849.912476996218,9273.36356928729,"Madeira"
3,-117000,"AP0000065",847751468.878133,847.751468878133,9273.36356928729,"Madeira"
5,-118000,"AP0000066",846309138.28142,846.30913828142,9273.36356928729,"Madeira"
7,-119000,"AP0000067",842701580.196014,842.701580196014,9273.36356928729,"Madeira"
9,-120000,"AP0000068",839458005.569651,839.458005569651,9273.36356928729,"Madeira"
10,-121000,"AP0000069",837658695.418996,837.658695418996,9273.36356928729,"Madeira"
10,-122000,"AP0000069",837658695.418996,837.658695418996,9273.36356928729,"Madeira"
10,-123000,"AP0000069",837658695.418996,837.658695418996,9273.36356928729,"Madeira"
9,-124000,"AP0000068",839458005.569651,839.458005569651,9273.36356928729,"Madeira"
9,-125000,"AP0000068",839458005.569651,839.458005569651,9273.36356928729,"Madeira"
10,-126000,"AP0000069",837658695.418996,837.658695418996,9273.36356928729,"Madeira"
12,-127000,"AP0000070",834415719.889573,834.415719889573,9273.36356928729,"Madeira"
10,-128000,"AP0000069",837658695.418996,837.658695418996,9273.36356928729,"Madeira"
-3,-129000,"AP0000003",855681830.819417,855.681830819417,9273.36356928729,"Madeira"
-27,-130000,"AP0000063",912826415.252409,912.826415252409,9273.36356928729,"Madeira"
-28,-131000,"AP0000071",917694077.037263,917.694077037263,9273.36356928729,"Madeira"
-26,-132000,"AP0000047",909762543.594332,909.762543594332,9273.36356928729,"Madeira"
-24,-133000,"AP0000006",901650305.452245,901.650305452245,9273.36356928729,"Madeira"
-22,-134000,"AP0000072",894980023.758884,894.980023758884,9273.36356928729,"Madeira"
-20,-135000,"AP0000040",887772255.200809,887.772255200809,9273.36356928729,"Madeira"
-18,-136000,"AP0000073",882723478.412875,882.723478412875,9273.36356928729,"Madeira"
-19,-137000,"AP0000046",885068837.386653,885.068837386653,9273.36356928729,"Madeira"
-22,-138000,"AP0000072",894980023.758884,894.980023758884,9273.36356928729,"Madeira"
-28,-139000,"AP0000071",917694077.037263,917.694077037263,9273.36356928729,"Madeira"
-44,-140000,"AP0000074",992121325.555604,992.121325555603,9273.36356928729,"Madeira"
0,0,"AP0000000",848465883.68964,848.46588368964,74506.4472393483,"Guam_Marianas"
-1,-1000,"AP0000001",869824429.827446,869.824429827446,74506.4472393483,"Guam_Marianas"
-2,-2000,"AP0000002",878748106.734234,878.748106734234,74506.4472393483,"Guam_Marianas"
-3,-3000,"AP0000003",887247735.136026,887.247735136026,74506.4472393483,"Guam_Marianas"
-3,-4000,"AP0000003",887247735.136026,887.247735136026,74506.4472393483,"Guam_Marianas"
-3,-5000,"AP0000003",887247735.136026,887.247735136026,74506.4472393483,"Guam_Marianas"
-4,-6000,"AP0000004",898242801.754059,898.242801754059,74506.4472393483,"Guam_Marianas"
-4,-7000,"AP0000004",898242801.754059,898.242801754059,74506.4472393483,"Guam_Marianas"
-11,-8000,"AP0000005",941942048.341721,941.942048341721,74506.4472393483,"Guam_Marianas"
-24,-9000,"AP0000006",1014257386.91518,1014.25738691518,74506.4472393483,"Guam_Marianas"
-38,-10000,"AP0000007",1101458346.64546,1101.45834664546,74506.4472393483,"Guam_Marianas"
-52,-11000,"AP0000008",1175080081.12862,1175.08008112862,74506.4472393483,"Guam_Marianas"
-65,-12000,"AP0000009",1245764076.04889,1245.76407604889,74506.4472393483,"Guam_Marianas"
-76,-13000,"AP0000010",1316570265.47434,1316.57026547434,74506.4472393483,"Guam_Marianas"
-85,-14000,"AP0000011",1364463537.60113,1364.46353760113,74506.4472393483,"Guam_Marianas"
-93,-15000,"AP0000012",1418704966.0581,1418.7049660581,74506.4472393483,"Guam_Marianas"
-102,-16000,"AP0000013",1516958757.88015,1516.95875788015,74506.4472393483,"Guam_Marianas"
-109,-17000,"AP0000014",1572189659.67186,1572.18965967186,74506.4472393483,"Guam_Marianas"
-116,-18000,"AP0000015",1594289515.77468,1594.28951577468,74506.4472393483,"Guam_Marianas"
-121,-19000,"AP0000016",1606265072.27567,1606.26507227567,74506.4472393483,"Guam_Marianas"
-123,-20000,"AP0000017",1611843493.61514,1611.84349361514,74506.4472393483,"Guam_Marianas"
-122,-21000,"AP0000018",1609154783.88369,1609.15478388369,74506.4472393483,"Guam_Marianas"
-118,-22000,"AP0000019",1599655200.7642,1599.6552007642,74506.4472393483,"Guam_Marianas"
-112,-23000,"AP0000020",1580858742.41552,1580.85874241552,74506.4472393483,"Guam_Marianas"
-105,-24000,"AP0000021",1553638133.11574,1553.63813311574,74506.4472393483,"Guam_Marianas"
-98,-25000,"AP0000022",1465891581.38235,1465.89158138235,74506.4472393483,"Guam_Marianas"
-93,-26000,"AP0000012",1418704966.0581,1418.7049660581,74506.4472393483,"Guam_Marianas"
-90,-27000,"AP0000023",1394385767.30702,1394.38576730702,74506.4472393483,"Guam_Marianas"
-87,-28000,"AP0000024",1376849065.14253,1376.84906514253,74506.4472393483,"Guam_Marianas"
-84,-29000,"AP0000025",1359923962.74556,1359.92396274556,74506.4472393483,"Guam_Marianas"
-81,-30000,"AP0000026",1342589556.49135,1342.58955649135,74506.4472393483,"Guam_Marianas"
-79,-31000,"AP0000027",1330211846.03456,1330.21184603456,74506.4472393483,"Guam_Marianas"
-76,-32000,"AP0000010",1316570265.47434,1316.57026547434,74506.4472393483,"Guam_Marianas"
-75,-33000,"AP0000028",1313473183.52444,1313.47318352444,74506.4472393483,"Guam_Marianas"
-73,-34000,"AP0000029",1302521919.00262,1302.52191900262,74506.4472393483,"Guam_Marianas"
-72,-35000,"AP0000030",1298385408.87816,1298.38540887816,74506.4472393483,"Guam_Marianas"
-72,-36000,"AP0000030",1298385408.87816,1298.38540887816,74506.4472393483,"Guam_Marianas"
-72,-37000,"AP0000030",1298385408.87816,1298.38540887816,74506.4472393483,"Guam_Marianas"
-72,-38000,"AP0000030",1298385408.87816,1298.38540887816,74506.4472393483,"Guam_Marianas"
-74,-39000,"AP0000031",1307477897.26445,1307.47789726445,74506.4472393483,"Guam_Marianas"
-76,-40000,"AP0000010",1316570265.47434,1316.57026547434,74506.4472393483,"Guam_Marianas"
-78,-41000,"AP0000032",1326080261.70109,1326.08026170109,74506.4472393483,"Guam_Marianas"
-80,-42000,"AP0000033",1335572369.13635,1335.57236913635,74506.4472393483,"Guam_Marianas"
-82,-43000,"AP0000034",1347542805.69577,1347.54280569577,74506.4472393483,"Guam_Marianas"
-84,-44000,"AP0000025",1359923962.74556,1359.92396274556,74506.4472393483,"Guam_Marianas"
-85,-45000,"AP0000011",1364463537.60113,1364.46353760113,74506.4472393483,"Guam_Marianas"
-86,-46000,"AP0000035",1370036306.15032,1370.03630615032,74506.4472393483,"Guam_Marianas"
-86,-47000,"AP0000035",1370036306.15032,1370.03630615032,74506.4472393483,"Guam_Marianas"
-86,-48000,"AP0000035",1370036306.15032,1370.03630615032,74506.4472393483,"Guam_Marianas"
-86,-49000,"AP0000035",1370036306.15032,1370.03630615032,74506.4472393483,"Guam_Marianas"
-86,-50000,"AP0000035",1370036306.15032,1370.03630615032,74506.4472393483,"Guam_Marianas"
-86,-51000,"AP0000035",1370036306.15032,1370.03630615032,74506.4472393483,"Guam_Marianas"
-85,-52000,"AP0000011",1364463537.60113,1364.46353760113,74506.4472393483,"Guam_Marianas"
-85,-53000,"AP0000011",1364463537.60113,1364.46353760113,74506.4472393483,"Guam_Marianas"
-85,-54000,"AP0000011",1364463537.60113,1364.46353760113,74506.4472393483,"Guam_Marianas"
-84,-55000,"AP0000025",1359923962.74556,1359.92396274556,74506.4472393483,"Guam_Marianas"
-83,-56000,"AP0000036",1353324902.81435,1353.32490281435,74506.4472393483,"Guam_Marianas"
-82,-57000,"AP0000034",1347542805.69577,1347.54280569577,74506.4472393483,"Guam_Marianas"
-80,-58000,"AP0000033",1335572369.13635,1335.57236913635,74506.4472393483,"Guam_Marianas"
-79,-59000,"AP0000027",1330211846.03456,1330.21184603456,74506.4472393483,"Guam_Marianas"
-78,-60000,"AP0000032",1326080261.70109,1326.08026170109,74506.4472393483,"Guam_Marianas"
-77,-61000,"AP0000037",1320703339.38408,1320.70333938408,74506.4472393483,"Guam_Marianas"
-77,-62000,"AP0000037",1320703339.38408,1320.70333938408,74506.4472393483,"Guam_Marianas"
-77,-63000,"AP0000037",1320703339.38408,1320.70333938408,74506.4472393483,"Guam_Marianas"
-78,-64000,"AP0000032",1326080261.70109,1326.08026170109,74506.4472393483,"Guam_Marianas"
-79,-65000,"AP0000027",1330211846.03456,1330.21184603456,74506.4472393483,"Guam_Marianas"
-81,-66000,"AP0000026",1342589556.49135,1342.58955649135,74506.4472393483,"Guam_Marianas"
-82,-67000,"AP0000034",1347542805.69577,1347.54280569577,74506.4472393483,"Guam_Marianas"
-82,-68000,"AP0000034",1347542805.69577,1347.54280569577,74506.4472393483,"Guam_Marianas"
-81,-69000,"AP0000026",1342589556.49135,1342.58955649135,74506.4472393483,"Guam_Marianas"
-80,-70000,"AP0000033",1335572369.13635,1335.57236913635,74506.4472393483,"Guam_Marianas"
-81,-71000,"AP0000026",1342589556.49135,1342.58955649135,74506.4472393483,"Guam_Marianas"
-83,-72000,"AP0000036",1353324902.81435,1353.32490281435,74506.4472393483,"Guam_Marianas"
-72,-73000,"AP0000030",1298385408.87816,1298.38540887816,74506.4472393483,"Guam_Marianas"
-48,-74000,"AP0000038",1159121628.20065,1159.12162820066,74506.4472393483,"Guam_Marianas"
-29,-75000,"AP0000039",1044053806.92495,1044.05380692495,74506.4472393483,"Guam_Marianas"
-20,-76000,"AP0000040",991269946.19864,991.26994619864,74506.4472393483,"Guam_Marianas"
-17,-77000,"AP0000041",976339457.079306,976.339457079306,74506.4472393483,"Guam_Marianas"
-15,-78000,"AP0000042",965356467.505142,965.356467505142,74506.4472393483,"Guam_Marianas"
-14,-79000,"AP0000043",960588787.774379,960.588787774379,74506.4472393483,"Guam_Marianas"
-13,-80000,"AP0000044",954782273.788793,954.782273788793,74506.4472393483,"Guam_Marianas"
-12,-81000,"AP0000045",950012930.910348,950.012930910348,74506.4472393483,"Guam_Marianas"
-12,-82000,"AP0000045",950012930.910348,950.012930910348,74506.4472393483,"Guam_Marianas"
-13,-83000,"AP0000044",954782273.788793,954.782273788793,74506.4472393483,"Guam_Marianas"
-15,-84000,"AP0000042",965356467.505142,965.356467505142,74506.4472393483,"Guam_Marianas"
-19,-85000,"AP0000046",986919202.586767,986.919202586767,74506.4472393483,"Guam_Marianas"
-26,-86000,"AP0000047",1023775202.76107,1023.77520276107,74506.4472393483,"Guam_Marianas"
-34,-87000,"AP0000048",1078019188.79028,1078.01918879028,74506.4472393483,"Guam_Marianas"
-43,-88000,"AP0000049",1125922987.52255,1125.92298752255,74506.4472393483,"Guam_Marianas"
-49,-89000,"AP0000050",1163262123.37188,1163.26212337188,74506.4472393483,"Guam_Marianas"
-52,-90000,"AP0000008",1175080081.12862,1175.08008112862,74506.4472393483,"Guam_Marianas"
-54,-91000,"AP0000051",1184178495.99657,1184.17849599657,74506.4472393483,"Guam_Marianas"
-55,-92000,"AP0000052",1189971340.60395,1189.97134060395,74506.4472393483,"Guam_Marianas"
-55,-93000,"AP0000052",1189971340.60395,1189.97134060395,74506.4472393483,"Guam_Marianas"
-56,-94000,"AP0000053",1194109645.06117,1194.10964506117,74506.4472393483,"Guam_Marianas"
-54,-95000,"AP0000051",1184178495.99657,1184.17849599657,74506.4472393483,"Guam_Marianas"
-46,-96000,"AP0000054",1150001000.64721,1150.00100064721,74506.4472393483,"Guam_Marianas"
-35,-97000,"AP0000055",1085486226.98349,1085.48622698349,74506.4472393483,"Guam_Marianas"
-24,-98000,"AP0000006",1014257386.91518,1014.25738691518,74506.4472393483,"Guam_Marianas"
-16,-99000,"AP0000056",971779109.33157,971.77910933157,74506.4472393483,"Guam_Marianas"
-12,-1e+05,"AP0000045",950012930.910348,950.012930910348,74506.4472393483,"Guam_Marianas"
-10,-101000,"AP0000057",937384446.323864,937.384446323864,74506.4472393483,"Guam_Marianas"
-10,-102000,"AP0000057",937384446.323864,937.384446323864,74506.4472393483,"Guam_Marianas"
-9,-103000,"AP0000058",931792356.386948,931.792356386948,74506.4472393483,"Guam_Marianas"
-8,-104000,"AP0000059",925581008.671255,925.581008671254,74506.4472393483,"Guam_Marianas"
-10,-105000,"AP0000057",937384446.323864,937.384446323864,74506.4472393483,"Guam_Marianas"
-16,-106000,"AP0000056",971779109.33157,971.77910933157,74506.4472393483,"Guam_Marianas"
-26,-107000,"AP0000047",1023775202.76107,1023.77520276107,74506.4472393483,"Guam_Marianas"
-31,-108000,"AP0000060",1059369010.05609,1059.36901005609,74506.4472393483,"Guam_Marianas"
-33,-109000,"AP0000061",1069517149.88634,1069.51714988634,74506.4472393483,"Guam_Marianas"
-33,-110000,"AP0000061",1069517149.88634,1069.51714988634,74506.4472393483,"Guam_Marianas"
-32,-111000,"AP0000062",1064962542.23849,1064.96254223849,74506.4472393483,"Guam_Marianas"
-32,-112000,"AP0000062",1064962542.23849,1064.96254223849,74506.4472393483,"Guam_Marianas"
-27,-113000,"AP0000063",1030605446.25287,1030.60544625288,74506.4472393483,"Guam_Marianas"
-16,-114000,"AP0000056",971779109.33157,971.77910933157,74506.4472393483,"Guam_Marianas"
-6,-115000,"AP0000064",910046439.073342,910.046439073342,74506.4472393483,"Guam_Marianas"
0,-116000,"AP0000000",848465883.68964,848.46588368964,74506.4472393483,"Guam_Marianas"
3,-117000,"AP0000065",846591793.858444,846.591793858444,74506.4472393483,"Guam_Marianas"
5,-118000,"AP0000066",845968955.136122,845.968955136122,74506.4472393483,"Guam_Marianas"
7,-119000,"AP0000067",843682261.322342,843.682261322342,74506.4472393483,"Guam_Marianas"
9,-120000,"AP0000068",832081663.157141,832.081663157141,74506.4472393483,"Guam_Marianas"
10,-121000,"AP0000069",827928833.779385,827.928833779385,74506.4472393483,"Guam_Marianas"
10,-122000,"AP0000069",827928833.779385,827.928833779385,74506.4472393483,"Guam_Marianas"
10,-123000,"AP0000069",827928833.779385,827.928833779385,74506.4472393483,"Guam_Marianas"
9,-124000,"AP0000068",832081663.157141,832.081663157141,74506.4472393483,"Guam_Marianas"
9,-125000,"AP0000068",832081663.157141,832.081663157141,74506.4472393483,"Guam_Marianas"
10,-126000,"AP0000069",827928833.779385,827.928833779385,74506.4472393483,"Guam_Marianas"
12,-127000,"AP0000070",819621258.727431,819.621258727431,74506.4472393483,"Guam_Marianas"
10,-128000,"AP0000069",827928833.779385,827.928833779385,74506.4472393483,"Guam_Marianas"
-3,-129000,"AP0000003",887247735.136026,887.247735136026,74506.4472393483,"Guam_Marianas"
-27,-130000,"AP0000063",1030605446.25287,1030.60544625288,74506.4472393483,"Guam_Marianas"
-28,-131000,"AP0000071",1035573610.03621,1035.57361003621,74506.4472393483,"Guam_Marianas"
-26,-132000,"AP0000047",1023775202.76107,1023.77520276107,74506.4472393483,"Guam_Marianas"
-24,-133000,"AP0000006",1014257386.91518,1014.25738691518,74506.4472393483,"Guam_Marianas"
-22,-134000,"AP0000072",1003905259.21964,1003.90525921964,74506.4472393483,"Guam_Marianas"
-20,-135000,"AP0000040",991269946.19864,991.26994619864,74506.4472393483,"Guam_Marianas"
-18,-136000,"AP0000073",981734057.361095,981.734057361095,74506.4472393483,"Guam_Marianas"
-19,-137000,"AP0000046",986919202.586767,986.919202586767,74506.4472393483,"Guam_Marianas"
-22,-138000,"AP0000072",1003905259.21964,1003.90525921964,74506.4472393483,"Guam_Marianas"
-28,-139000,"AP0000071",1035573610.03621,1035.57361003621,74506.4472393483,"Guam_Marianas"
-44,-140000,"AP0000074",1131107897.2953,1131.1078972953,74506.4472393483,"Guam_Marianas"
0,0,"AP0000000",2203324326.87587,2203.32432687587,47907.9818577258,"Comoros"
-1,-1000,"AP0000001",2224408712.53719,2224.40871253719,47907.9818577258,"Comoros"
-2,-2000,"AP0000002",2250929683.25435,2250.92968325435,47907.9818577258,"Comoros"
-3,-3000,"AP0000003",2623441249.34702,2623.44124934702,47907.9818577258,"Comoros"
-3,-4000,"AP0000003",2623441249.34702,2623.44124934702,47907.9818577258,"Comoros"
-3,-5000,"AP0000003",2623441249.34702,2623.44124934702,47907.9818577258,"Comoros"
-4,-6000,"AP0000004",2659156992.65663,2659.15699265663,47907.9818577258,"Comoros"
-4,-7000,"AP0000004",2659156992.65663,2659.15699265663,47907.9818577258,"Comoros"
-11,-8000,"AP0000005",2889919741.33347,2889.91974133347,47907.9818577258,"Comoros"
-24,-9000,"AP0000006",3254574093.1261,3254.5740931261,47907.9818577258,"Comoros"
-38,-10000,"AP0000007",3773632881.25462,3773.63288125462,47907.9818577258,"Comoros"
-52,-11000,"AP0000008",4324153530.6117,4324.1535306117,47907.9818577258,"Comoros"
-65,-12000,"AP0000009",4460349914.15102,4460.34991415102,47907.9818577258,"Comoros"
-76,-13000,"AP0000010",4521372138.57482,4521.37213857482,47907.9818577258,"Comoros"
-85,-14000,"AP0000011",4569021729.37964,4569.02172937964,47907.9818577258,"Comoros"
-93,-15000,"AP0000012",4608310159.66023,4608.31015966023,47907.9818577258,"Comoros"
-102,-16000,"AP0000013",4654918954.84553,4654.91895484553,47907.9818577258,"Comoros"
-109,-17000,"AP0000014",4688781656.55504,4688.78165655504,47907.9818577258,"Comoros"
-116,-18000,"AP0000015",4719510322.85144,4719.51032285144,47907.9818577258,"Comoros"
-121,-19000,"AP0000016",4745010773.49758,4745.01077349758,47907.9818577258,"Comoros"
-123,-20000,"AP0000017",4752744570.65421,4752.74457065421,47907.9818577258,"Comoros"
-122,-21000,"AP0000018",4748354253.02879,4748.35425302879,47907.9818577258,"Comoros"
-118,-22000,"AP0000019",4728915336.75863,4728.91533675863,47907.9818577258,"Comoros"
-112,-23000,"AP0000020",4699234708.95421,4699.23470895421,47907.9818577258,"Comoros"
-105,-24000,"AP0000021",4669339998.53945,4669.33999853945,47907.9818577258,"Comoros"
-98,-25000,"AP0000022",4634017082.22055,4634.01708222055,47907.9818577258,"Comoros"
-93,-26000,"AP0000012",4608310159.66023,4608.31015966023,47907.9818577258,"Comoros"
-90,-27000,"AP0000023",4595979240.35718,4595.97924035718,47907.9818577258,"Comoros"
-87,-28000,"AP0000024",4578636660.87714,4578.63666087714,47907.9818577258,"Comoros"
-84,-29000,"AP0000025",4563588787.93154,4563.58878793154,47907.9818577258,"Comoros"
-81,-30000,"AP0000026",4548540683.94518,4548.54068394518,47907.9818577258,"Comoros"
-79,-31000,"AP0000027",4538720061.97589,4538.72006197589,47907.9818577258,"Comoros"
-76,-32000,"AP0000010",4521372138.57482,4521.37213857482,47907.9818577258,"Comoros"
-75,-33000,"AP0000028",4516356242.6667,4516.3562426667,47907.9818577258,"Comoros"
-73,-34000,"AP0000029",4504445613.2513,4504.4456132513,47907.9818577258,"Comoros"
-72,-35000,"AP0000030",4500265397.81249,4500.26539781249,47907.9818577258,"Comoros"
-72,-36000,"AP0000030",4500265397.81249,4500.26539781249,47907.9818577258,"Comoros"
-72,-37000,"AP0000030",4500265397.81249,4500.26539781249,47907.9818577258,"Comoros"
-72,-38000,"AP0000030",4500265397.81249,4500.26539781249,47907.9818577258,"Comoros"
-74,-39000,"AP0000031",4510298309.42265,4510.29830942265,47907.9818577258,"Comoros"
-76,-40000,"AP0000010",4521372138.57482,4521.37213857482,47907.9818577258,"Comoros"
-78,-41000,"AP0000032",4533912101.52379,4533.91210152379,47907.9818577258,"Comoros"
-80,-42000,"AP0000033",4543108756.39686,4543.10875639686,47907.9818577258,"Comoros"
-82,-43000,"AP0000034",4552512751.53767,4552.51275153767,47907.9818577258,"Comoros"
-84,-44000,"AP0000025",4563588787.93154,4563.58878793154,47907.9818577258,"Comoros"
-85,-45000,"AP0000011",4569021729.37964,4569.02172937964,47907.9818577258,"Comoros"
-86,-46000,"AP0000035",4575292373.05726,4575.29237305726,47907.9818577258,"Comoros"
-86,-47000,"AP0000035",4575292373.05726,4575.29237305726,47907.9818577258,"Comoros"
-86,-48000,"AP0000035",4575292373.05726,4575.29237305726,47907.9818577258,"Comoros"
-86,-49000,"AP0000035",4575292373.05726,4575.29237305726,47907.9818577258,"Comoros"
-86,-50000,"AP0000035",4575292373.05726,4575.29237305726,47907.9818577258,"Comoros"
-86,-51000,"AP0000035",4575292373.05726,4575.29237305726,47907.9818577258,"Comoros"
-85,-52000,"AP0000011",4569021729.37964,4569.02172937964,47907.9818577258,"Comoros"
-85,-53000,"AP0000011",4569021729.37964,4569.02172937964,47907.9818577258,"Comoros"
-85,-54000,"AP0000011",4569021729.37964,4569.02172937964,47907.9818577258,"Comoros"
-84,-55000,"AP0000025",4563588787.93154,4563.58878793154,47907.9818577258,"Comoros"
-83,-56000,"AP0000036",4558783180.71221,4558.78318071221,47907.9818577258,"Comoros"
-82,-57000,"AP0000034",4552512751.53767,4552.51275153767,47907.9818577258,"Comoros"
-80,-58000,"AP0000033",4543108756.39686,4543.10875639686,47907.9818577258,"Comoros"
-79,-59000,"AP0000027",4538720061.97589,4538.72006197589,47907.9818577258,"Comoros"
-78,-60000,"AP0000032",4533912101.52379,4533.91210152379,47907.9818577258,"Comoros"
-77,-61000,"AP0000037",4526178409.88408,4526.17840988408,47907.9818577258,"Comoros"
-77,-62000,"AP0000037",4526178409.88408,4526.17840988408,47907.9818577258,"Comoros"
-77,-63000,"AP0000037",4526178409.88408,4526.17840988408,47907.9818577258,"Comoros"
-78,-64000,"AP0000032",4533912101.52379,4533.91210152379,47907.9818577258,"Comoros"
-79,-65000,"AP0000027",4538720061.97589,4538.72006197589,47907.9818577258,"Comoros"
-81,-66000,"AP0000026",4548540683.94518,4548.54068394518,47907.9818577258,"Comoros"
-82,-67000,"AP0000034",4552512751.53767,4552.51275153767,47907.9818577258,"Comoros"
-82,-68000,"AP0000034",4552512751.53767,4552.51275153767,47907.9818577258,"Comoros"
-81,-69000,"AP0000026",4548540683.94518,4548.54068394518,47907.9818577258,"Comoros"
-80,-70000,"AP0000033",4543108756.39686,4543.10875639686,47907.9818577258,"Comoros"
-81,-71000,"AP0000026",4548540683.94518,4548.54068394518,47907.9818577258,"Comoros"
-83,-72000,"AP0000036",4558783180.71221,4558.78318071221,47907.9818577258,"Comoros"
-72,-73000,"AP0000030",4500265397.81249,4500.26539781249,47907.9818577258,"Comoros"
-48,-74000,"AP0000038",4281337208.9273,4281.3372089273,47907.9818577258,"Comoros"
-29,-75000,"AP0000039",3416475137.06654,3416.47513706654,47907.9818577258,"Comoros"
-20,-76000,"AP0000040",3135619515.74075,3135.61951574075,47907.9818577258,"Comoros"
-17,-77000,"AP0000041",3044820272.82431,3044.82027282431,47907.9818577258,"Comoros"
-15,-78000,"AP0000042",2998691814.72174,2998.69181472174,47907.9818577258,"Comoros"
-14,-79000,"AP0000043",2973430502.03062,2973.43050203062,47907.9818577258,"Comoros"
-13,-80000,"AP0000044",2949001723.88963,2949.00172388963,47907.9818577258,"Comoros"
-12,-81000,"AP0000045",2922072060.10395,2922.07206010395,47907.9818577258,"Comoros"
-12,-82000,"AP0000045",2922072060.10395,2922.07206010395,47907.9818577258,"Comoros"
-13,-83000,"AP0000044",2949001723.88963,2949.00172388963,47907.9818577258,"Comoros"
-15,-84000,"AP0000042",2998691814.72174,2998.69181472174,47907.9818577258,"Comoros"
-19,-85000,"AP0000046",3103053496.42477,3103.05349642477,47907.9818577258,"Comoros"
-26,-86000,"AP0000047",3322176848.76295,3322.17684876295,47907.9818577258,"Comoros"
-34,-87000,"AP0000048",3601521243.83302,3601.52124383302,47907.9818577258,"Comoros"
-43,-88000,"AP0000049",3941160851.94963,3941.16085194963,47907.9818577258,"Comoros"
-49,-89000,"AP0000050",4291987326.46141,4291.98732646141,47907.9818577258,"Comoros"
-52,-90000,"AP0000008",4324153530.6117,4324.1535306117,47907.9818577258,"Comoros"
-54,-91000,"AP0000051",4347126329.10774,4347.12632910774,47907.9818577258,"Comoros"
-55,-92000,"AP0000052",4360910593.07126,4360.91059307126,47907.9818577258,"Comoros"
-55,-93000,"AP0000052",4360910593.07126,4360.91059307126,47907.9818577258,"Comoros"
-56,-94000,"AP0000053",4441058913.97828,4441.05891397828,47907.9818577258,"Comoros"
-54,-95000,"AP0000051",4347126329.10774,4347.12632910774,47907.9818577258,"Comoros"
-46,-96000,"AP0000054",4258360466.685,4258.360466685,47907.9818577258,"Comoros"
-35,-97000,"AP0000055",3670781959.00186,3670.78195900186,47907.9818577258,"Comoros"
-24,-98000,"AP0000006",3254574093.1261,3254.5740931261,47907.9818577258,"Comoros"
-16,-99000,"AP0000056",3022071827.419,3022.071827419,47907.9818577258,"Comoros"
-12,-1e+05,"AP0000045",2922072060.10395,2922.07206010395,47907.9818577258,"Comoros"
-10,-101000,"AP0000057",2867993679.36367,2867.99367936367,47907.9818577258,"Comoros"
-10,-102000,"AP0000057",2867993679.36367,2867.99367936367,47907.9818577258,"Comoros"
-9,-103000,"AP0000058",2845652608.98155,2845.65260898155,47907.9818577258,"Comoros"
-8,-104000,"AP0000059",2812450463.89088,2812.45046389088,47907.9818577258,"Comoros"
-10,-105000,"AP0000057",2867993679.36367,2867.99367936367,47907.9818577258,"Comoros"
-16,-106000,"AP0000056",3022071827.419,3022.071827419,47907.9818577258,"Comoros"
-26,-107000,"AP0000047",3322176848.76295,3322.17684876295,47907.9818577258,"Comoros"
-31,-108000,"AP0000060",3499707098.39961,3499.70709839961,47907.9818577258,"Comoros"
-33,-109000,"AP0000061",3565845631.17608,3565.84563117608,47907.9818577258,"Comoros"
-33,-110000,"AP0000061",3565845631.17608,3565.84563117608,47907.9818577258,"Comoros"
-32,-111000,"AP0000062",3531214715.80138,3531.21471580138,47907.9818577258,"Comoros"
-32,-112000,"AP0000062",3531214715.80138,3531.21471580138,47907.9818577258,"Comoros"
-27,-113000,"AP0000063",3351390115.91978,3351.39011591978,47907.9818577258,"Comoros"
-16,-114000,"AP0000056",3022071827.419,3022.071827419,47907.9818577258,"Comoros"
-6,-115000,"AP0000064",2727663105.10578,2727.66310510578,47907.9818577258,"Comoros"
0,-116000,"AP0000000",2203324326.87587,2203.32432687587,47907.9818577258,"Comoros"
3,-117000,"AP0000065",2164059065.93099,2164.05906593099,47907.9818577258,"Comoros"
5,-118000,"AP0000066",2144188976.99943,2144.18897699943,47907.9818577258,"Comoros"
7,-119000,"AP0000067",2125779534.26402,2125.77953426402,47907.9818577258,"Comoros"
9,-120000,"AP0000068",2109882368.09524,2109.88236809524,47907.9818577258,"Comoros"
10,-121000,"AP0000069",2103604315.90462,2103.60431590462,47907.9818577258,"Comoros"
10,-122000,"AP0000069",2103604315.90462,2103.60431590462,47907.9818577258,"Comoros"
10,-123000,"AP0000069",2103604315.90462,2103.60431590462,47907.9818577258,"Comoros"
9,-124000,"AP0000068",2109882368.09524,2109.88236809524,47907.9818577258,"Comoros"
9,-125000,"AP0000068",2109882368.09524,2109.88236809524,47907.9818577258,"Comoros"
10,-126000,"AP0000069",2103604315.90462,2103.60431590462,47907.9818577258,"Comoros"
12,-127000,"AP0000070",2080168307.8567,2080.1683078567,47907.9818577258,"Comoros"
10,-128000,"AP0000069",2103604315.90462,2103.60431590462,47907.9818577258,"Comoros"
-3,-129000,"AP0000003",2623441249.34702,2623.44124934702,47907.9818577258,"Comoros"
-27,-130000,"AP0000063",3351390115.91978,3351.39011591978,47907.9818577258,"Comoros"
-28,-131000,"AP0000071",3384350702.4219,3384.3507024219,47907.9818577258,"Comoros"
-26,-132000,"AP0000047",3322176848.76295,3322.17684876295,47907.9818577258,"Comoros"
-24,-133000,"AP0000006",3254574093.1261,3254.5740931261,47907.9818577258,"Comoros"
-22,-134000,"AP0000072",3194683944.72572,3194.68394472572,47907.9818577258,"Comoros"
-20,-135000,"AP0000040",3135619515.74075,3135.61951574075,47907.9818577258,"Comoros"
-18,-136000,"AP0000073",3071744109.15332,3071.74410915332,47907.9818577258,"Comoros"
-19,-137000,"AP0000046",3103053496.42477,3103.05349642477,47907.9818577258,"Comoros"
-22,-138000,"AP0000072",3194683944.72572,3194.68394472572,47907.9818577258,"Comoros"
-28,-139000,"AP0000071",3384350702.4219,3384.3507024219,47907.9818577258,"Comoros"
-44,-140000,"AP0000074",4233506004.20758,4233.50600420758,47907.9818577258,"Comoros"
0,0,"AP0000000",679547045.783413,679.547045783413,79633.323767703,"Chagos"
-1,-1000,"AP0000001",699947709.283633,699.947709283633,79633.323767703,"Chagos"
-2,-2000,"AP0000002",726501789.337107,726.501789337107,79633.323767703,"Chagos"
-3,-3000,"AP0000003",754123929.745629,754.123929745629,79633.323767703,"Chagos"
-3,-4000,"AP0000003",754123929.745629,754.123929745629,79633.323767703,"Chagos"
-3,-5000,"AP0000003",754123929.745629,754.123929745629,79633.323767703,"Chagos"
-4,-6000,"AP0000004",793856629.984058,793.856629984058,79633.323767703,"Chagos"
-4,-7000,"AP0000004",793856629.984058,793.856629984058,79633.323767703,"Chagos"
-11,-8000,"AP0000005",1502856803.49715,1502.85680349715,79633.323767703,"Chagos"
-24,-9000,"AP0000006",17748341740.7495,17748.3417407495,79633.323767703,"Chagos"
-38,-10000,"AP0000007",18184878143.6861,18184.8781436861,79633.323767703,"Chagos"
-52,-11000,"AP0000008",18686642975.3554,18686.6429753554,79633.323767703,"Chagos"
-65,-12000,"AP0000009",18839288875.8934,18839.2888758934,79633.323767703,"Chagos"
-76,-13000,"AP0000010",19116194415.4572,19116.1944154572,79633.323767703,"Chagos"
-85,-14000,"AP0000011",19355489773.6729,19355.4897736729,79633.323767703,"Chagos"
-93,-15000,"AP0000012",19558856391.7142,19558.8563917142,79633.323767703,"Chagos"
-102,-16000,"AP0000013",19770481247.4573,19770.4812474573,79633.323767703,"Chagos"
-109,-17000,"AP0000014",19940926423.9027,19940.9264239027,79633.323767703,"Chagos"
-116,-18000,"AP0000015",20112175411.8384,20112.1754118384,79633.323767703,"Chagos"
-121,-19000,"AP0000016",20228615367.3805,20228.6153673805,79633.323767703,"Chagos"
-123,-20000,"AP0000017",20278974512.3052,20278.9745123052,79633.323767703,"Chagos"
-122,-21000,"AP0000018",20254537141.3956,20254.5371413956,79633.323767703,"Chagos"
-118,-22000,"AP0000019",20157012168.3492,20157.0121683492,79633.323767703,"Chagos"
-112,-23000,"AP0000020",20020597452.5664,20020.5974525664,79633.323767703,"Chagos"
-105,-24000,"AP0000021",19842961489.7455,19842.9614897455,79633.323767703,"Chagos"
-98,-25000,"AP0000022",19674231336.5377,19674.2313365377,79633.323767703,"Chagos"
-93,-26000,"AP0000012",19558856391.7142,19558.8563917142,79633.323767703,"Chagos"
-90,-27000,"AP0000023",19480014614.4443,19480.0146144443,79633.323767703,"Chagos"
-87,-28000,"AP0000024",19404151773.6094,19404.1517736094,79633.323767703,"Chagos"
-84,-29000,"AP0000025",19329775948.7325,19329.7759487325,79633.323767703,"Chagos"
-81,-30000,"AP0000026",19249444414.1748,19249.4444141748,79633.323767703,"Chagos"
-79,-31000,"AP0000027",19198009524.9284,19198.0095249284,79633.323767703,"Chagos"
-76,-32000,"AP0000010",19116194415.4572,19116.1944154572,79633.323767703,"Chagos"
-75,-33000,"AP0000028",19095152422.5411,19095.1524225411,79633.323767703,"Chagos"
-73,-34000,"AP0000029",19045645564.2399,19045.6455642399,79633.323767703,"Chagos"
-72,-35000,"AP0000030",19039899993.2629,19039.8999932629,79633.323767703,"Chagos"
-72,-36000,"AP0000030",19039899993.2629,19039.8999932629,79633.323767703,"Chagos"
-72,-37000,"AP0000030",19039899993.2629,19039.8999932629,79633.323767703,"Chagos"
-72,-38000,"AP0000030",19039899993.2629,19039.8999932629,79633.323767703,"Chagos"
-74,-39000,"AP0000031",19069655438.5217,19069.6554385217,79633.323767703,"Chagos"
-76,-40000,"AP0000010",19116194415.4572,19116.1944154572,79633.323767703,"Chagos"
-78,-41000,"AP0000032",19170596769.5531,19170.5967695531,79633.323767703,"Chagos"
-80,-42000,"AP0000033",19220962852.4437,19220.9628524437,79633.323767703,"Chagos"
-82,-43000,"AP0000034",19276216367.0151,19276.2163670151,79633.323767703,"Chagos"
-84,-44000,"AP0000025",19329775948.7325,19329.7759487325,79633.323767703,"Chagos"
-85,-45000,"AP0000011",19355489773.6729,19355.4897736729,79633.323767703,"Chagos"
-86,-46000,"AP0000035",19379715843.4041,19379.7158434041,79633.323767703,"Chagos"
-86,-47000,"AP0000035",19379715843.4041,19379.7158434041,79633.323767703,"Chagos"
-86,-48000,"AP0000035",19379715843.4041,19379.7158434041,79633.323767703,"Chagos"
-86,-49000,"AP0000035",19379715843.4041,19379.7158434041,79633.323767703,"Chagos"
-86,-50000,"AP0000035",19379715843.4041,19379.7158434041,79633.323767703,"Chagos"
-86,-51000,"AP0000035",19379715843.4041,19379.7158434041,79633.323767703,"Chagos"
-85,-52000,"AP0000011",19355489773.6729,19355.4897736729,79633.323767703,"Chagos"
-85,-53000,"AP0000011",19355489773.6729,19355.4897736729,79633.323767703,"Chagos"
-85,-54000,"AP0000011",19355489773.6729,19355.4897736729,79633.323767703,"Chagos"
-84,-55000,"AP0000025",19329775948.7325,19329.7759487325,79633.323767703,"Chagos"
-83,-56000,"AP0000036",19304057037.6782,19304.0570376782,79633.323767703,"Chagos"
-82,-57000,"AP0000034",19276216367.0151,19276.2163670151,79633.323767703,"Chagos"
-80,-58000,"AP0000033",19220962852.4437,19220.9628524437,79633.323767703,"Chagos"
-79,-59000,"AP0000027",19198009524.9284,19198.0095249284,79633.323767703,"Chagos"
-78,-60000,"AP0000032",19170596769.5531,19170.5967695531,79633.323767703,"Chagos"
-77,-61000,"AP0000037",19140635066.592,19140.635066592,79633.323767703,"Chagos"
-77,-62000,"AP0000037",19140635066.592,19140.635066592,79633.323767703,"Chagos"
-77,-63000,"AP0000037",19140635066.592,19140.635066592,79633.323767703,"Chagos"
-78,-64000,"AP0000032",19170596769.5531,19170.5967695531,79633.323767703,"Chagos"
-79,-65000,"AP0000027",19198009524.9284,19198.0095249284,79633.323767703,"Chagos"
-81,-66000,"AP0000026",19249444414.1748,19249.4444141748,79633.323767703,"Chagos"
-82,-67000,"AP0000034",19276216367.0151,19276.2163670151,79633.323767703,"Chagos"
-82,-68000,"AP0000034",19276216367.0151,19276.2163670151,79633.323767703,"Chagos"
-81,-69000,"AP0000026",19249444414.1748,19249.4444141748,79633.323767703,"Chagos"
-80,-70000,"AP0000033",19220962852.4437,19220.9628524437,79633.323767703,"Chagos"
-81,-71000,"AP0000026",19249444414.1748,19249.4444141748,79633.323767703,"Chagos"
-83,-72000,"AP0000036",19304057037.6782,19304.0570376782,79633.323767703,"Chagos"
-72,-73000,"AP0000030",19039899993.2629,19039.8999932629,79633.323767703,"Chagos"
-48,-74000,"AP0000038",18560400147.8868,18560.4001478868,79633.323767703,"Chagos"
-29,-75000,"AP0000039",18008459050.595,18008.459050595,79633.323767703,"Chagos"
-20,-76000,"AP0000040",10910342097.6843,10910.3420976843,79633.323767703,"Chagos"
-17,-77000,"AP0000041",6126493329.63267,6126.49332963267,79633.323767703,"Chagos"
-15,-78000,"AP0000042",3709655362.23114,3709.65536223114,79633.323767703,"Chagos"
-14,-79000,"AP0000043",2777864667.37165,2777.86466737165,79633.323767703,"Chagos"
-13,-80000,"AP0000044",2176331145.14355,2176.33114514355,79633.323767703,"Chagos"
-12,-81000,"AP0000045",1760296722.20786,1760.29672220786,79633.323767703,"Chagos"
-12,-82000,"AP0000045",1760296722.20786,1760.29672220786,79633.323767703,"Chagos"
-13,-83000,"AP0000044",2176331145.14355,2176.33114514355,79633.323767703,"Chagos"
-15,-84000,"AP0000042",3709655362.23114,3709.65536223114,79633.323767703,"Chagos"
-19,-85000,"AP0000046",9731697480.93215,9731.69748093215,79633.323767703,"Chagos"
-26,-86000,"AP0000047",17866079882.7383,17866.0798827384,79633.323767703,"Chagos"
-34,-87000,"AP0000048",18210775678.2203,18210.7756782203,79633.323767703,"Chagos"
-43,-88000,"AP0000049",18377633704.2083,18377.6337042083,79633.323767703,"Chagos"
-49,-89000,"AP0000050",18575291412.3123,18575.2914123123,79633.323767703,"Chagos"
-52,-90000,"AP0000008",18686642975.3554,18686.6429753554,79633.323767703,"Chagos"
-54,-91000,"AP0000051",18592292710.3675,18592.2927103675,79633.323767703,"Chagos"
-55,-92000,"AP0000052",18620988396.6518,18620.9883966518,79633.323767703,"Chagos"
-55,-93000,"AP0000052",18620988396.6518,18620.9883966518,79633.323767703,"Chagos"
-56,-94000,"AP0000053",18646284476.4199,18646.2844764199,79633.323767703,"Chagos"
-54,-95000,"AP0000051",18592292710.3675,18592.2927103675,79633.323767703,"Chagos"
-46,-96000,"AP0000054",18490905259.8008,18490.9052598008,79633.323767703,"Chagos"
-35,-97000,"AP0000055",18255188789.8736,18255.1887898736,79633.323767703,"Chagos"
-24,-98000,"AP0000006",17748341740.7495,17748.3417407495,79633.323767703,"Chagos"
-16,-99000,"AP0000056",4833568173.96948,4833.56817396948,79633.323767703,"Chagos"
-12,-1e+05,"AP0000045",1760296722.20786,1760.29672220786,79633.323767703,"Chagos"
-10,-101000,"AP0000057",1281278295.87071,1281.27829587071,79633.323767703,"Chagos"
-10,-102000,"AP0000057",1281278295.87071,1281.27829587071,79633.323767703,"Chagos"
-9,-103000,"AP0000058",1157540925.53623,1157.54092553623,79633.323767703,"Chagos"
-8,-104000,"AP0000059",1061020683.95208,1061.02068395208,79633.323767703,"Chagos"
-10,-105000,"AP0000057",1281278295.87071,1281.27829587071,79633.323767703,"Chagos"
-16,-106000,"AP0000056",4833568173.96948,4833.56817396948,79633.323767703,"Chagos"
-26,-107000,"AP0000047",17866079882.7383,17866.0798827384,79633.323767703,"Chagos"
-31,-108000,"AP0000060",18073069881.6142,18073.0698816142,79633.323767703,"Chagos"
-33,-109000,"AP0000061",18184631375.0198,18184.6313750198,79633.323767703,"Chagos"
-33,-110000,"AP0000061",18184631375.0198,18184.6313750198,79633.323767703,"Chagos"
-32,-111000,"AP0000062",18128746041.32,18128.74604132,79633.323767703,"Chagos"
-32,-112000,"AP0000062",18128746041.32,18128.74604132,79633.323767703,"Chagos"
-27,-113000,"AP0000063",17904328843.4909,17904.3288434909,79633.323767703,"Chagos"
-16,-114000,"AP0000056",4833568173.96948,4833.56817396948,79633.323767703,"Chagos"
-6,-115000,"AP0000064",896520562.467988,896.520562467988,79633.323767703,"Chagos"
0,-116000,"AP0000000",679547045.783413,679.547045783413,79633.323767703,"Chagos"
3,-117000,"AP0000065",334434890.492247,334.434890492247,79633.323767703,"Chagos"
5,-118000,"AP0000066",237316966.029056,237.316966029056,79633.323767703,"Chagos"
7,-119000,"AP0000067",174421183.187353,174.421183187353,79633.323767703,"Chagos"
9,-120000,"AP0000068",123859916.262711,123.859916262711,79633.323767703,"Chagos"
10,-121000,"AP0000069",107077044.90833,107.07704490833,79633.323767703,"Chagos"
10,-122000,"AP0000069",107077044.90833,107.07704490833,79633.323767703,"Chagos"
10,-123000,"AP0000069",107077044.90833,107.07704490833,79633.323767703,"Chagos"
9,-124000,"AP0000068",123859916.262711,123.859916262711,79633.323767703,"Chagos"
9,-125000,"AP0000068",123859916.262711,123.859916262711,79633.323767703,"Chagos"
10,-126000,"AP0000069",107077044.90833,107.07704490833,79633.323767703,"Chagos"
12,-127000,"AP0000070",81370250.8508356,81.3702508508356,79633.323767703,"Chagos"
10,-128000,"AP0000069",107077044.90833,107.07704490833,79633.323767703,"Chagos"
-3,-129000,"AP0000003",754123929.745629,754.123929745629,79633.323767703,"Chagos"
-27,-130000,"AP0000063",17904328843.4909,17904.3288434909,79633.323767703,"Chagos"
-28,-131000,"AP0000071",17956607152.5966,17956.6071525966,79633.323767703,"Chagos"
-26,-132000,"AP0000047",17866079882.7383,17866.0798827384,79633.323767703,"Chagos"
-24,-133000,"AP0000006",17748341740.7495,17748.3417407495,79633.323767703,"Chagos"
-22,-134000,"AP0000072",17818397869.582,17818.397869582,79633.323767703,"Chagos"
-20,-135000,"AP0000040",10910342097.6843,10910.3420976843,79633.323767703,"Chagos"
-18,-136000,"AP0000073",7903613814.82037,7903.61381482037,79633.323767703,"Chagos"
-19,-137000,"AP0000046",9731697480.93215,9731.69748093215,79633.323767703,"Chagos"
-22,-138000,"AP0000072",17818397869.582,17818.397869582,79633.323767703,"Chagos"
-28,-139000,"AP0000071",17956607152.5966,17956.6071525966,79633.323767703,"Chagos"
-44,-140000,"AP0000074",18413552231.9597,18413.5522319597,79633.323767703,"Chagos"
0,0,"AP0000000",3189197019.51179,3189.19701951179,39504.8275192651,"Samoa"
-1,-1000,"AP0000001",3350766341.53212,3350.76634153212,39504.8275192651,"Samoa"
-2,-2000,"AP0000002",3365310683.81542,3365.31068381542,39504.8275192651,"Samoa"
-3,-3000,"AP0000003",3375271783.5092,3375.2717835092,39504.8275192651,"Samoa"
-3,-4000,"AP0000003",3375271783.5092,3375.2717835092,39504.8275192651,"Samoa"
-3,-5000,"AP0000003",3375271783.5092,3375.2717835092,39504.8275192651,"Samoa"
-4,-6000,"AP0000004",3382537309.28539,3382.53730928539,39504.8275192651,"Samoa"
-4,-7000,"AP0000004",3382537309.28539,3382.53730928539,39504.8275192651,"Samoa"
-11,-8000,"AP0000005",3442738888.94861,3442.73888894861,39504.8275192651,"Samoa"
-24,-9000,"AP0000006",3633124042.84213,3633.12404284213,39504.8275192651,"Samoa"
-38,-10000,"AP0000007",3854024527.1731,3854.0245271731,39504.8275192651,"Samoa"
-52,-11000,"AP0000008",4113249089.0244,4113.2490890244,39504.8275192651,"Samoa"
-65,-12000,"AP0000009",4383208393.25863,4383.20839325863,39504.8275192651,"Samoa"
-76,-13000,"AP0000010",4581026952.51658,4581.02695251658,39504.8275192651,"Samoa"
-85,-14000,"AP0000011",4718669366.39577,4718.66936639577,39504.8275192651,"Samoa"
-93,-15000,"AP0000012",4817302214.28319,4817.30221428319,39504.8275192651,"Samoa"
-102,-16000,"AP0000013",4900572527.74337,4900.57252774336,39504.8275192651,"Samoa"
-109,-17000,"AP0000014",5082502089.47977,5082.50208947977,39504.8275192651,"Samoa"
-116,-18000,"AP0000015",5133569499.22669,5133.56949922669,39504.8275192651,"Samoa"
-121,-19000,"AP0000016",5150388439.92411,5150.38843992411,39504.8275192651,"Samoa"
-123,-20000,"AP0000017",5157024634.10152,5157.02463410152,39504.8275192651,"Samoa"
-122,-21000,"AP0000018",5154117883.50208,5154.11788350208,39504.8275192651,"Samoa"
-118,-22000,"AP0000019",5137307098.52297,5137.30709852297,39504.8275192651,"Samoa"
-112,-23000,"AP0000020",5095159753.22052,5095.15975322052,39504.8275192651,"Samoa"
-105,-24000,"AP0000021",4919677139.71369,4919.67713971369,39504.8275192651,"Samoa"
-98,-25000,"AP0000022",4857585817.34827,4857.58581734827,39504.8275192651,"Samoa"
-93,-26000,"AP0000012",4817302214.28319,4817.30221428319,39504.8275192651,"Samoa"
-90,-27000,"AP0000023",4793424760.96814,4793.42476096814,39504.8275192651,"Samoa"
-87,-28000,"AP0000024",4745041144.23667,4745.04114423667,39504.8275192651,"Samoa"
-84,-29000,"AP0000025",4705172309.76099,4705.17230976099,39504.8275192651,"Samoa"
-81,-30000,"AP0000026",4660118330.91205,4660.11833091205,39504.8275192651,"Samoa"
-79,-31000,"AP0000027",4622962855.15031,4622.96285515031,39504.8275192651,"Samoa"
-76,-32000,"AP0000010",4581026952.51658,4581.02695251658,39504.8275192651,"Samoa"
-75,-33000,"AP0000028",4561927225.40093,4561.92722540093,39504.8275192651,"Samoa"
-73,-34000,"AP0000029",4533065962.85957,4533.06596285957,39504.8275192651,"Samoa"
-72,-35000,"AP0000030",4508591123.27131,4508.59112327131,39504.8275192651,"Samoa"
-72,-36000,"AP0000030",4508591123.27131,4508.59112327131,39504.8275192651,"Samoa"
-72,-37000,"AP0000030",4508591123.27131,4508.59112327131,39504.8275192651,"Samoa"
-72,-38000,"AP0000030",4508591123.27131,4508.59112327131,39504.8275192651,"Samoa"
-74,-39000,"AP0000031",4547184665.15537,4547.18466515537,39504.8275192651,"Samoa"
-76,-40000,"AP0000010",4581026952.51658,4581.02695251658,39504.8275192651,"Samoa"
-78,-41000,"AP0000032",4607805997.74357,4607.80599774357,39504.8275192651,"Samoa"
-80,-42000,"AP0000033",4638533427.72255,4638.53342772255,39504.8275192651,"Samoa"
-82,-43000,"AP0000034",4675899037.06341,4675.89903706341,39504.8275192651,"Samoa"
-84,-44000,"AP0000025",4705172309.76099,4705.17230976099,39504.8275192651,"Samoa"
-85,-45000,"AP0000011",4718669366.39577,4718.66936639577,39504.8275192651,"Samoa"
-86,-46000,"AP0000035",4730504379.80585,4730.50437980586,39504.8275192651,"Samoa"
-86,-47000,"AP0000035",4730504379.80585,4730.50437980586,39504.8275192651,"Samoa"
-86,-48000,"AP0000035",4730504379.80585,4730.50437980586,39504.8275192651,"Samoa"
-86,-49000,"AP0000035",4730504379.80585,4730.50437980586,39504.8275192651,"Samoa"
-86,-50000,"AP0000035",4730504379.80585,4730.50437980586,39504.8275192651,"Samoa"
-86,-51000,"AP0000035",4730504379.80585,4730.50437980586,39504.8275192651,"Samoa"
-85,-52000,"AP0000011",4718669366.39577,4718.66936639577,39504.8275192651,"Samoa"
-85,-53000,"AP0000011",4718669366.39577,4718.66936639577,39504.8275192651,"Samoa"
-85,-54000,"AP0000011",4718669366.39577,4718.66936639577,39504.8275192651,"Samoa"
-84,-55000,"AP0000025",4705172309.76099,4705.17230976099,39504.8275192651,"Samoa"
-83,-56000,"AP0000036",4694169912.83927,4694.16991283927,39504.8275192651,"Samoa"
-82,-57000,"AP0000034",4675899037.06341,4675.89903706341,39504.8275192651,"Samoa"
-80,-58000,"AP0000033",4638533427.72255,4638.53342772255,39504.8275192651,"Samoa"
-79,-59000,"AP0000027",4622962855.15031,4622.96285515031,39504.8275192651,"Samoa"
-78,-60000,"AP0000032",4607805997.74357,4607.80599774357,39504.8275192651,"Samoa"
-77,-61000,"AP0000037",4595141892.19093,4595.14189219093,39504.8275192651,"Samoa"
-77,-62000,"AP0000037",4595141892.19093,4595.14189219093,39504.8275192651,"Samoa"
-77,-63000,"AP0000037",4595141892.19093,4595.14189219093,39504.8275192651,"Samoa"
-78,-64000,"AP0000032",4607805997.74357,4607.80599774357,39504.8275192651,"Samoa"
-79,-65000,"AP0000027",4622962855.15031,4622.96285515031,39504.8275192651,"Samoa"
-81,-66000,"AP0000026",4660118330.91205,4660.11833091205,39504.8275192651,"Samoa"
-82,-67000,"AP0000034",4675899037.06341,4675.89903706341,39504.8275192651,"Samoa"
-82,-68000,"AP0000034",4675899037.06341,4675.89903706341,39504.8275192651,"Samoa"
-81,-69000,"AP0000026",4660118330.91205,4660.11833091205,39504.8275192651,"Samoa"
-80,-70000,"AP0000033",4638533427.72255,4638.53342772255,39504.8275192651,"Samoa"
-81,-71000,"AP0000026",4660118330.91205,4660.11833091205,39504.8275192651,"Samoa"
-83,-72000,"AP0000036",4694169912.83927,4694.16991283927,39504.8275192651,"Samoa"
-72,-73000,"AP0000030",4508591123.27131,4508.59112327131,39504.8275192651,"Samoa"
-48,-74000,"AP0000038",4027958470.78318,4027.95847078318,39504.8275192651,"Samoa"
-29,-75000,"AP0000039",3706620040.29777,3706.62004029777,39504.8275192651,"Samoa"
-20,-76000,"AP0000040",3574576174.94629,3574.57617494629,39504.8275192651,"Samoa"
-17,-77000,"AP0000041",3522664730.68884,3522.66473068884,39504.8275192651,"Samoa"
-15,-78000,"AP0000042",3502113872.40466,3502.11387240467,39504.8275192651,"Samoa"
-14,-79000,"AP0000043",3490698518.95121,3490.69851895121,39504.8275192651,"Samoa"
-13,-80000,"AP0000044",3481773168.27797,3481.77316827797,39504.8275192651,"Samoa"
-12,-81000,"AP0000045",3455814908.54015,3455.81490854015,39504.8275192651,"Samoa"
-12,-82000,"AP0000045",3455814908.54015,3455.81490854015,39504.8275192651,"Samoa"
-13,-83000,"AP0000044",3481773168.27797,3481.77316827797,39504.8275192651,"Samoa"
-15,-84000,"AP0000042",3502113872.40466,3502.11387240467,39504.8275192651,"Samoa"
-19,-85000,"AP0000046",3559836114.48304,3559.83611448304,39504.8275192651,"Samoa"
-26,-86000,"AP0000047",3664063429.51068,3664.06342951069,39504.8275192651,"Samoa"
-34,-87000,"AP0000048",3775342181.41968,3775.34218141968,39504.8275192651,"Samoa"
-43,-88000,"AP0000049",3933732838.14148,3933.73283814148,39504.8275192651,"Samoa"
-49,-89000,"AP0000050",4045183221.17408,4045.18322117408,39504.8275192651,"Samoa"
-52,-90000,"AP0000008",4113249089.0244,4113.2490890244,39504.8275192651,"Samoa"
-54,-91000,"AP0000051",4159936989.75967,4159.93698975967,39504.8275192651,"Samoa"
-55,-92000,"AP0000052",4181723183.8002,4181.7231838002,39504.8275192651,"Samoa"
-55,-93000,"AP0000052",4181723183.8002,4181.7231838002,39504.8275192651,"Samoa"
-56,-94000,"AP0000053",4201639790.83731,4201.63979083731,39504.8275192651,"Samoa"
-54,-95000,"AP0000051",4159936989.75967,4159.93698975967,39504.8275192651,"Samoa"
-46,-96000,"AP0000054",3986242784.20628,3986.24278420628,39504.8275192651,"Samoa"
-35,-97000,"AP0000055",3790707018.88422,3790.70701888422,39504.8275192651,"Samoa"
-24,-98000,"AP0000006",3633124042.84213,3633.12404284213,39504.8275192651,"Samoa"
-16,-99000,"AP0000056",3511870225.13991,3511.87022513991,39504.8275192651,"Samoa"
-12,-1e+05,"AP0000045",3455814908.54015,3455.81490854015,39504.8275192651,"Samoa"
-10,-101000,"AP0000057",3429865247.00363,3429.86524700363,39504.8275192651,"Samoa"
-10,-102000,"AP0000057",3429865247.00363,3429.86524700363,39504.8275192651,"Samoa"
-9,-103000,"AP0000058",3421147209.92561,3421.14720992561,39504.8275192651,"Samoa"
-8,-104000,"AP0000059",3410976146.23939,3410.97614623939,39504.8275192651,"Samoa"
-10,-105000,"AP0000057",3429865247.00363,3429.86524700363,39504.8275192651,"Samoa"
-16,-106000,"AP0000056",3511870225.13991,3511.87022513991,39504.8275192651,"Samoa"
-26,-107000,"AP0000047",3664063429.51068,3664.06342951069,39504.8275192651,"Samoa"
-31,-108000,"AP0000060",3732781353.85933,3732.78135385933,39504.8275192651,"Samoa"
-33,-109000,"AP0000061",3759976546.14868,3759.97654614868,39504.8275192651,"Samoa"
-33,-110000,"AP0000061",3759976546.14868,3759.97654614868,39504.8275192651,"Samoa"
-32,-111000,"AP0000062",3746069783.64754,3746.06978364754,39504.8275192651,"Samoa"
-32,-112000,"AP0000062",3746069783.64754,3746.06978364754,39504.8275192651,"Samoa"
-27,-113000,"AP0000063",3677764385.35732,3677.76438535732,39504.8275192651,"Samoa"
-16,-114000,"AP0000056",3511870225.13991,3511.87022513991,39504.8275192651,"Samoa"
-6,-115000,"AP0000064",3396030476.9126,3396.0304769126,39504.8275192651,"Samoa"
0,-116000,"AP0000000",3189197019.51179,3189.19701951179,39504.8275192651,"Samoa"
3,-117000,"AP0000065",3135190487.30354,3135.19048730354,39504.8275192651,"Samoa"
5,-118000,"AP0000066",3106939343.80609,3106.93934380609,39504.8275192651,"Samoa"
7,-119000,"AP0000067",3084089052.73688,3084.08905273688,39504.8275192651,"Samoa"
9,-120000,"AP0000068",3053350680.39841,3053.35068039841,39504.8275192651,"Samoa"
10,-121000,"AP0000069",3034036179.8225,3034.0361798225,39504.8275192651,"Samoa"
10,-122000,"AP0000069",3034036179.8225,3034.0361798225,39504.8275192651,"Samoa"
10,-123000,"AP0000069",3034036179.8225,3034.0361798225,39504.8275192651,"Samoa"
9,-124000,"AP0000068",3053350680.39841,3053.35068039841,39504.8275192651,"Samoa"
9,-125000,"AP0000068",3053350680.39841,3053.35068039841,39504.8275192651,"Samoa"
10,-126000,"AP0000069",3034036179.8225,3034.0361798225,39504.8275192651,"Samoa"
12,-127000,"AP0000070",2995406128.88775,2995.40612888775,39504.8275192651,"Samoa"
10,-128000,"AP0000069",3034036179.8225,3034.0361798225,39504.8275192651,"Samoa"
-3,-129000,"AP0000003",3375271783.5092,3375.2717835092,39504.8275192651,"Samoa"
-27,-130000,"AP0000063",3677764385.35732,3677.76438535732,39504.8275192651,"Samoa"
-28,-131000,"AP0000071",3690843787.98583,3690.84378798583,39504.8275192651,"Samoa"
-26,-132000,"AP0000047",3664063429.51068,3664.06342951069,39504.8275192651,"Samoa"
-24,-133000,"AP0000006",3633124042.84213,3633.12404284213,39504.8275192651,"Samoa"
-22,-134000,"AP0000072",3605718052.74876,3605.71805274876,39504.8275192651,"Samoa"
-20,-135000,"AP0000040",3574576174.94629,3574.57617494629,39504.8275192651,"Samoa"
-18,-136000,"AP0000073",3543641674.04955,3543.64167404955,39504.8275192651,"Samoa"
-19,-137000,"AP0000046",3559836114.48304,3559.83611448304,39504.8275192651,"Samoa"
-22,-138000,"AP0000072",3605718052.74876,3605.71805274876,39504.8275192651,"Samoa"
-28,-139000,"AP0000071",3690843787.98583,3690.84378798583,39504.8275192651,"Samoa"
-44,-140000,"AP0000074",3950751919.59477,3950.75191959477,39504.8275192651,"Samoa"
0,0,"AP0000000",134054629.72983,134.05462972983,7281.72613372327,"Juan_Fernandez"
-1,-1000,"AP0000001",136373719.945102,136.373719945102,7281.72613372327,"Juan_Fernandez"
-2,-2000,"AP0000002",136730860.529927,136.730860529927,7281.72613372327,"Juan_Fernandez"
-3,-3000,"AP0000003",137088094.910651,137.088094910651,7281.72613372327,"Juan_Fernandez"
-3,-4000,"AP0000003",137088094.910651,137.088094910651,7281.72613372327,"Juan_Fernandez"
-3,-5000,"AP0000003",137088094.910651,137.088094910651,7281.72613372327,"Juan_Fernandez"
-4,-6000,"AP0000004",137802393.620502,137.802393620502,7281.72613372327,"Juan_Fernandez"
-4,-7000,"AP0000004",137802393.620502,137.802393620502,7281.72613372327,"Juan_Fernandez"
-11,-8000,"AP0000005",142802752.582154,142.802752582154,7281.72613372327,"Juan_Fernandez"
-24,-9000,"AP0000006",151551275.550108,151.551275550108,7281.72613372327,"Juan_Fernandez"
-38,-10000,"AP0000007",166545033.461105,166.545033461105,7281.72613372327,"Juan_Fernandez"
-52,-11000,"AP0000008",185108642.291142,185.108642291142,7281.72613372327,"Juan_Fernandez"
-65,-12000,"AP0000009",207778036.400039,207.778036400039,7281.72613372327,"Juan_Fernandez"
-76,-13000,"AP0000010",227415502.188815,227.415502188815,7281.72613372327,"Juan_Fernandez"
-85,-14000,"AP0000011",245802998.70378,245.80299870378,7281.72613372327,"Juan_Fernandez"
-93,-15000,"AP0000012",262225905.847764,262.225905847764,7281.72613372327,"Juan_Fernandez"
-102,-16000,"AP0000013",288290728.322856,288.290728322856,7281.72613372327,"Juan_Fernandez"
-109,-17000,"AP0000014",307569644.739243,307.569644739243,7281.72613372327,"Juan_Fernandez"
-116,-18000,"AP0000015",323994780.346956,323.994780346956,7281.72613372327,"Juan_Fernandez"
-121,-19000,"AP0000016",342741293.13815,342.74129313815,7281.72613372327,"Juan_Fernandez"
-123,-20000,"AP0000017",350775468.18714,350.77546818714,7281.72613372327,"Juan_Fernandez"
-122,-21000,"AP0000018",346668207.236147,346.668207236147,7281.72613372327,"Juan_Fernandez"
-118,-22000,"AP0000019",330063876.113245,330.063876113245,7281.72613372327,"Juan_Fernandez"
-112,-23000,"AP0000020",315604039.407821,315.604039407821,7281.72613372327,"Juan_Fernandez"
-105,-24000,"AP0000021",297393287.910839,297.393287910839,7281.72613372327,"Juan_Fernandez"
-98,-25000,"AP0000022",276509294.717374,276.509294717374,7281.72613372327,"Juan_Fernandez"
-93,-26000,"AP0000012",262225905.847764,262.225905847764,7281.72613372327,"Juan_Fernandez"
-90,-27000,"AP0000023",256869824.634275,256.869824634275,7281.72613372327,"Juan_Fernandez"
-87,-28000,"AP0000024",250444419.851289,250.444419851289,7281.72613372327,"Juan_Fernandez"
-84,-29000,"AP0000025",243839460.478804,243.839460478804,7281.72613372327,"Juan_Fernandez"
-81,-30000,"AP0000026",238126358.457675,238.126358457675,7281.72613372327,"Juan_Fernandez"
-79,-31000,"AP0000027",233129145.070659,233.129145070659,7281.72613372327,"Juan_Fernandez"
-76,-32000,"AP0000010",227415502.188815,227.415502188815,7281.72613372327,"Juan_Fernandez"
-75,-33000,"AP0000028",224915863.141266,224.915863141266,7281.72613372327,"Juan_Fernandez"
-73,-34000,"AP0000029",220453982.929881,220.453982929881,7281.72613372327,"Juan_Fernandez"
-72,-35000,"AP0000030",219740070.629109,219.740070629109,7281.72613372327,"Juan_Fernandez"
-72,-36000,"AP0000030",219740070.629109,219.740070629109,7281.72613372327,"Juan_Fernandez"
-72,-37000,"AP0000030",219740070.629109,219.740070629109,7281.72613372327,"Juan_Fernandez"
-72,-38000,"AP0000030",219740070.629109,219.740070629109,7281.72613372327,"Juan_Fernandez"
-74,-39000,"AP0000031",223131436.083843,223.131436083843,7281.72613372327,"Juan_Fernandez"
-76,-40000,"AP0000010",227415502.188815,227.415502188815,7281.72613372327,"Juan_Fernandez"
-78,-41000,"AP0000032",230807490.621271,230.807490621271,7281.72613372327,"Juan_Fernandez"
-80,-42000,"AP0000033",235627833.03928,235.62783303928,7281.72613372327,"Juan_Fernandez"
-82,-43000,"AP0000034",239733264.251842,239.733264251842,7281.72613372327,"Juan_Fernandez"
-84,-44000,"AP0000025",243839460.478804,243.839460478804,7281.72613372327,"Juan_Fernandez"
-85,-45000,"AP0000011",245802998.70378,245.80299870378,7281.72613372327,"Juan_Fernandez"
-86,-46000,"AP0000035",247409424.703678,247.409424703678,7281.72613372327,"Juan_Fernandez"
-86,-47000,"AP0000035",247409424.703678,247.409424703678,7281.72613372327,"Juan_Fernandez"
-86,-48000,"AP0000035",247409424.703678,247.409424703678,7281.72613372327,"Juan_Fernandez"
-86,-49000,"AP0000035",247409424.703678,247.409424703678,7281.72613372327,"Juan_Fernandez"
-86,-50000,"AP0000035",247409424.703678,247.409424703678,7281.72613372327,"Juan_Fernandez"
-86,-51000,"AP0000035",247409424.703678,247.409424703678,7281.72613372327,"Juan_Fernandez"
-85,-52000,"AP0000011",245802998.70378,245.80299870378,7281.72613372327,"Juan_Fernandez"
-85,-53000,"AP0000011",245802998.70378,245.80299870378,7281.72613372327,"Juan_Fernandez"
-85,-54000,"AP0000011",245802998.70378,245.80299870378,7281.72613372327,"Juan_Fernandez"
-84,-55000,"AP0000025",243839460.478804,243.839460478804,7281.72613372327,"Juan_Fernandez"
-83,-56000,"AP0000036",241518196.256092,241.518196256092,7281.72613372327,"Juan_Fernandez"
-82,-57000,"AP0000034",239733264.251842,239.733264251842,7281.72613372327,"Juan_Fernandez"
-80,-58000,"AP0000033",235627833.03928,235.62783303928,7281.72613372327,"Juan_Fernandez"
-79,-59000,"AP0000027",233129145.070659,233.129145070659,7281.72613372327,"Juan_Fernandez"
-78,-60000,"AP0000032",230807490.621271,230.807490621271,7281.72613372327,"Juan_Fernandez"
-77,-61000,"AP0000037",229379441.178785,229.379441178785,7281.72613372327,"Juan_Fernandez"
-77,-62000,"AP0000037",229379441.178785,229.379441178785,7281.72613372327,"Juan_Fernandez"
-77,-63000,"AP0000037",229379441.178785,229.379441178785,7281.72613372327,"Juan_Fernandez"
-78,-64000,"AP0000032",230807490.621271,230.807490621271,7281.72613372327,"Juan_Fernandez"
-79,-65000,"AP0000027",233129145.070659,233.129145070659,7281.72613372327,"Juan_Fernandez"
-81,-66000,"AP0000026",238126358.457675,238.126358457675,7281.72613372327,"Juan_Fernandez"
-82,-67000,"AP0000034",239733264.251842,239.733264251842,7281.72613372327,"Juan_Fernandez"
-82,-68000,"AP0000034",239733264.251842,239.733264251842,7281.72613372327,"Juan_Fernandez"
-81,-69000,"AP0000026",238126358.457675,238.126358457675,7281.72613372327,"Juan_Fernandez"
-80,-70000,"AP0000033",235627833.03928,235.62783303928,7281.72613372327,"Juan_Fernandez"
-81,-71000,"AP0000026",238126358.457675,238.126358457675,7281.72613372327,"Juan_Fernandez"
-83,-72000,"AP0000036",241518196.256092,241.518196256092,7281.72613372327,"Juan_Fernandez"
-72,-73000,"AP0000030",219740070.629109,219.740070629109,7281.72613372327,"Juan_Fernandez"
-48,-74000,"AP0000038",179575215.235461,179.575215235461,7281.72613372327,"Juan_Fernandez"
-29,-75000,"AP0000039",156191536.926286,156.191536926286,7281.72613372327,"Juan_Fernandez"
-20,-76000,"AP0000040",148873694.125452,148.873694125452,7281.72613372327,"Juan_Fernandez"
-17,-77000,"AP0000041",145838695.931231,145.838695931231,7281.72613372327,"Juan_Fernandez"
-15,-78000,"AP0000042",144767309.84481,144.76730984481,7281.72613372327,"Juan_Fernandez"
-14,-79000,"AP0000043",144052750.590453,144.052750590453,7281.72613372327,"Juan_Fernandez"
-13,-80000,"AP0000044",143695634.204629,143.695634204629,7281.72613372327,"Juan_Fernandez"
-12,-81000,"AP0000045",143338517.512686,143.338517512686,7281.72613372327,"Juan_Fernandez"
-12,-82000,"AP0000045",143338517.512686,143.338517512686,7281.72613372327,"Juan_Fernandez"
-13,-83000,"AP0000044",143695634.204629,143.695634204629,7281.72613372327,"Juan_Fernandez"
-15,-84000,"AP0000042",144767309.84481,144.76730984481,7281.72613372327,"Juan_Fernandez"
-19,-85000,"AP0000046",147981096.381736,147.981096381736,7281.72613372327,"Juan_Fernandez"
-26,-86000,"AP0000047",153335896.247423,153.335896247423,7281.72613372327,"Juan_Fernandez"
-34,-87000,"AP0000048",161010656.823704,161.010656823704,7281.72613372327,"Juan_Fernandez"
-43,-88000,"AP0000049",171720968.061952,171.720968061952,7281.72613372327,"Juan_Fernandez"
-49,-89000,"AP0000050",180645812.051469,180.645812051469,7281.72613372327,"Juan_Fernandez"
-52,-90000,"AP0000008",185108642.291142,185.108642291142,7281.72613372327,"Juan_Fernandez"
-54,-91000,"AP0000051",187249050.047156,187.249050047156,7281.72613372327,"Juan_Fernandez"
-55,-92000,"AP0000052",189034393.175967,189.034393175967,7281.72613372327,"Juan_Fernandez"
-55,-93000,"AP0000052",189034393.175967,189.034393175967,7281.72613372327,"Juan_Fernandez"
-56,-94000,"AP0000053",190462334.078209,190.462334078209,7281.72613372327,"Juan_Fernandez"
-54,-95000,"AP0000051",187249050.047156,187.249050047156,7281.72613372327,"Juan_Fernandez"
-46,-96000,"AP0000054",176005801.20642,176.00580120642,7281.72613372327,"Juan_Fernandez"
-35,-97000,"AP0000055",161367716.744965,161.367716744965,7281.72613372327,"Juan_Fernandez"
-24,-98000,"AP0000006",151551275.550108,151.551275550108,7281.72613372327,"Juan_Fernandez"
-16,-99000,"AP0000056",145124443.753157,145.124443753157,7281.72613372327,"Juan_Fernandez"
-12,-1e+05,"AP0000045",143338517.512686,143.338517512686,7281.72613372327,"Juan_Fernandez"
-10,-101000,"AP0000057",142088465.161862,142.088465161862,7281.72613372327,"Juan_Fernandez"
-10,-102000,"AP0000057",142088465.161862,142.088465161862,7281.72613372327,"Juan_Fernandez"
-9,-103000,"AP0000058",141195858.116696,141.195858116696,7281.72613372327,"Juan_Fernandez"
-8,-104000,"AP0000059",140660143.344723,140.660143344723,7281.72613372327,"Juan_Fernandez"
-10,-105000,"AP0000057",142088465.161862,142.088465161862,7281.72613372327,"Juan_Fernandez"
-16,-106000,"AP0000056",145124443.753157,145.124443753157,7281.72613372327,"Juan_Fernandez"
-26,-107000,"AP0000047",153335896.247423,153.335896247423,7281.72613372327,"Juan_Fernandez"
-31,-108000,"AP0000060",157975420.292869,157.975420292869,7281.72613372327,"Juan_Fernandez"
-33,-109000,"AP0000061",159939246.152887,159.939246152887,7281.72613372327,"Juan_Fernandez"
-33,-110000,"AP0000061",159939246.152887,159.939246152887,7281.72613372327,"Juan_Fernandez"
-32,-111000,"AP0000062",158867960.160178,158.867960160178,7281.72613372327,"Juan_Fernandez"
-32,-112000,"AP0000062",158867960.160178,158.867960160178,7281.72613372327,"Juan_Fernandez"
-27,-113000,"AP0000063",154228444.994686,154.228444994686,7281.72613372327,"Juan_Fernandez"
-16,-114000,"AP0000056",145124443.753157,145.124443753157,7281.72613372327,"Juan_Fernandez"
-6,-115000,"AP0000064",139231261.130936,139.231261130936,7281.72613372327,"Juan_Fernandez"
0,-116000,"AP0000000",134054629.72983,134.05462972983,7281.72613372327,"Juan_Fernandez"
3,-117000,"AP0000065",131735430.861015,131.735430861015,7281.72613372327,"Juan_Fernandez"
5,-118000,"AP0000066",129773357.590833,129.773357590833,7281.72613372327,"Juan_Fernandez"
7,-119000,"AP0000067",127274595.886648,127.274595886648,7281.72613372327,"Juan_Fernandez"
9,-120000,"AP0000068",124954806.675018,124.954806675018,7281.72613372327,"Juan_Fernandez"
10,-121000,"AP0000069",124419823.625204,124.419823625204,7281.72613372327,"Juan_Fernandez"
10,-122000,"AP0000069",124419823.625204,124.419823625204,7281.72613372327,"Juan_Fernandez"
10,-123000,"AP0000069",124419823.625204,124.419823625204,7281.72613372327,"Juan_Fernandez"
9,-124000,"AP0000068",124954806.675018,124.954806675018,7281.72613372327,"Juan_Fernandez"
9,-125000,"AP0000068",124954806.675018,124.954806675018,7281.72613372327,"Juan_Fernandez"
10,-126000,"AP0000069",124419823.625204,124.419823625204,7281.72613372327,"Juan_Fernandez"
12,-127000,"AP0000070",123171378.482461,123.171378482461,7281.72613372327,"Juan_Fernandez"
10,-128000,"AP0000069",124419823.625204,124.419823625204,7281.72613372327,"Juan_Fernandez"
-3,-129000,"AP0000003",137088094.910651,137.088094910651,7281.72613372327,"Juan_Fernandez"
-27,-130000,"AP0000063",154228444.994686,154.228444994686,7281.72613372327,"Juan_Fernandez"
-28,-131000,"AP0000071",155299859.897085,155.299859897085,7281.72613372327,"Juan_Fernandez"
-26,-132000,"AP0000047",153335896.247423,153.335896247423,7281.72613372327,"Juan_Fernandez"
-24,-133000,"AP0000006",151551275.550108,151.551275550108,7281.72613372327,"Juan_Fernandez"
-22,-134000,"AP0000072",149944977.306591,149.944977306591,7281.72613372327,"Juan_Fernandez"
-20,-135000,"AP0000040",148873694.125452,148.873694125452,7281.72613372327,"Juan_Fernandez"
-18,-136000,"AP0000073",146731660.119673,146.731660119673,7281.72613372327,"Juan_Fernandez"
-19,-137000,"AP0000046",147981096.381736,147.981096381736,7281.72613372327,"Juan_Fernandez"
-22,-138000,"AP0000072",149944977.306591,149.944977306591,7281.72613372327,"Juan_Fernandez"
-28,-139000,"AP0000071",155299859.897085,155.299859897085,7281.72613372327,"Juan_Fernandez"
-44,-140000,"AP0000074",172613480.426311,172.613480426311,7281.72613372327,"Juan_Fernandez"
0,0,"AP0000000",4510227330.13059,4510.22733013059,78463.9781890702,"Cape_Verde"
-1,-1000,"AP0000001",4573820142.49389,4573.82014249389,78463.9781890702,"Cape_Verde"
-2,-2000,"AP0000002",4584923716.41989,4584.92371641989,78463.9781890702,"Cape_Verde"
-3,-3000,"AP0000003",4601379007.13864,4601.37900713864,78463.9781890702,"Cape_Verde"
-3,-4000,"AP0000003",4601379007.13864,4601.37900713864,78463.9781890702,"Cape_Verde"
-3,-5000,"AP0000003",4601379007.13864,4601.37900713864,78463.9781890702,"Cape_Verde"
-4,-6000,"AP0000004",4616599607.88608,4616.59960788608,78463.9781890702,"Cape_Verde"
-4,-7000,"AP0000004",4616599607.88608,4616.59960788608,78463.9781890702,"Cape_Verde"
-11,-8000,"AP0000005",4735658529.4085,4735.6585294085,78463.9781890702,"Cape_Verde"
-24,-9000,"AP0000006",4932571267.74699,4932.57126774699,78463.9781890702,"Cape_Verde"
-38,-10000,"AP0000007",5142740171.91007,5142.74017191007,78463.9781890702,"Cape_Verde"
-52,-11000,"AP0000008",5350245604.1284,5350.2456041284,78463.9781890702,"Cape_Verde"
-65,-12000,"AP0000009",5628733626.57317,5628.73362657317,78463.9781890702,"Cape_Verde"
-76,-13000,"AP0000010",5911111498.98186,5911.11149898187,78463.9781890702,"Cape_Verde"
-85,-14000,"AP0000011",6146691292.29453,6146.69129229453,78463.9781890702,"Cape_Verde"
-93,-15000,"AP0000012",6312615451.95547,6312.61545195547,78463.9781890702,"Cape_Verde"
-102,-16000,"AP0000013",6475267002.20975,6475.26700220975,78463.9781890702,"Cape_Verde"
-109,-17000,"AP0000014",6591650839.84281,6591.65083984281,78463.9781890702,"Cape_Verde"
-116,-18000,"AP0000015",6779098084.64185,6779.09808464185,78463.9781890702,"Cape_Verde"
-121,-19000,"AP0000016",6848203435.62505,6848.20343562505,78463.9781890702,"Cape_Verde"
-123,-20000,"AP0000017",6873906780.36723,6873.90678036723,78463.9781890702,"Cape_Verde"
-122,-21000,"AP0000018",6859310858.56177,6859.31085856177,78463.9781890702,"Cape_Verde"
-118,-22000,"AP0000019",6807070417.99217,6807.07041799217,78463.9781890702,"Cape_Verde"
-112,-23000,"AP0000020",6722335840.7597,6722.3358407597,78463.9781890702,"Cape_Verde"
-105,-24000,"AP0000021",6526062786.68632,6526.06278668632,78463.9781890702,"Cape_Verde"
-98,-25000,"AP0000022",6407835414.85507,6407.83541485507,78463.9781890702,"Cape_Verde"
-93,-26000,"AP0000012",6312615451.95547,6312.61545195547,78463.9781890702,"Cape_Verde"
-90,-27000,"AP0000023",6252356154.89216,6252.35615489216,78463.9781890702,"Cape_Verde"
-87,-28000,"AP0000024",6191720025.74655,6191.72002574655,78463.9781890702,"Cape_Verde"
-84,-29000,"AP0000025",6121835291.60744,6121.83529160744,78463.9781890702,"Cape_Verde"
-81,-30000,"AP0000026",6041683960.11067,6041.68396011067,78463.9781890702,"Cape_Verde"
-79,-31000,"AP0000027",5987598947.97935,5987.59894797936,78463.9781890702,"Cape_Verde"
-76,-32000,"AP0000010",5911111498.98186,5911.11149898187,78463.9781890702,"Cape_Verde"
-75,-33000,"AP0000028",5884174610.59703,5884.17461059703,78463.9781890702,"Cape_Verde"
-73,-34000,"AP0000029",5826999218.75984,5826.99921875984,78463.9781890702,"Cape_Verde"
-72,-35000,"AP0000030",5798201703.21533,5798.20170321533,78463.9781890702,"Cape_Verde"
-72,-36000,"AP0000030",5798201703.21533,5798.20170321533,78463.9781890702,"Cape_Verde"
-72,-37000,"AP0000030",5798201703.21533,5798.20170321533,78463.9781890702,"Cape_Verde"
-72,-38000,"AP0000030",5798201703.21533,5798.20170321533,78463.9781890702,"Cape_Verde"
-74,-39000,"AP0000031",5851677869.34368,5851.67786934368,78463.9781890702,"Cape_Verde"
-76,-40000,"AP0000010",5911111498.98186,5911.11149898187,78463.9781890702,"Cape_Verde"
-78,-41000,"AP0000032",5962728236.54807,5962.72823654807,78463.9781890702,"Cape_Verde"
-80,-42000,"AP0000033",6018656821.57177,6018.65682157177,78463.9781890702,"Cape_Verde"
-82,-43000,"AP0000034",6068814555.08617,6068.81455508617,78463.9781890702,"Cape_Verde"
-84,-44000,"AP0000025",6121835291.60744,6121.83529160744,78463.9781890702,"Cape_Verde"
-85,-45000,"AP0000011",6146691292.29453,6146.69129229453,78463.9781890702,"Cape_Verde"
-86,-46000,"AP0000035",6169098888.42488,6169.09888842488,78463.9781890702,"Cape_Verde"
-86,-47000,"AP0000035",6169098888.42488,6169.09888842488,78463.9781890702,"Cape_Verde"
-86,-48000,"AP0000035",6169098888.42488,6169.09888842488,78463.9781890702,"Cape_Verde"
-86,-49000,"AP0000035",6169098888.42488,6169.09888842488,78463.9781890702,"Cape_Verde"
-86,-50000,"AP0000035",6169098888.42488,6169.09888842488,78463.9781890702,"Cape_Verde"
-86,-51000,"AP0000035",6169098888.42488,6169.09888842488,78463.9781890702,"Cape_Verde"
-85,-52000,"AP0000011",6146691292.29453,6146.69129229453,78463.9781890702,"Cape_Verde"
-85,-53000,"AP0000011",6146691292.29453,6146.69129229453,78463.9781890702,"Cape_Verde"
-85,-54000,"AP0000011",6146691292.29453,6146.69129229453,78463.9781890702,"Cape_Verde"
-84,-55000,"AP0000025",6121835291.60744,6121.83529160744,78463.9781890702,"Cape_Verde"
-83,-56000,"AP0000036",6094920485.5704,6094.9204855704,78463.9781890702,"Cape_Verde"
-82,-57000,"AP0000034",6068814555.08617,6068.81455508617,78463.9781890702,"Cape_Verde"
-80,-58000,"AP0000033",6018656821.57177,6018.65682157177,78463.9781890702,"Cape_Verde"
-79,-59000,"AP0000027",5987598947.97935,5987.59894797936,78463.9781890702,"Cape_Verde"
-78,-60000,"AP0000032",5962728236.54807,5962.72823654807,78463.9781890702,"Cape_Verde"
-77,-61000,"AP0000037",5937229486.68885,5937.22948668885,78463.9781890702,"Cape_Verde"
-77,-62000,"AP0000037",5937229486.68885,5937.22948668885,78463.9781890702,"Cape_Verde"
-77,-63000,"AP0000037",5937229486.68885,5937.22948668885,78463.9781890702,"Cape_Verde"
-78,-64000,"AP0000032",5962728236.54807,5962.72823654807,78463.9781890702,"Cape_Verde"
-79,-65000,"AP0000027",5987598947.97935,5987.59894797936,78463.9781890702,"Cape_Verde"
-81,-66000,"AP0000026",6041683960.11067,6041.68396011067,78463.9781890702,"Cape_Verde"
-82,-67000,"AP0000034",6068814555.08617,6068.81455508617,78463.9781890702,"Cape_Verde"
-82,-68000,"AP0000034",6068814555.08617,6068.81455508617,78463.9781890702,"Cape_Verde"
-81,-69000,"AP0000026",6041683960.11067,6041.68396011067,78463.9781890702,"Cape_Verde"
-80,-70000,"AP0000033",6018656821.57177,6018.65682157177,78463.9781890702,"Cape_Verde"
-81,-71000,"AP0000026",6041683960.11067,6041.68396011067,78463.9781890702,"Cape_Verde"
-83,-72000,"AP0000036",6094920485.5704,6094.9204855704,78463.9781890702,"Cape_Verde"
-72,-73000,"AP0000030",5798201703.21533,5798.20170321533,78463.9781890702,"Cape_Verde"
-48,-74000,"AP0000038",5289155195.95457,5289.15519595457,78463.9781890702,"Cape_Verde"
-29,-75000,"AP0000039",4998368771.45335,4998.36877145335,78463.9781890702,"Cape_Verde"
-20,-76000,"AP0000040",4879732077.41466,4879.73207741466,78463.9781890702,"Cape_Verde"
-17,-77000,"AP0000041",4841489457.46732,4841.48945746732,78463.9781890702,"Cape_Verde"
-15,-78000,"AP0000042",4807184476.36777,4807.18447636777,78463.9781890702,"Cape_Verde"
-14,-79000,"AP0000043",4787862981.52913,4787.86298152913,78463.9781890702,"Cape_Verde"
-13,-80000,"AP0000044",4771624519.00391,4771.62451900391,78463.9781890702,"Cape_Verde"
-12,-81000,"AP0000045",4751073255.76643,4751.07325576643,78463.9781890702,"Cape_Verde"
-12,-82000,"AP0000045",4751073255.76643,4751.07325576643,78463.9781890702,"Cape_Verde"
-13,-83000,"AP0000044",4771624519.00391,4771.62451900391,78463.9781890702,"Cape_Verde"
-15,-84000,"AP0000042",4807184476.36777,4807.18447636777,78463.9781890702,"Cape_Verde"
-19,-85000,"AP0000046",4867391790.25473,4867.39179025473,78463.9781890702,"Cape_Verde"
-26,-86000,"AP0000047",4958063761.65688,4958.06376165688,78463.9781890702,"Cape_Verde"
-34,-87000,"AP0000048",5068908317.73237,5068.90831773237,78463.9781890702,"Cape_Verde"
-43,-88000,"AP0000049",5219235378.97083,5219.23537897083,78463.9781890702,"Cape_Verde"
-49,-89000,"AP0000050",5302728507.4141,5302.7285074141,78463.9781890702,"Cape_Verde"
-52,-90000,"AP0000008",5350245604.1284,5350.2456041284,78463.9781890702,"Cape_Verde"
-54,-91000,"AP0000051",5385823815.1318,5385.8238151318,78463.9781890702,"Cape_Verde"
-55,-92000,"AP0000052",5406598090.37414,5406.59809037414,78463.9781890702,"Cape_Verde"
-55,-93000,"AP0000052",5406598090.37414,5406.59809037414,78463.9781890702,"Cape_Verde"
-56,-94000,"AP0000053",5425735312.8999,5425.7353128999,78463.9781890702,"Cape_Verde"
-54,-95000,"AP0000051",5385823815.1318,5385.8238151318,78463.9781890702,"Cape_Verde"
-46,-96000,"AP0000054",5260980174.3431,5260.9801743431,78463.9781890702,"Cape_Verde"
-35,-97000,"AP0000055",5083101296.20443,5083.10129620443,78463.9781890702,"Cape_Verde"
-24,-98000,"AP0000006",4932571267.74699,4932.57126774699,78463.9781890702,"Cape_Verde"
-16,-99000,"AP0000056",4821574509.63661,4821.57450963661,78463.9781890702,"Cape_Verde"
-12,-1e+05,"AP0000045",4751073255.76643,4751.07325576643,78463.9781890702,"Cape_Verde"
-10,-101000,"AP0000057",4719219768.723,4719.219768723,78463.9781890702,"Cape_Verde"
-10,-102000,"AP0000057",4719219768.723,4719.219768723,78463.9781890702,"Cape_Verde"
-9,-103000,"AP0000058",4704004699.33928,4704.00469933928,78463.9781890702,"Cape_Verde"
-8,-104000,"AP0000059",4685713838.45958,4685.71383845958,78463.9781890702,"Cape_Verde"
-10,-105000,"AP0000057",4719219768.723,4719.219768723,78463.9781890702,"Cape_Verde"
-16,-106000,"AP0000056",4821574509.63661,4821.57450963661,78463.9781890702,"Cape_Verde"
-26,-107000,"AP0000047",4958063761.65688,4958.06376165688,78463.9781890702,"Cape_Verde"
-31,-108000,"AP0000060",5023049194.36176,5023.04919436177,78463.9781890702,"Cape_Verde"
-33,-109000,"AP0000061",5051838488.96355,5051.83848896355,78463.9781890702,"Cape_Verde"
-33,-110000,"AP0000061",5051838488.96355,5051.83848896355,78463.9781890702,"Cape_Verde"
-32,-111000,"AP0000062",5038471946.21663,5038.47194621663,78463.9781890702,"Cape_Verde"
-32,-112000,"AP0000062",5038471946.21663,5038.47194621663,78463.9781890702,"Cape_Verde"
-27,-113000,"AP0000063",4971847252.61752,4971.84725261752,78463.9781890702,"Cape_Verde"
-16,-114000,"AP0000056",4821574509.63661,4821.57450963661,78463.9781890702,"Cape_Verde"
-6,-115000,"AP0000064",4646419867.012,4646.419867012,78463.9781890702,"Cape_Verde"
0,-116000,"AP0000000",4510227330.13059,4510.22733013059,78463.9781890702,"Cape_Verde"
3,-117000,"AP0000065",4403580564.34354,4403.58056434355,78463.9781890702,"Cape_Verde"
5,-118000,"AP0000066",4312094462.73103,4312.09446273103,78463.9781890702,"Cape_Verde"
7,-119000,"AP0000067",4232553920.16706,4232.55392016706,78463.9781890702,"Cape_Verde"
9,-120000,"AP0000068",4165156855.5648,4165.1568555648,78463.9781890702,"Cape_Verde"
10,-121000,"AP0000069",4134538807.76461,4134.53880776461,78463.9781890702,"Cape_Verde"
10,-122000,"AP0000069",4134538807.76461,4134.53880776461,78463.9781890702,"Cape_Verde"
10,-123000,"AP0000069",4134538807.76461,4134.53880776461,78463.9781890702,"Cape_Verde"
9,-124000,"AP0000068",4165156855.5648,4165.1568555648,78463.9781890702,"Cape_Verde"
9,-125000,"AP0000068",4165156855.5648,4165.1568555648,78463.9781890702,"Cape_Verde"
10,-126000,"AP0000069",4134538807.76461,4134.53880776461,78463.9781890702,"Cape_Verde"
12,-127000,"AP0000070",4069136668.85493,4069.13666885493,78463.9781890702,"Cape_Verde"
10,-128000,"AP0000069",4134538807.76461,4134.53880776461,78463.9781890702,"Cape_Verde"
-3,-129000,"AP0000003",4601379007.13864,4601.37900713864,78463.9781890702,"Cape_Verde"
-27,-130000,"AP0000063",4971847252.61752,4971.84725261752,78463.9781890702,"Cape_Verde"
-28,-131000,"AP0000071",4987061066.25664,4987.06106625664,78463.9781890702,"Cape_Verde"
-26,-132000,"AP0000047",4958063761.65688,4958.06376165688,78463.9781890702,"Cape_Verde"
-24,-133000,"AP0000006",4932571267.74699,4932.57126774699,78463.9781890702,"Cape_Verde"
-22,-134000,"AP0000072",4904003858.98682,4904.00385898682,78463.9781890702,"Cape_Verde"
-20,-135000,"AP0000040",4879732077.41466,4879.73207741466,78463.9781890702,"Cape_Verde"
-18,-136000,"AP0000073",4854440067.18395,4854.44006718395,78463.9781890702,"Cape_Verde"
-19,-137000,"AP0000046",4867391790.25473,4867.39179025473,78463.9781890702,"Cape_Verde"
-22,-138000,"AP0000072",4904003858.98682,4904.00385898682,78463.9781890702,"Cape_Verde"
-28,-139000,"AP0000071",4987061066.25664,4987.06106625664,78463.9781890702,"Cape_Verde"
-44,-140000,"AP0000074",5230958311.79248,5230.95831179248,78463.9781890702,"Cape_Verde"
0,0,"AP0000000",2589197681.53578,2589.19768153578,225180.5963378,"Seychelles_Inner"
-1,-1000,"AP0000001",2805074578.02304,2805.07457802304,225180.5963378,"Seychelles_Inner"
-2,-2000,"AP0000002",3045657975.06162,3045.65797506162,225180.5963378,"Seychelles_Inner"
-3,-3000,"AP0000003",3952594373.46407,3952.59437346407,225180.5963378,"Seychelles_Inner"
-3,-4000,"AP0000003",3952594373.46407,3952.59437346407,225180.5963378,"Seychelles_Inner"
-3,-5000,"AP0000003",3952594373.46407,3952.59437346407,225180.5963378,"Seychelles_Inner"
-4,-6000,"AP0000004",4240420533.56251,4240.42053356251,225180.5963378,"Seychelles_Inner"
-4,-7000,"AP0000004",4240420533.56251,4240.42053356251,225180.5963378,"Seychelles_Inner"
-11,-8000,"AP0000005",5765682829.14886,5765.68282914886,225180.5963378,"Seychelles_Inner"
-24,-9000,"AP0000006",10253924109.4894,10253.9241094894,225180.5963378,"Seychelles_Inner"
-38,-10000,"AP0000007",20242685265.9914,20242.6852659914,225180.5963378,"Seychelles_Inner"
-52,-11000,"AP0000008",33160344530.4524,33160.3445304524,225180.5963378,"Seychelles_Inner"
-65,-12000,"AP0000009",42801055683.5555,42801.0556835555,225180.5963378,"Seychelles_Inner"
-76,-13000,"AP0000010",43719720342.0067,43719.7203420067,225180.5963378,"Seychelles_Inner"
-85,-14000,"AP0000011",44112739069.5248,44112.7390695248,225180.5963378,"Seychelles_Inner"
-93,-15000,"AP0000012",44479131495.2955,44479.1314952955,225180.5963378,"Seychelles_Inner"
-102,-16000,"AP0000013",44796990899.3682,44796.9908993682,225180.5963378,"Seychelles_Inner"
-109,-17000,"AP0000014",45044380331.0962,45044.3803310962,225180.5963378,"Seychelles_Inner"
-116,-18000,"AP0000015",45266445402.2514,45266.4454022514,225180.5963378,"Seychelles_Inner"
-121,-19000,"AP0000016",45418673725.3069,45418.6737253069,225180.5963378,"Seychelles_Inner"
-123,-20000,"AP0000017",45479781686.2627,45479.7816862627,225180.5963378,"Seychelles_Inner"
-122,-21000,"AP0000018",45452529213.5815,45452.5292135815,225180.5963378,"Seychelles_Inner"
-118,-22000,"AP0000019",45326487242.9591,45326.4872429591,225180.5963378,"Seychelles_Inner"
-112,-23000,"AP0000020",45142956273.0683,45142.9562730683,225180.5963378,"Seychelles_Inner"
-105,-24000,"AP0000021",44904076458.7676,44904.0764587676,225180.5963378,"Seychelles_Inner"
-98,-25000,"AP0000022",44662644309.3927,44662.6443093927,225180.5963378,"Seychelles_Inner"
-93,-26000,"AP0000012",44479131495.2955,44479.1314952955,225180.5963378,"Seychelles_Inner"
-90,-27000,"AP0000023",44319453714.6086,44319.4537146086,225180.5963378,"Seychelles_Inner"
-87,-28000,"AP0000024",44197459867.4401,44197.4598674401,225180.5963378,"Seychelles_Inner"
-84,-29000,"AP0000025",44070585737.0453,44070.5857370453,225180.5963378,"Seychelles_Inner"
-81,-30000,"AP0000026",43942208613.1764,43942.2086131764,225180.5963378,"Seychelles_Inner"
-79,-31000,"AP0000027",43854070175.5488,43854.0701755488,225180.5963378,"Seychelles_Inner"
-76,-32000,"AP0000010",43719720342.0067,43719.7203420067,225180.5963378,"Seychelles_Inner"
-75,-33000,"AP0000028",43677346745.1576,43677.3467451576,225180.5963378,"Seychelles_Inner"
-73,-34000,"AP0000029",43592399351.4697,43592.3993514697,225180.5963378,"Seychelles_Inner"
-72,-35000,"AP0000030",43543421491.0392,43543.4214910392,225180.5963378,"Seychelles_Inner"
-72,-36000,"AP0000030",43543421491.0392,43543.4214910392,225180.5963378,"Seychelles_Inner"
-72,-37000,"AP0000030",43543421491.0392,43543.4214910392,225180.5963378,"Seychelles_Inner"
-72,-38000,"AP0000030",43543421491.0392,43543.4214910392,225180.5963378,"Seychelles_Inner"
-74,-39000,"AP0000031",43638808090.6396,43638.8080906396,225180.5963378,"Seychelles_Inner"
-76,-40000,"AP0000010",43719720342.0067,43719.7203420067,225180.5963378,"Seychelles_Inner"
-78,-41000,"AP0000032",43807447552.0077,43807.4475520077,225180.5963378,"Seychelles_Inner"
-80,-42000,"AP0000033",43901118809.4189,43901.1188094189,225180.5963378,"Seychelles_Inner"
-82,-43000,"AP0000034",43985430399.0929,43985.4303990929,225180.5963378,"Seychelles_Inner"
-84,-44000,"AP0000025",44070585737.0453,44070.5857370453,225180.5963378,"Seychelles_Inner"
-85,-45000,"AP0000011",44112739069.5248,44112.7390695248,225180.5963378,"Seychelles_Inner"
-86,-46000,"AP0000035",44155738505.6642,44155.7385056642,225180.5963378,"Seychelles_Inner"
-86,-47000,"AP0000035",44155738505.6642,44155.7385056642,225180.5963378,"Seychelles_Inner"
-86,-48000,"AP0000035",44155738505.6642,44155.7385056642,225180.5963378,"Seychelles_Inner"
-86,-49000,"AP0000035",44155738505.6642,44155.7385056642,225180.5963378,"Seychelles_Inner"
-86,-50000,"AP0000035",44155738505.6642,44155.7385056642,225180.5963378,"Seychelles_Inner"
-86,-51000,"AP0000035",44155738505.6642,44155.7385056642,225180.5963378,"Seychelles_Inner"
-85,-52000,"AP0000011",44112739069.5248,44112.7390695248,225180.5963378,"Seychelles_Inner"
-85,-53000,"AP0000011",44112739069.5248,44112.7390695248,225180.5963378,"Seychelles_Inner"
-85,-54000,"AP0000011",44112739069.5248,44112.7390695248,225180.5963378,"Seychelles_Inner"
-84,-55000,"AP0000025",44070585737.0453,44070.5857370453,225180.5963378,"Seychelles_Inner"
-83,-56000,"AP0000036",44026729880.4245,44026.7298804245,225180.5963378,"Seychelles_Inner"
-82,-57000,"AP0000034",43985430399.0929,43985.4303990929,225180.5963378,"Seychelles_Inner"
-80,-58000,"AP0000033",43901118809.4189,43901.1188094189,225180.5963378,"Seychelles_Inner"
-79,-59000,"AP0000027",43854070175.5488,43854.0701755488,225180.5963378,"Seychelles_Inner"
-78,-60000,"AP0000032",43807447552.0077,43807.4475520077,225180.5963378,"Seychelles_Inner"
-77,-61000,"AP0000037",43762096819.669,43762.096819669,225180.5963378,"Seychelles_Inner"
-77,-62000,"AP0000037",43762096819.669,43762.096819669,225180.5963378,"Seychelles_Inner"
-77,-63000,"AP0000037",43762096819.669,43762.096819669,225180.5963378,"Seychelles_Inner"
-78,-64000,"AP0000032",43807447552.0077,43807.4475520077,225180.5963378,"Seychelles_Inner"
-79,-65000,"AP0000027",43854070175.5488,43854.0701755488,225180.5963378,"Seychelles_Inner"
-81,-66000,"AP0000026",43942208613.1764,43942.2086131764,225180.5963378,"Seychelles_Inner"
-82,-67000,"AP0000034",43985430399.0929,43985.4303990929,225180.5963378,"Seychelles_Inner"
-82,-68000,"AP0000034",43985430399.0929,43985.4303990929,225180.5963378,"Seychelles_Inner"
-81,-69000,"AP0000026",43942208613.1764,43942.2086131764,225180.5963378,"Seychelles_Inner"
-80,-70000,"AP0000033",43901118809.4189,43901.1188094189,225180.5963378,"Seychelles_Inner"
-81,-71000,"AP0000026",43942208613.1764,43942.2086131764,225180.5963378,"Seychelles_Inner"
-83,-72000,"AP0000036",44026729880.4245,44026.7298804245,225180.5963378,"Seychelles_Inner"
-72,-73000,"AP0000030",43543421491.0392,43543.4214910392,225180.5963378,"Seychelles_Inner"
-48,-74000,"AP0000038",29031093019.9457,29031.0930199457,225180.5963378,"Seychelles_Inner"
-29,-75000,"AP0000039",12785866878.9608,12785.8668789608,225180.5963378,"Seychelles_Inner"
-20,-76000,"AP0000040",8462789775.88435,8462.78977588435,225180.5963378,"Seychelles_Inner"
-17,-77000,"AP0000041",7312006548.69337,7312.00654869337,225180.5963378,"Seychelles_Inner"
-15,-78000,"AP0000042",6709915993.19489,6709.91599319489,225180.5963378,"Seychelles_Inner"
-14,-79000,"AP0000043",6461679813.38034,6461.67981338034,225180.5963378,"Seychelles_Inner"
-13,-80000,"AP0000044",6231960456.53157,6231.96045653157,225180.5963378,"Seychelles_Inner"
-12,-81000,"AP0000045",6004134386.20874,6004.13438620874,225180.5963378,"Seychelles_Inner"
-12,-82000,"AP0000045",6004134386.20874,6004.13438620874,225180.5963378,"Seychelles_Inner"
-13,-83000,"AP0000044",6231960456.53157,6231.96045653157,225180.5963378,"Seychelles_Inner"
-15,-84000,"AP0000042",6709915993.19489,6709.91599319489,225180.5963378,"Seychelles_Inner"
-19,-85000,"AP0000046",8054235577.82927,8054.23557782927,225180.5963378,"Seychelles_Inner"
-26,-86000,"AP0000047",11151961800.3245,11151.9618003245,225180.5963378,"Seychelles_Inner"
-34,-87000,"AP0000048",16479747992.9387,16479.7479929387,225180.5963378,"Seychelles_Inner"
-43,-88000,"AP0000049",25048452758.9603,25048.4527589603,225180.5963378,"Seychelles_Inner"
-49,-89000,"AP0000050",29728663589.6159,29728.6635896159,225180.5963378,"Seychelles_Inner"
-52,-90000,"AP0000008",33160344530.4524,33160.3445304524,225180.5963378,"Seychelles_Inner"
-54,-91000,"AP0000051",36553498771.5869,36553.4987715869,225180.5963378,"Seychelles_Inner"
-55,-92000,"AP0000052",37002672566.4765,37002.6725664765,225180.5963378,"Seychelles_Inner"
-55,-93000,"AP0000052",37002672566.4765,37002.6725664765,225180.5963378,"Seychelles_Inner"
-56,-94000,"AP0000053",38937673347.6623,38937.6733476623,225180.5963378,"Seychelles_Inner"
-54,-95000,"AP0000051",36553498771.5869,36553.4987715869,225180.5963378,"Seychelles_Inner"
-46,-96000,"AP0000054",27202832341.8223,27202.8323418223,225180.5963378,"Seychelles_Inner"
-35,-97000,"AP0000055",17270047781.071,17270.047781071,225180.5963378,"Seychelles_Inner"
-24,-98000,"AP0000006",10253924109.4894,10253.9241094894,225180.5963378,"Seychelles_Inner"
-16,-99000,"AP0000056",6986907073.21667,6986.90707321667,225180.5963378,"Seychelles_Inner"
-12,-1e+05,"AP0000045",6004134386.20874,6004.13438620874,225180.5963378,"Seychelles_Inner"
-10,-101000,"AP0000057",5558309915.52824,5558.30991552824,225180.5963378,"Seychelles_Inner"
-10,-102000,"AP0000057",5558309915.52824,5558.30991552824,225180.5963378,"Seychelles_Inner"
-9,-103000,"AP0000058",5347104506.64025,5347.10450664025,225180.5963378,"Seychelles_Inner"
-8,-104000,"AP0000059",5104832607.93736,5104.83260793736,225180.5963378,"Seychelles_Inner"
-10,-105000,"AP0000057",5558309915.52824,5558.30991552824,225180.5963378,"Seychelles_Inner"
-16,-106000,"AP0000056",6986907073.21667,6986.90707321667,225180.5963378,"Seychelles_Inner"
-26,-107000,"AP0000047",11151961800.3245,11151.9618003245,225180.5963378,"Seychelles_Inner"
-31,-108000,"AP0000060",14062276211.9419,14062.2762119419,225180.5963378,"Seychelles_Inner"
-33,-109000,"AP0000061",15606815754.3999,15606.8157543999,225180.5963378,"Seychelles_Inner"
-33,-110000,"AP0000061",15606815754.3999,15606.8157543999,225180.5963378,"Seychelles_Inner"
-32,-111000,"AP0000062",14838053400.6317,14838.0534006317,225180.5963378,"Seychelles_Inner"
-32,-112000,"AP0000062",14838053400.6317,14838.0534006317,225180.5963378,"Seychelles_Inner"
-27,-113000,"AP0000063",11665142247.7807,11665.1422477807,225180.5963378,"Seychelles_Inner"
-16,-114000,"AP0000056",6986907073.21667,6986.90707321667,225180.5963378,"Seychelles_Inner"
-6,-115000,"AP0000064",4686038156.05701,4686.03815605701,225180.5963378,"Seychelles_Inner"
0,-116000,"AP0000000",2589197681.53578,2589.19768153578,225180.5963378,"Seychelles_Inner"
3,-117000,"AP0000065",2053022445.04548,2053.02244504548,225180.5963378,"Seychelles_Inner"
5,-118000,"AP0000066",1807332885.06916,1807.33288506916,225180.5963378,"Seychelles_Inner"
7,-119000,"AP0000067",1626813874.37944,1626.81387437944,225180.5963378,"Seychelles_Inner"
9,-120000,"AP0000068",1473988398.79851,1473.98839879851,225180.5963378,"Seychelles_Inner"
10,-121000,"AP0000069",1403958800.42001,1403.95880042001,225180.5963378,"Seychelles_Inner"
10,-122000,"AP0000069",1403958800.42001,1403.95880042001,225180.5963378,"Seychelles_Inner"
10,-123000,"AP0000069",1403958800.42001,1403.95880042001,225180.5963378,"Seychelles_Inner"
9,-124000,"AP0000068",1473988398.79851,1473.98839879851,225180.5963378,"Seychelles_Inner"
9,-125000,"AP0000068",1473988398.79851,1473.98839879851,225180.5963378,"Seychelles_Inner"
10,-126000,"AP0000069",1403958800.42001,1403.95880042001,225180.5963378,"Seychelles_Inner"
12,-127000,"AP0000070",1276681109.35672,1276.68110935672,225180.5963378,"Seychelles_Inner"
10,-128000,"AP0000069",1403958800.42001,1403.95880042001,225180.5963378,"Seychelles_Inner"
-3,-129000,"AP0000003",3952594373.46407,3952.59437346407,225180.5963378,"Seychelles_Inner"
-27,-130000,"AP0000063",11665142247.7807,11665.1422477807,225180.5963378,"Seychelles_Inner"
-28,-131000,"AP0000071",12194743476.8442,12194.7434768442,225180.5963378,"Seychelles_Inner"
-26,-132000,"AP0000047",11151961800.3245,11151.9618003245,225180.5963378,"Seychelles_Inner"
-24,-133000,"AP0000006",10253924109.4894,10253.9241094894,225180.5963378,"Seychelles_Inner"
-22,-134000,"AP0000072",9252097744.00458,9252.09774400458,225180.5963378,"Seychelles_Inner"
-20,-135000,"AP0000040",8462789775.88435,8462.78977588435,225180.5963378,"Seychelles_Inner"
-18,-136000,"AP0000073",7648137338.9001,7648.1373389001,225180.5963378,"Seychelles_Inner"
-19,-137000,"AP0000046",8054235577.82927,8054.23557782927,225180.5963378,"Seychelles_Inner"
-22,-138000,"AP0000072",9252097744.00458,9252.09774400458,225180.5963378,"Seychelles_Inner"
-28,-139000,"AP0000071",12194743476.8442,12194.7434768442,225180.5963378,"Seychelles_Inner"
-44,-140000,"AP0000074",25824378150.4219,25824.3781504219,225180.5963378,"Seychelles_Inner"
0,0,"AP0000000",7499194550.02,7499.19455002,105028.633128327,"Canaries"
-1,-1000,"AP0000001",7545417088.63057,7545.41708863057,105028.633128327,"Canaries"
-2,-2000,"AP0000002",7563323259.27164,7563.32325927164,105028.633128327,"Canaries"
-3,-3000,"AP0000003",7577076938.9651,7577.0769389651,105028.633128327,"Canaries"
-3,-4000,"AP0000003",7577076938.9651,7577.0769389651,105028.633128327,"Canaries"
-3,-5000,"AP0000003",7577076938.9651,7577.0769389651,105028.633128327,"Canaries"
-4,-6000,"AP0000004",7593091968.60744,7593.09196860743,105028.633128327,"Canaries"
-4,-7000,"AP0000004",7593091968.60744,7593.09196860743,105028.633128327,"Canaries"
-11,-8000,"AP0000005",7779381460.37282,7779.38146037282,105028.633128327,"Canaries"
-24,-9000,"AP0000006",8289350397.36125,8289.35039736125,105028.633128327,"Canaries"
-38,-10000,"AP0000007",8996929116.26442,8996.92911626441,105028.633128327,"Canaries"
-52,-11000,"AP0000008",9714500751.2614,9714.5007512614,105028.633128327,"Canaries"
-65,-12000,"AP0000009",10237814645.6292,10237.8146456292,105028.633128327,"Canaries"
-76,-13000,"AP0000010",10587849647.3799,10587.8496473799,105028.633128327,"Canaries"
-85,-14000,"AP0000011",10878482579.9277,10878.4825799277,105028.633128327,"Canaries"
-93,-15000,"AP0000012",11113906551.7979,11113.9065517979,105028.633128327,"Canaries"
-102,-16000,"AP0000013",11354827903.8155,11354.8279038155,105028.633128327,"Canaries"
-109,-17000,"AP0000014",11522479466.5938,11522.4794665938,105028.633128327,"Canaries"
-116,-18000,"AP0000015",11683605458.3909,11683.6054583909,105028.633128327,"Canaries"
-121,-19000,"AP0000016",11786696684.8504,11786.6966848504,105028.633128327,"Canaries"
-123,-20000,"AP0000017",11822494117.049,11822.494117049,105028.633128327,"Canaries"
-122,-21000,"AP0000018",11803464971.9042,11803.4649719042,105028.633128327,"Canaries"
-118,-22000,"AP0000019",11725254442.79,11725.25444279,105028.633128327,"Canaries"
-112,-23000,"AP0000020",11591259909.7986,11591.2599097986,105028.633128327,"Canaries"
-105,-24000,"AP0000021",11429333501.1798,11429.3335011798,105028.633128327,"Canaries"
-98,-25000,"AP0000022",11245777312.0964,11245.7773120964,105028.633128327,"Canaries"
-93,-26000,"AP0000012",11113906551.7979,11113.9065517979,105028.633128327,"Canaries"
-90,-27000,"AP0000023",11026492823.8353,11026.4928238353,105028.633128327,"Canaries"
-87,-28000,"AP0000024",10940219129.8948,10940.2191298948,105028.633128327,"Canaries"
-84,-29000,"AP0000025",10847119789.2329,10847.1197892329,105028.633128327,"Canaries"
-81,-30000,"AP0000026",10755181496.1942,10755.1814961942,105028.633128327,"Canaries"
-79,-31000,"AP0000027",10686452495.5033,10686.4524955033,105028.633128327,"Canaries"
-76,-32000,"AP0000010",10587849647.3799,10587.8496473799,105028.633128327,"Canaries"
-75,-33000,"AP0000028",10562752831.0148,10562.7528310148,105028.633128327,"Canaries"
-73,-34000,"AP0000029",10500066425.2176,10500.0664252176,105028.633128327,"Canaries"
-72,-35000,"AP0000030",10466825681.0606,10466.8256810606,105028.633128327,"Canaries"
-72,-36000,"AP0000030",10466825681.0606,10466.8256810606,105028.633128327,"Canaries"
-72,-37000,"AP0000030",10466825681.0606,10466.8256810606,105028.633128327,"Canaries"
-72,-38000,"AP0000030",10466825681.0606,10466.8256810606,105028.633128327,"Canaries"
-74,-39000,"AP0000031",10533292205.3625,10533.2922053625,105028.633128327,"Canaries"
-76,-40000,"AP0000010",10587849647.3799,10587.8496473799,105028.633128327,"Canaries"
-78,-41000,"AP0000032",10654149852.8459,10654.1498528459,105028.633128327,"Canaries"
-80,-42000,"AP0000033",10724600250.2733,10724.6002502733,105028.633128327,"Canaries"
-82,-43000,"AP0000034",10783311329.9703,10783.3113299703,105028.633128327,"Canaries"
-84,-44000,"AP0000025",10847119789.2329,10847.1197892329,105028.633128327,"Canaries"
-85,-45000,"AP0000011",10878482579.9277,10878.4825799277,105028.633128327,"Canaries"
-86,-46000,"AP0000035",10910206480.5522,10910.2064805522,105028.633128327,"Canaries"
-86,-47000,"AP0000035",10910206480.5522,10910.2064805522,105028.633128327,"Canaries"
-86,-48000,"AP0000035",10910206480.5522,10910.2064805522,105028.633128327,"Canaries"
-86,-49000,"AP0000035",10910206480.5522,10910.2064805522,105028.633128327,"Canaries"
-86,-50000,"AP0000035",10910206480.5522,10910.2064805522,105028.633128327,"Canaries"
-86,-51000,"AP0000035",10910206480.5522,10910.2064805522,105028.633128327,"Canaries"
-85,-52000,"AP0000011",10878482579.9277,10878.4825799277,105028.633128327,"Canaries"
-85,-53000,"AP0000011",10878482579.9277,10878.4825799277,105028.633128327,"Canaries"
-85,-54000,"AP0000011",10878482579.9277,10878.4825799277,105028.633128327,"Canaries"
-84,-55000,"AP0000025",10847119789.2329,10847.1197892329,105028.633128327,"Canaries"
-83,-56000,"AP0000036",10813150432.9553,10813.1504329553,105028.633128327,"Canaries"
-82,-57000,"AP0000034",10783311329.9703,10783.3113299703,105028.633128327,"Canaries"
-80,-58000,"AP0000033",10724600250.2733,10724.6002502733,105028.633128327,"Canaries"
-79,-59000,"AP0000027",10686452495.5033,10686.4524955033,105028.633128327,"Canaries"
-78,-60000,"AP0000032",10654149852.8459,10654.1498528459,105028.633128327,"Canaries"
-77,-61000,"AP0000037",10625614566.1836,10625.6145661836,105028.633128327,"Canaries"
-77,-62000,"AP0000037",10625614566.1836,10625.6145661836,105028.633128327,"Canaries"
-77,-63000,"AP0000037",10625614566.1836,10625.6145661836,105028.633128327,"Canaries"
-78,-64000,"AP0000032",10654149852.8459,10654.1498528459,105028.633128327,"Canaries"
-79,-65000,"AP0000027",10686452495.5033,10686.4524955033,105028.633128327,"Canaries"
-81,-66000,"AP0000026",10755181496.1942,10755.1814961942,105028.633128327,"Canaries"
-82,-67000,"AP0000034",10783311329.9703,10783.3113299703,105028.633128327,"Canaries"
-82,-68000,"AP0000034",10783311329.9703,10783.3113299703,105028.633128327,"Canaries"
-81,-69000,"AP0000026",10755181496.1942,10755.1814961942,105028.633128327,"Canaries"
-80,-70000,"AP0000033",10724600250.2733,10724.6002502733,105028.633128327,"Canaries"
-81,-71000,"AP0000026",10755181496.1942,10755.1814961942,105028.633128327,"Canaries"
-83,-72000,"AP0000036",10813150432.9553,10813.1504329553,105028.633128327,"Canaries"
-72,-73000,"AP0000030",10466825681.0606,10466.8256810606,105028.633128327,"Canaries"
-48,-74000,"AP0000038",9473273439.37009,9473.27343937009,105028.633128327,"Canaries"
-29,-75000,"AP0000039",8540883074.43181,8540.88307443181,105028.633128327,"Canaries"
-20,-76000,"AP0000040",8113940574.7264,8113.9405747264,105028.633128327,"Canaries"
-17,-77000,"AP0000041",7981727352.49376,7981.72735249376,105028.633128327,"Canaries"
-15,-78000,"AP0000042",7904952443.22084,7904.95244322084,105028.633128327,"Canaries"
-14,-79000,"AP0000043",7874043304.75384,7874.04330475384,105028.633128327,"Canaries"
-13,-80000,"AP0000044",7838393971.18424,7838.39397118424,105028.633128327,"Canaries"
-12,-81000,"AP0000045",7807090755.63614,7807.09075563614,105028.633128327,"Canaries"
-12,-82000,"AP0000045",7807090755.63614,7807.09075563614,105028.633128327,"Canaries"
-13,-83000,"AP0000044",7838393971.18424,7838.39397118424,105028.633128327,"Canaries"
-15,-84000,"AP0000042",7904952443.22084,7904.95244322084,105028.633128327,"Canaries"
-19,-85000,"AP0000046",8071685256.14812,8071.68525614812,105028.633128327,"Canaries"
-26,-86000,"AP0000047",8389629981.71746,8389.62998171746,105028.633128327,"Canaries"
-34,-87000,"AP0000048",8790764277.19372,8790.76427719372,105028.633128327,"Canaries"
-43,-88000,"AP0000049",9240677499.39915,9240.67749939915,105028.633128327,"Canaries"
-49,-89000,"AP0000050",9528520147.82412,9528.52014782412,105028.633128327,"Canaries"
-52,-90000,"AP0000008",9714500751.2614,9714.5007512614,105028.633128327,"Canaries"
-54,-91000,"AP0000051",9797498707.51706,9797.49870751706,105028.633128327,"Canaries"
-55,-92000,"AP0000052",9836926488.54223,9836.92648854223,105028.633128327,"Canaries"
-55,-93000,"AP0000052",9836926488.54223,9836.92648854223,105028.633128327,"Canaries"
-56,-94000,"AP0000053",9870872338.25107,9870.87233825107,105028.633128327,"Canaries"
-54,-95000,"AP0000051",9797498707.51706,9797.49870751706,105028.633128327,"Canaries"
-46,-96000,"AP0000054",9379331396.90448,9379.33139690448,105028.633128327,"Canaries"
-35,-97000,"AP0000055",8845637115.96614,8845.63711596614,105028.633128327,"Canaries"
-24,-98000,"AP0000006",8289350397.36125,8289.35039736125,105028.633128327,"Canaries"
-16,-99000,"AP0000056",7944177891.26499,7944.17789126499,105028.633128327,"Canaries"
-12,-1e+05,"AP0000045",7807090755.63614,7807.09075563614,105028.633128327,"Canaries"
-10,-101000,"AP0000057",7747690416.87879,7747.69041687879,105028.633128327,"Canaries"
-10,-102000,"AP0000057",7747690416.87879,7747.69041687879,105028.633128327,"Canaries"
-9,-103000,"AP0000058",7719974086.52862,7719.97408652862,105028.633128327,"Canaries"
-8,-104000,"AP0000059",7693208498.83521,7693.20849883521,105028.633128327,"Canaries"
-10,-105000,"AP0000057",7747690416.87879,7747.69041687879,105028.633128327,"Canaries"
-16,-106000,"AP0000056",7944177891.26499,7944.17789126499,105028.633128327,"Canaries"
-26,-107000,"AP0000047",8389629981.71746,8389.62998171746,105028.633128327,"Canaries"
-31,-108000,"AP0000060",8648014836.2449,8648.0148362449,105028.633128327,"Canaries"
-33,-109000,"AP0000061",8745515320.13082,8745.51532013082,105028.633128327,"Canaries"
-33,-110000,"AP0000061",8745515320.13082,8745.51532013082,105028.633128327,"Canaries"
-32,-111000,"AP0000062",8700632999.98676,8700.63299998676,105028.633128327,"Canaries"
-32,-112000,"AP0000062",8700632999.98676,8700.63299998676,105028.633128327,"Canaries"
-27,-113000,"AP0000063",8441107800.80013,8441.10780080013,105028.633128327,"Canaries"
-16,-114000,"AP0000056",7944177891.26499,7944.17789126499,105028.633128327,"Canaries"
-6,-115000,"AP0000064",7639471596.65818,7639.47159665818,105028.633128327,"Canaries"
0,-116000,"AP0000000",7499194550.02,7499.19455002,105028.633128327,"Canaries"
3,-117000,"AP0000065",7479781296.04709,7479.7812960471,105028.633128327,"Canaries"
5,-118000,"AP0000066",7459801195.36355,7459.80119536355,105028.633128327,"Canaries"
7,-119000,"AP0000067",7426612188.82097,7426.61218882097,105028.633128327,"Canaries"
9,-120000,"AP0000068",7394033730.93758,7394.03373093758,105028.633128327,"Canaries"
10,-121000,"AP0000069",7375559166.69965,7375.55916669965,105028.633128327,"Canaries"
10,-122000,"AP0000069",7375559166.69965,7375.55916669965,105028.633128327,"Canaries"
10,-123000,"AP0000069",7375559166.69965,7375.55916669965,105028.633128327,"Canaries"
9,-124000,"AP0000068",7394033730.93758,7394.03373093758,105028.633128327,"Canaries"
9,-125000,"AP0000068",7394033730.93758,7394.03373093758,105028.633128327,"Canaries"
10,-126000,"AP0000069",7375559166.69965,7375.55916669965,105028.633128327,"Canaries"
12,-127000,"AP0000070",7339010303.37577,7339.01030337577,105028.633128327,"Canaries"
10,-128000,"AP0000069",7375559166.69965,7375.55916669965,105028.633128327,"Canaries"
-3,-129000,"AP0000003",7577076938.9651,7577.0769389651,105028.633128327,"Canaries"
-27,-130000,"AP0000063",8441107800.80013,8441.10780080013,105028.633128327,"Canaries"
-28,-131000,"AP0000071",8488460898.39422,8488.46089839422,105028.633128327,"Canaries"
-26,-132000,"AP0000047",8389629981.71746,8389.62998171746,105028.633128327,"Canaries"
-24,-133000,"AP0000006",8289350397.36125,8289.35039736125,105028.633128327,"Canaries"
-22,-134000,"AP0000072",8202229558.7069,8202.2295587069,105028.633128327,"Canaries"
-20,-135000,"AP0000040",8113940574.7264,8113.9405747264,105028.633128327,"Canaries"
-18,-136000,"AP0000073",8024160086.048,8024.160086048,105028.633128327,"Canaries"
-19,-137000,"AP0000046",8071685256.14812,8071.68525614812,105028.633128327,"Canaries"
-22,-138000,"AP0000072",8202229558.7069,8202.2295587069,105028.633128327,"Canaries"
-28,-139000,"AP0000071",8488460898.39422,8488.46089839422,105028.633128327,"Canaries"
-44,-140000,"AP0000074",9284240821.31007,9284.24082131007,105028.633128327,"Canaries"
0,0,"AP0000000",8282666570.40767,8282.66657040767,106945.748141075,"Galapagos"
-1,-1000,"AP0000001",8368991287.5237,8368.9912875237,106945.748141075,"Galapagos"
-2,-2000,"AP0000002",8377751955.18707,8377.75195518707,106945.748141075,"Galapagos"
-3,-3000,"AP0000003",8390999827.8118,8390.9998278118,106945.748141075,"Galapagos"
-3,-4000,"AP0000003",8390999827.8118,8390.9998278118,106945.748141075,"Galapagos"
-3,-5000,"AP0000003",8390999827.8118,8390.9998278118,106945.748141075,"Galapagos"
-4,-6000,"AP0000004",8407239346.3963,8407.2393463963,106945.748141075,"Galapagos"
-4,-7000,"AP0000004",8407239346.3963,8407.2393463963,106945.748141075,"Galapagos"
-11,-8000,"AP0000005",8517070309.20301,8517.07030920301,106945.748141075,"Galapagos"
-24,-9000,"AP0000006",8764727823.21593,8764.72782321593,106945.748141075,"Galapagos"
-38,-10000,"AP0000007",9036530541.50385,9036.53054150385,106945.748141075,"Galapagos"
-52,-11000,"AP0000008",9348715892.29435,9348.71589229435,106945.748141075,"Galapagos"
-65,-12000,"AP0000009",9714747446.89684,9714.74744689684,106945.748141075,"Galapagos"
-76,-13000,"AP0000010",10074152987.3434,10074.1529873434,106945.748141075,"Galapagos"
-85,-14000,"AP0000011",10387190134.0429,10387.1901340429,106945.748141075,"Galapagos"
-93,-15000,"AP0000012",10700228556.0236,10700.2285560236,106945.748141075,"Galapagos"
-102,-16000,"AP0000013",11072242041.4715,11072.2420414715,106945.748141075,"Galapagos"
-109,-17000,"AP0000014",11371603730.973,11371.603730973,106945.748141075,"Galapagos"
-116,-18000,"AP0000015",11690194843.8437,11690.1948438437,106945.748141075,"Galapagos"
-121,-19000,"AP0000016",11961136098.5128,11961.1360985128,106945.748141075,"Galapagos"
-123,-20000,"AP0000017",12089982882.4491,12089.9828824491,106945.748141075,"Galapagos"
-122,-21000,"AP0000018",12028443931.6155,12028.4439316155,106945.748141075,"Galapagos"
-118,-22000,"AP0000019",11789981799.2093,11789.9817992093,106945.748141075,"Galapagos"
-112,-23000,"AP0000020",11502160606.9515,11502.1606069515,106945.748141075,"Galapagos"
-105,-24000,"AP0000021",11189337032.419,11189.337032419,106945.748141075,"Galapagos"
-98,-25000,"AP0000022",10908992166.2105,10908.9921662105,106945.748141075,"Galapagos"
-93,-26000,"AP0000012",10700228556.0236,10700.2285560236,106945.748141075,"Galapagos"
-90,-27000,"AP0000023",10575012900.4925,10575.0129004925,106945.748141075,"Galapagos"
-87,-28000,"AP0000024",10460054236.3404,10460.0542363404,106945.748141075,"Galapagos"
-84,-29000,"AP0000025",10351505965.7475,10351.5059657475,106945.748141075,"Galapagos"
-81,-30000,"AP0000026",10242743722.0566,10242.7437220566,106945.748141075,"Galapagos"
-79,-31000,"AP0000027",10172871211.3896,10172.8712113896,106945.748141075,"Galapagos"
-76,-32000,"AP0000010",10074152987.3434,10074.1529873434,106945.748141075,"Galapagos"
-75,-33000,"AP0000028",10042101429.8906,10042.1014298906,106945.748141075,"Galapagos"
-73,-34000,"AP0000029",9973724191.04946,9973.72419104946,106945.748141075,"Galapagos"
-72,-35000,"AP0000030",9939963329.4929,9939.9633294929,106945.748141075,"Galapagos"
-72,-36000,"AP0000030",9939963329.4929,9939.9633294929,106945.748141075,"Galapagos"
-72,-37000,"AP0000030",9939963329.4929,9939.9633294929,106945.748141075,"Galapagos"
-72,-38000,"AP0000030",9939963329.4929,9939.9633294929,106945.748141075,"Galapagos"
-74,-39000,"AP0000031",10007485358.0814,10007.4853580814,106945.748141075,"Galapagos"
-76,-40000,"AP0000010",10074152987.3434,10074.1529873434,106945.748141075,"Galapagos"
-78,-41000,"AP0000032",10140392612.0368,10140.3926120368,106945.748141075,"Galapagos"
-80,-42000,"AP0000033",10211546712.8594,10211.5467128594,106945.748141075,"Galapagos"
-82,-43000,"AP0000034",10281633305.318,10281.633305318,106945.748141075,"Galapagos"
-84,-44000,"AP0000025",10351505965.7475,10351.5059657475,106945.748141075,"Galapagos"
-85,-45000,"AP0000011",10387190134.0429,10387.1901340429,106945.748141075,"Galapagos"
-86,-46000,"AP0000035",10425010949.6614,10425.0109496614,106945.748141075,"Galapagos"
-86,-47000,"AP0000035",10425010949.6614,10425.0109496614,106945.748141075,"Galapagos"
-86,-48000,"AP0000035",10425010949.6614,10425.0109496614,106945.748141075,"Galapagos"
-86,-49000,"AP0000035",10425010949.6614,10425.0109496614,106945.748141075,"Galapagos"
-86,-50000,"AP0000035",10425010949.6614,10425.0109496614,106945.748141075,"Galapagos"
-86,-51000,"AP0000035",10425010949.6614,10425.0109496614,106945.748141075,"Galapagos"
-85,-52000,"AP0000011",10387190134.0429,10387.1901340429,106945.748141075,"Galapagos"
-85,-53000,"AP0000011",10387190134.0429,10387.1901340429,106945.748141075,"Galapagos"
-85,-54000,"AP0000011",10387190134.0429,10387.1901340429,106945.748141075,"Galapagos"
-84,-55000,"AP0000025",10351505965.7475,10351.5059657475,106945.748141075,"Galapagos"
-83,-56000,"AP0000036",10319667965.0484,10319.6679650484,106945.748141075,"Galapagos"
-82,-57000,"AP0000034",10281633305.318,10281.633305318,106945.748141075,"Galapagos"
-80,-58000,"AP0000033",10211546712.8594,10211.5467128594,106945.748141075,"Galapagos"
-79,-59000,"AP0000027",10172871211.3896,10172.8712113896,106945.748141075,"Galapagos"
-78,-60000,"AP0000032",10140392612.0368,10140.3926120368,106945.748141075,"Galapagos"
-77,-61000,"AP0000037",10107272876.4765,10107.2728764765,106945.748141075,"Galapagos"
-77,-62000,"AP0000037",10107272876.4765,10107.2728764765,106945.748141075,"Galapagos"
-77,-63000,"AP0000037",10107272876.4765,10107.2728764765,106945.748141075,"Galapagos"
-78,-64000,"AP0000032",10140392612.0368,10140.3926120368,106945.748141075,"Galapagos"
-79,-65000,"AP0000027",10172871211.3896,10172.8712113896,106945.748141075,"Galapagos"
-81,-66000,"AP0000026",10242743722.0566,10242.7437220566,106945.748141075,"Galapagos"
-82,-67000,"AP0000034",10281633305.318,10281.633305318,106945.748141075,"Galapagos"
-82,-68000,"AP0000034",10281633305.318,10281.633305318,106945.748141075,"Galapagos"
-81,-69000,"AP0000026",10242743722.0566,10242.7437220566,106945.748141075,"Galapagos"
-80,-70000,"AP0000033",10211546712.8594,10211.5467128594,106945.748141075,"Galapagos"
-81,-71000,"AP0000026",10242743722.0566,10242.7437220566,106945.748141075,"Galapagos"
-83,-72000,"AP0000036",10319667965.0484,10319.6679650484,106945.748141075,"Galapagos"
-72,-73000,"AP0000030",9939963329.4929,9939.9633294929,106945.748141075,"Galapagos"
-48,-74000,"AP0000038",9254056933.66339,9254.05693366339,106945.748141075,"Galapagos"
-29,-75000,"AP0000039",8864730530.3399,8864.7305303399,106945.748141075,"Galapagos"
-20,-76000,"AP0000040",8695067116.36548,8695.06711636548,106945.748141075,"Galapagos"
-17,-77000,"AP0000041",8637587064.03457,8637.58706403457,106945.748141075,"Galapagos"
-15,-78000,"AP0000042",8587799021.72645,8587.79902172645,106945.748141075,"Galapagos"
-14,-79000,"AP0000043",8567712740.07434,8567.71274007434,106945.748141075,"Galapagos"
-13,-80000,"AP0000044",8547626396.26862,8547.62639626862,106945.748141075,"Galapagos"
-12,-81000,"AP0000045",8532455199.93119,8532.45519993119,106945.748141075,"Galapagos"
-12,-82000,"AP0000045",8532455199.93119,8532.45519993119,106945.748141075,"Galapagos"
-13,-83000,"AP0000044",8547626396.26862,8547.62639626862,106945.748141075,"Galapagos"
-15,-84000,"AP0000042",8587799021.72645,8587.79902172645,106945.748141075,"Galapagos"
-19,-85000,"AP0000046",8674553607.5464,8674.5536075464,106945.748141075,"Galapagos"
-26,-86000,"AP0000047",8804472634.06466,8804.47263406466,106945.748141075,"Galapagos"
-34,-87000,"AP0000048",8962383069.56128,8962.38306956128,106945.748141075,"Galapagos"
-43,-88000,"AP0000049",9143798217.11867,9143.79821711867,106945.748141075,"Galapagos"
-49,-89000,"AP0000050",9279484067.04664,9279.48406704664,106945.748141075,"Galapagos"
-52,-90000,"AP0000008",9348715892.29435,9348.71589229435,106945.748141075,"Galapagos"
-54,-91000,"AP0000051",9402349324.93475,9402.34932493475,106945.748141075,"Galapagos"
-55,-92000,"AP0000052",9429059312.57327,9429.05931257327,106945.748141075,"Galapagos"
-55,-93000,"AP0000052",9429059312.57327,9429.05931257327,106945.748141075,"Galapagos"
-56,-94000,"AP0000053",9467735832.20605,9467.73583220604,106945.748141075,"Galapagos"
-54,-95000,"AP0000051",9402349324.93475,9402.34932493475,106945.748141075,"Galapagos"
-46,-96000,"AP0000054",9206406444.43878,9206.40644443878,106945.748141075,"Galapagos"
-35,-97000,"AP0000055",8982896390.67695,8982.89639067695,106945.748141075,"Galapagos"
-24,-98000,"AP0000006",8764727823.21593,8764.72782321593,106945.748141075,"Galapagos"
-16,-99000,"AP0000056",8613654459.50378,8613.65445950378,106945.748141075,"Galapagos"
-12,-1e+05,"AP0000045",8532455199.93119,8532.45519993119,106945.748141075,"Galapagos"
-10,-101000,"AP0000057",8497198003.0341,8497.1980030341,106945.748141075,"Galapagos"
-10,-102000,"AP0000057",8497198003.0341,8497.1980030341,106945.748141075,"Galapagos"
-9,-103000,"AP0000058",8483095112.73983,8483.09511273983,106945.748141075,"Galapagos"
-8,-104000,"AP0000059",8468992419.24753,8468.99241924753,106945.748141075,"Galapagos"
-10,-105000,"AP0000057",8497198003.0341,8497.1980030341,106945.748141075,"Galapagos"
-16,-106000,"AP0000056",8613654459.50378,8613.65445950378,106945.748141075,"Galapagos"
-26,-107000,"AP0000047",8804472634.06466,8804.47263406466,106945.748141075,"Galapagos"
-31,-108000,"AP0000060",8908321454.14955,8908.32145414955,106945.748141075,"Galapagos"
-33,-109000,"AP0000061",8942938089.97602,8942.93808997602,106945.748141075,"Galapagos"
-33,-110000,"AP0000061",8942938089.97602,8942.93808997602,106945.748141075,"Galapagos"
-32,-111000,"AP0000062",8923706525.72543,8923.70652572543,106945.748141075,"Galapagos"
-32,-112000,"AP0000062",8923706525.72543,8923.70652572543,106945.748141075,"Galapagos"
-27,-113000,"AP0000063",8824986082.28219,8824.98608228219,106945.748141075,"Galapagos"
-16,-114000,"AP0000056",8613654459.50378,8613.65445950378,106945.748141075,"Galapagos"
-6,-115000,"AP0000064",8441214102.21796,8441.21410221796,106945.748141075,"Galapagos"
0,-116000,"AP0000000",8282666570.40767,8282.66657040767,106945.748141075,"Galapagos"
3,-117000,"AP0000065",8215570321.85633,8215.57032185633,106945.748141075,"Galapagos"
5,-118000,"AP0000066",8158730348.06134,8158.73034806134,106945.748141075,"Galapagos"
7,-119000,"AP0000067",8070906639.65739,8070.90663965739,106945.748141075,"Galapagos"
9,-120000,"AP0000068",7948892776.93456,7948.89277693456,106945.748141075,"Galapagos"
10,-121000,"AP0000069",7886711303.56479,7886.71130356479,106945.748141075,"Galapagos"
10,-122000,"AP0000069",7886711303.56479,7886.71130356479,106945.748141075,"Galapagos"
10,-123000,"AP0000069",7886711303.56479,7886.71130356479,106945.748141075,"Galapagos"
9,-124000,"AP0000068",7948892776.93456,7948.89277693456,106945.748141075,"Galapagos"
9,-125000,"AP0000068",7948892776.93456,7948.89277693456,106945.748141075,"Galapagos"
10,-126000,"AP0000069",7886711303.56479,7886.71130356479,106945.748141075,"Galapagos"
12,-127000,"AP0000070",7763843397.10521,7763.84339710521,106945.748141075,"Galapagos"
10,-128000,"AP0000069",7886711303.56479,7886.71130356479,106945.748141075,"Galapagos"
-3,-129000,"AP0000003",8390999827.8118,8390.9998278118,106945.748141075,"Galapagos"
-27,-130000,"AP0000063",8824986082.28219,8824.98608228219,106945.748141075,"Galapagos"
-28,-131000,"AP0000071",8845499407.26572,8845.49940726572,106945.748141075,"Galapagos"
-26,-132000,"AP0000047",8804472634.06466,8804.47263406466,106945.748141075,"Galapagos"
-24,-133000,"AP0000006",8764727823.21593,8764.72782321593,106945.748141075,"Galapagos"
-22,-134000,"AP0000072",8723700546.00561,8723.70054600561,106945.748141075,"Galapagos"
-20,-135000,"AP0000040",8695067116.36548,8695.06711636548,106945.748141075,"Galapagos"
-18,-136000,"AP0000073",8655108523.69224,8655.10852369224,106945.748141075,"Galapagos"
-19,-137000,"AP0000046",8674553607.5464,8674.5536075464,106945.748141075,"Galapagos"
-22,-138000,"AP0000072",8723700546.00561,8723.70054600561,106945.748141075,"Galapagos"
-28,-139000,"AP0000071",8845499407.26572,8845.49940726572,106945.748141075,"Galapagos"
-44,-140000,"AP0000074",9163456697.15872,9163.45669715872,106945.748141075,"Galapagos"
0,0,"AP0000000",1261798178.40493,1261.79817840493,109210.830753318,"Marquesas"
-1,-1000,"AP0000001",1310906745.31834,1310.90674531834,109210.830753318,"Marquesas"
-2,-2000,"AP0000002",1317233126.79894,1317.23312679895,109210.830753318,"Marquesas"
-3,-3000,"AP0000003",1320820598.67708,1320.82059867708,109210.830753318,"Marquesas"
-3,-4000,"AP0000003",1320820598.67708,1320.82059867708,109210.830753318,"Marquesas"
-3,-5000,"AP0000003",1320820598.67708,1320.82059867708,109210.830753318,"Marquesas"
-4,-6000,"AP0000004",1325882778.86692,1325.88277886692,109210.830753318,"Marquesas"
-4,-7000,"AP0000004",1325882778.86692,1325.88277886692,109210.830753318,"Marquesas"
-11,-8000,"AP0000005",1372568159.1194,1372.5681591194,109210.830753318,"Marquesas"
-24,-9000,"AP0000006",1524582681.26979,1524.58268126979,109210.830753318,"Marquesas"
-38,-10000,"AP0000007",1624465380.31748,1624.46538031748,109210.830753318,"Marquesas"
-52,-11000,"AP0000008",1799828185.06366,1799.82818506366,109210.830753318,"Marquesas"
-65,-12000,"AP0000009",2111676193.68561,2111.67619368561,109210.830753318,"Marquesas"
-76,-13000,"AP0000010",2286015347.28923,2286.01534728923,109210.830753318,"Marquesas"
-85,-14000,"AP0000011",2443007520.13459,2443.00752013459,109210.830753318,"Marquesas"
-93,-15000,"AP0000012",2555677116.1845,2555.6771161845,109210.830753318,"Marquesas"
-102,-16000,"AP0000013",2647862823.5695,2647.8628235695,109210.830753318,"Marquesas"
-109,-17000,"AP0000014",2695761833.06333,2695.76183306333,109210.830753318,"Marquesas"
-116,-18000,"AP0000015",2729949413.30249,2729.94941330249,109210.830753318,"Marquesas"
-121,-19000,"AP0000016",2753783136.39094,2753.78313639094,109210.830753318,"Marquesas"
-123,-20000,"AP0000017",2762011085.92227,2762.01108592227,109210.830753318,"Marquesas"
-122,-21000,"AP0000018",2758002656.68558,2758.00265668558,109210.830753318,"Marquesas"
-118,-22000,"AP0000019",2738387306.21731,2738.38730621731,109210.830753318,"Marquesas"
-112,-23000,"AP0000020",2711376557.20298,2711.37655720298,109210.830753318,"Marquesas"
-105,-24000,"AP0000021",2668965275.36938,2668.96527536938,109210.830753318,"Marquesas"
-98,-25000,"AP0000022",2615373568.36355,2615.37356836355,109210.830753318,"Marquesas"
-93,-26000,"AP0000012",2555677116.1845,2555.6771161845,109210.830753318,"Marquesas"
-90,-27000,"AP0000023",2515800805.41256,2515.80080541256,109210.830753318,"Marquesas"
-87,-28000,"AP0000024",2472125791.25522,2472.12579125522,109210.830753318,"Marquesas"
-84,-29000,"AP0000025",2425493748.11735,2425.49374811735,109210.830753318,"Marquesas"
-81,-30000,"AP0000026",2372519066.0223,2372.5190660223,109210.830753318,"Marquesas"
-79,-31000,"AP0000027",2337702238.59277,2337.70223859277,109210.830753318,"Marquesas"
-76,-32000,"AP0000010",2286015347.28923,2286.01534728923,109210.830753318,"Marquesas"
-75,-33000,"AP0000028",2269982770.07292,2269.98277007292,109210.830753318,"Marquesas"
-73,-34000,"AP0000029",2240439266.73881,2240.43926673881,109210.830753318,"Marquesas"
-72,-35000,"AP0000030",2223132431.85689,2223.13243185689,109210.830753318,"Marquesas"
-72,-36000,"AP0000030",2223132431.85689,2223.13243185689,109210.830753318,"Marquesas"
-72,-37000,"AP0000030",2223132431.85689,2223.13243185689,109210.830753318,"Marquesas"
-72,-38000,"AP0000030",2223132431.85689,2223.13243185689,109210.830753318,"Marquesas"
-74,-39000,"AP0000031",2256267396.68235,2256.26739668235,109210.830753318,"Marquesas"
-76,-40000,"AP0000010",2286015347.28923,2286.01534728923,109210.830753318,"Marquesas"
-78,-41000,"AP0000032",2319984463.10628,2319.98446310628,109210.830753318,"Marquesas"
-80,-42000,"AP0000033",2353320601.26028,2353.32060126028,109210.830753318,"Marquesas"
-82,-43000,"AP0000034",2389405626.04271,2389.40562604271,109210.830753318,"Marquesas"
-84,-44000,"AP0000025",2425493748.11735,2425.49374811735,109210.830753318,"Marquesas"
-85,-45000,"AP0000011",2443007520.13459,2443.00752013459,109210.830753318,"Marquesas"
-86,-46000,"AP0000035",2459253696.03137,2459.25369603137,109210.830753318,"Marquesas"
-86,-47000,"AP0000035",2459253696.03137,2459.25369603137,109210.830753318,"Marquesas"
-86,-48000,"AP0000035",2459253696.03137,2459.25369603137,109210.830753318,"Marquesas"
-86,-49000,"AP0000035",2459253696.03137,2459.25369603137,109210.830753318,"Marquesas"
-86,-50000,"AP0000035",2459253696.03137,2459.25369603137,109210.830753318,"Marquesas"
-86,-51000,"AP0000035",2459253696.03137,2459.25369603137,109210.830753318,"Marquesas"
-85,-52000,"AP0000011",2443007520.13459,2443.00752013459,109210.830753318,"Marquesas"
-85,-53000,"AP0000011",2443007520.13459,2443.00752013459,109210.830753318,"Marquesas"
-85,-54000,"AP0000011",2443007520.13459,2443.00752013459,109210.830753318,"Marquesas"
-84,-55000,"AP0000025",2425493748.11735,2425.49374811735,109210.830753318,"Marquesas"
-83,-56000,"AP0000036",2407553149.54694,2407.55314954694,109210.830753318,"Marquesas"
-82,-57000,"AP0000034",2389405626.04271,2389.40562604271,109210.830753318,"Marquesas"
-80,-58000,"AP0000033",2353320601.26028,2353.32060126028,109210.830753318,"Marquesas"
-79,-59000,"AP0000027",2337702238.59277,2337.70223859277,109210.830753318,"Marquesas"
-78,-60000,"AP0000032",2319984463.10628,2319.98446310628,109210.830753318,"Marquesas"
-77,-61000,"AP0000037",2304372056.56525,2304.37205656525,109210.830753318,"Marquesas"
-77,-62000,"AP0000037",2304372056.56525,2304.37205656525,109210.830753318,"Marquesas"
-77,-63000,"AP0000037",2304372056.56525,2304.37205656525,109210.830753318,"Marquesas"
-78,-64000,"AP0000032",2319984463.10628,2319.98446310628,109210.830753318,"Marquesas"
-79,-65000,"AP0000027",2337702238.59277,2337.70223859277,109210.830753318,"Marquesas"
-81,-66000,"AP0000026",2372519066.0223,2372.5190660223,109210.830753318,"Marquesas"
-82,-67000,"AP0000034",2389405626.04271,2389.40562604271,109210.830753318,"Marquesas"
-82,-68000,"AP0000034",2389405626.04271,2389.40562604271,109210.830753318,"Marquesas"
-81,-69000,"AP0000026",2372519066.0223,2372.5190660223,109210.830753318,"Marquesas"
-80,-70000,"AP0000033",2353320601.26028,2353.32060126028,109210.830753318,"Marquesas"
-81,-71000,"AP0000026",2372519066.0223,2372.5190660223,109210.830753318,"Marquesas"
-83,-72000,"AP0000036",2407553149.54694,2407.55314954694,109210.830753318,"Marquesas"
-72,-73000,"AP0000030",2223132431.85689,2223.13243185689,109210.830753318,"Marquesas"
-48,-74000,"AP0000038",1721827853.03455,1721.82785303455,109210.830753318,"Marquesas"
-29,-75000,"AP0000039",1556686835.96968,1556.68683596968,109210.830753318,"Marquesas"
-20,-76000,"AP0000040",1502829498.49031,1502.82949849031,109210.830753318,"Marquesas"
-17,-77000,"AP0000041",1482348067.50673,1482.34806750673,109210.830753318,"Marquesas"
-15,-78000,"AP0000042",1458889094.69994,1458.88909469994,109210.830753318,"Marquesas"
-14,-79000,"AP0000043",1436040602.29584,1436.04060229584,109210.830753318,"Marquesas"
-13,-80000,"AP0000044",1419332239.49472,1419.33223949472,109210.830753318,"Marquesas"
-12,-81000,"AP0000045",1382716706.19504,1382.71670619504,109210.830753318,"Marquesas"
-12,-82000,"AP0000045",1382716706.19504,1382.71670619504,109210.830753318,"Marquesas"
-13,-83000,"AP0000044",1419332239.49472,1419.33223949472,109210.830753318,"Marquesas"
-15,-84000,"AP0000042",1458889094.69994,1458.88909469994,109210.830753318,"Marquesas"
-19,-85000,"AP0000046",1496912918.20129,1496.91291820129,109210.830753318,"Marquesas"
-26,-86000,"AP0000047",1536620204.24115,1536.62020424115,109210.830753318,"Marquesas"
-34,-87000,"AP0000048",1593639322.67628,1593.63932267628,109210.830753318,"Marquesas"
-43,-88000,"AP0000049",1665016100.42968,1665.01610042968,109210.830753318,"Marquesas"
-49,-89000,"AP0000050",1737252626.66544,1737.25262666544,109210.830753318,"Marquesas"
-52,-90000,"AP0000008",1799828185.06366,1799.82818506366,109210.830753318,"Marquesas"
-54,-91000,"AP0000051",1854589516.37177,1854.58951637177,109210.830753318,"Marquesas"
-55,-92000,"AP0000052",1881211133.64962,1881.21113364962,109210.830753318,"Marquesas"
-55,-93000,"AP0000052",1881211133.64962,1881.21113364962,109210.830753318,"Marquesas"
-56,-94000,"AP0000053",1911012360.44475,1911.01236044475,109210.830753318,"Marquesas"
-54,-95000,"AP0000051",1854589516.37177,1854.58951637177,109210.830753318,"Marquesas"
-46,-96000,"AP0000054",1695214856.22947,1695.21485622947,109210.830753318,"Marquesas"
-35,-97000,"AP0000055",1601872022.68952,1601.87202268952,109210.830753318,"Marquesas"
-24,-98000,"AP0000006",1524582681.26979,1524.58268126979,109210.830753318,"Marquesas"
-16,-99000,"AP0000056",1470937498.44844,1470.93749844844,109210.830753318,"Marquesas"
-12,-1e+05,"AP0000045",1382716706.19504,1382.71670619504,109210.830753318,"Marquesas"
-10,-101000,"AP0000057",1360937255.29357,1360.93725529357,109210.830753318,"Marquesas"
-10,-102000,"AP0000057",1360937255.29357,1360.93725529357,109210.830753318,"Marquesas"
-9,-103000,"AP0000058",1353540761.95724,1353.54076195724,109210.830753318,"Marquesas"
-8,-104000,"AP0000059",1348681748.66035,1348.68174866035,109210.830753318,"Marquesas"
-10,-105000,"AP0000057",1360937255.29357,1360.93725529357,109210.830753318,"Marquesas"
-16,-106000,"AP0000056",1470937498.44844,1470.93749844844,109210.830753318,"Marquesas"
-26,-107000,"AP0000047",1536620204.24115,1536.62020424115,109210.830753318,"Marquesas"
-31,-108000,"AP0000060",1571469030.21419,1571.46903021419,109210.830753318,"Marquesas"
-33,-109000,"AP0000061",1585404164.36617,1585.40416436617,109210.830753318,"Marquesas"
-33,-110000,"AP0000061",1585404164.36617,1585.40416436617,109210.830753318,"Marquesas"
-32,-111000,"AP0000062",1576958913.15539,1576.95891315539,109210.830753318,"Marquesas"
-32,-112000,"AP0000062",1576958913.15539,1576.95891315539,109210.830753318,"Marquesas"
-27,-113000,"AP0000063",1543170871.64651,1543.17087164651,109210.830753318,"Marquesas"
-16,-114000,"AP0000056",1470937498.44844,1470.93749844844,109210.830753318,"Marquesas"
-6,-115000,"AP0000064",1337491752.22527,1337.49175222527,109210.830753318,"Marquesas"
0,-116000,"AP0000000",1261798178.40493,1261.79817840493,109210.830753318,"Marquesas"
3,-117000,"AP0000065",1258209288.96116,1258.20928896116,109210.830753318,"Marquesas"
5,-118000,"AP0000066",1254412698.6814,1254.4126986814,109210.830753318,"Marquesas"
7,-119000,"AP0000067",1250401971.18592,1250.40197118592,109210.830753318,"Marquesas"
9,-120000,"AP0000068",1246604083.98364,1246.60408398364,109210.830753318,"Marquesas"
10,-121000,"AP0000069",1243227426.94127,1243.22742694127,109210.830753318,"Marquesas"
10,-122000,"AP0000069",1243227426.94127,1243.22742694127,109210.830753318,"Marquesas"
10,-123000,"AP0000069",1243227426.94127,1243.22742694127,109210.830753318,"Marquesas"
9,-124000,"AP0000068",1246604083.98364,1246.60408398364,109210.830753318,"Marquesas"
9,-125000,"AP0000068",1246604083.98364,1246.60408398364,109210.830753318,"Marquesas"
10,-126000,"AP0000069",1243227426.94127,1243.22742694127,109210.830753318,"Marquesas"
12,-127000,"AP0000070",1238797819.1118,1238.7978191118,109210.830753318,"Marquesas"
10,-128000,"AP0000069",1243227426.94127,1243.22742694127,109210.830753318,"Marquesas"
-3,-129000,"AP0000003",1320820598.67708,1320.82059867708,109210.830753318,"Marquesas"
-27,-130000,"AP0000063",1543170871.64651,1543.17087164651,109210.830753318,"Marquesas"
-28,-131000,"AP0000071",1550770290.61432,1550.77029061432,109210.830753318,"Marquesas"
-26,-132000,"AP0000047",1536620204.24115,1536.62020424115,109210.830753318,"Marquesas"
-24,-133000,"AP0000006",1524582681.26979,1524.58268126979,109210.830753318,"Marquesas"
-22,-134000,"AP0000072",1511488377.4809,1511.4883774809,109210.830753318,"Marquesas"
-20,-135000,"AP0000040",1502829498.49031,1502.82949849031,109210.830753318,"Marquesas"
-18,-136000,"AP0000073",1488260258.63219,1488.26025863219,109210.830753318,"Marquesas"
-19,-137000,"AP0000046",1496912918.20129,1496.91291820129,109210.830753318,"Marquesas"
-22,-138000,"AP0000072",1511488377.4809,1511.4883774809,109210.830753318,"Marquesas"
-28,-139000,"AP0000071",1550770290.61432,1550.77029061432,109210.830753318,"Marquesas"
-44,-140000,"AP0000074",1672194647.11637,1672.19464711637,109210.830753318,"Marquesas"
0,0,"AP0000000",19503993341.9487,19503.9933419487,447936.477659984,"New_Caledonia"
-1,-1000,"AP0000001",20143552404.9338,20143.5524049338,447936.477659984,"New_Caledonia"
-2,-2000,"AP0000002",20498136088.2365,20498.1360882365,447936.477659984,"New_Caledonia"
-3,-3000,"AP0000003",20843442472.4292,20843.4424724292,447936.477659984,"New_Caledonia"
-3,-4000,"AP0000003",20843442472.4292,20843.4424724292,447936.477659984,"New_Caledonia"
-3,-5000,"AP0000003",20843442472.4292,20843.4424724292,447936.477659984,"New_Caledonia"
-4,-6000,"AP0000004",21152306139.8696,21152.3061398696,447936.477659984,"New_Caledonia"
-4,-7000,"AP0000004",21152306139.8696,21152.3061398696,447936.477659984,"New_Caledonia"
-11,-8000,"AP0000005",23541042266.5508,23541.0422665508,447936.477659984,"New_Caledonia"
-24,-9000,"AP0000006",28557237375.6797,28557.2373756797,447936.477659984,"New_Caledonia"
-38,-10000,"AP0000007",34036156969.1794,34036.1569691794,447936.477659984,"New_Caledonia"
-52,-11000,"AP0000008",39807556262.6457,39807.5562626457,447936.477659984,"New_Caledonia"
-65,-12000,"AP0000009",41159631157.8651,41159.6311578651,447936.477659984,"New_Caledonia"
-76,-13000,"AP0000010",42101880404.4743,42101.8804044743,447936.477659984,"New_Caledonia"
-85,-14000,"AP0000011",42584902209.8729,42584.9022098729,447936.477659984,"New_Caledonia"
-93,-15000,"AP0000012",42894604610.1648,42894.6046101648,447936.477659984,"New_Caledonia"
-102,-16000,"AP0000013",43207640037.3151,43207.6400373151,447936.477659984,"New_Caledonia"
-109,-17000,"AP0000014",43406763484.9876,43406.7634849876,447936.477659984,"New_Caledonia"
-116,-18000,"AP0000015",43580915129.7373,43580.9151297373,447936.477659984,"New_Caledonia"
-121,-19000,"AP0000016",43712257412.6063,43712.2574126063,447936.477659984,"New_Caledonia"
-123,-20000,"AP0000017",43768533040.4444,43768.5330404444,447936.477659984,"New_Caledonia"
-122,-21000,"AP0000018",43738397904.7509,43738.397904751,447936.477659984,"New_Caledonia"
-118,-22000,"AP0000019",43636945756.5898,43636.9457565898,447936.477659984,"New_Caledonia"
-112,-23000,"AP0000020",43480333781.8053,43480.3337818053,447936.477659984,"New_Caledonia"
-105,-24000,"AP0000021",43292366254.5338,43292.3662545338,447936.477659984,"New_Caledonia"
-98,-25000,"AP0000022",43073798188.912,43073.798188912,447936.477659984,"New_Caledonia"
-93,-26000,"AP0000012",42894604610.1648,42894.6046101648,447936.477659984,"New_Caledonia"
-90,-27000,"AP0000023",42779008990.1889,42779.0089901889,447936.477659984,"New_Caledonia"
-87,-28000,"AP0000024",42664414153.115,42664.414153115,447936.477659984,"New_Caledonia"
-84,-29000,"AP0000025",42544173849.3261,42544.1738493261,447936.477659984,"New_Caledonia"
-81,-30000,"AP0000026",42408761449.2117,42408.7614492117,447936.477659984,"New_Caledonia"
-79,-31000,"AP0000027",42268914383.1469,42268.9143831469,447936.477659984,"New_Caledonia"
-76,-32000,"AP0000010",42101880404.4743,42101.8804044743,447936.477659984,"New_Caledonia"
-75,-33000,"AP0000028",41965409682.1283,41965.4096821283,447936.477659984,"New_Caledonia"
-73,-34000,"AP0000029",41821099875.3512,41821.0998753512,447936.477659984,"New_Caledonia"
-72,-35000,"AP0000030",41750044487.2933,41750.0444872933,447936.477659984,"New_Caledonia"
-72,-36000,"AP0000030",41750044487.2933,41750.0444872933,447936.477659984,"New_Caledonia"
-72,-37000,"AP0000030",41750044487.2933,41750.0444872933,447936.477659984,"New_Caledonia"
-72,-38000,"AP0000030",41750044487.2933,41750.0444872933,447936.477659984,"New_Caledonia"
-74,-39000,"AP0000031",41885755855.3839,41885.7558553839,447936.477659984,"New_Caledonia"
-76,-40000,"AP0000010",42101880404.4743,42101.8804044743,447936.477659984,"New_Caledonia"
-78,-41000,"AP0000032",42213204368.5001,42213.2043685001,447936.477659984,"New_Caledonia"
-80,-42000,"AP0000033",42343789797.6114,42343.7897976114,447936.477659984,"New_Caledonia"
-82,-43000,"AP0000034",42456504681.218,42456.504681218,447936.477659984,"New_Caledonia"
-84,-44000,"AP0000025",42544173849.3261,42544.1738493261,447936.477659984,"New_Caledonia"
-85,-45000,"AP0000011",42584902209.8729,42584.9022098729,447936.477659984,"New_Caledonia"
-86,-46000,"AP0000035",42625060685.8356,42625.0606858356,447936.477659984,"New_Caledonia"
-86,-47000,"AP0000035",42625060685.8356,42625.0606858356,447936.477659984,"New_Caledonia"
-86,-48000,"AP0000035",42625060685.8356,42625.0606858356,447936.477659984,"New_Caledonia"
-86,-49000,"AP0000035",42625060685.8356,42625.0606858356,447936.477659984,"New_Caledonia"
-86,-50000,"AP0000035",42625060685.8356,42625.0606858356,447936.477659984,"New_Caledonia"
-86,-51000,"AP0000035",42625060685.8356,42625.0606858356,447936.477659984,"New_Caledonia"
-85,-52000,"AP0000011",42584902209.8729,42584.9022098729,447936.477659984,"New_Caledonia"
-85,-53000,"AP0000011",42584902209.8729,42584.9022098729,447936.477659984,"New_Caledonia"
-85,-54000,"AP0000011",42584902209.8729,42584.9022098729,447936.477659984,"New_Caledonia"
-84,-55000,"AP0000025",42544173849.3261,42544.1738493261,447936.477659984,"New_Caledonia"
-83,-56000,"AP0000036",42502385155.3622,42502.3851553622,447936.477659984,"New_Caledonia"
-82,-57000,"AP0000034",42456504681.218,42456.504681218,447936.477659984,"New_Caledonia"
-80,-58000,"AP0000033",42343789797.6114,42343.7897976114,447936.477659984,"New_Caledonia"
-79,-59000,"AP0000027",42268914383.1469,42268.9143831469,447936.477659984,"New_Caledonia"
-78,-60000,"AP0000032",42213204368.5001,42213.2043685001,447936.477659984,"New_Caledonia"
-77,-61000,"AP0000037",42154764485.5196,42154.7644855196,447936.477659984,"New_Caledonia"
-77,-62000,"AP0000037",42154764485.5196,42154.7644855196,447936.477659984,"New_Caledonia"
-77,-63000,"AP0000037",42154764485.5196,42154.7644855196,447936.477659984,"New_Caledonia"
-78,-64000,"AP0000032",42213204368.5001,42213.2043685001,447936.477659984,"New_Caledonia"
-79,-65000,"AP0000027",42268914383.1469,42268.9143831469,447936.477659984,"New_Caledonia"
-81,-66000,"AP0000026",42408761449.2117,42408.7614492117,447936.477659984,"New_Caledonia"
-82,-67000,"AP0000034",42456504681.218,42456.504681218,447936.477659984,"New_Caledonia"
-82,-68000,"AP0000034",42456504681.218,42456.504681218,447936.477659984,"New_Caledonia"
-81,-69000,"AP0000026",42408761449.2117,42408.7614492117,447936.477659984,"New_Caledonia"
-80,-70000,"AP0000033",42343789797.6114,42343.7897976114,447936.477659984,"New_Caledonia"
-81,-71000,"AP0000026",42408761449.2117,42408.7614492117,447936.477659984,"New_Caledonia"
-83,-72000,"AP0000036",42502385155.3622,42502.3851553622,447936.477659984,"New_Caledonia"
-72,-73000,"AP0000030",41750044487.2933,41750.0444872933,447936.477659984,"New_Caledonia"
-48,-74000,"AP0000038",37500132247.6391,37500.1322476391,447936.477659984,"New_Caledonia"
-29,-75000,"AP0000039",30508946289.4755,30508.9462894755,447936.477659984,"New_Caledonia"
-20,-76000,"AP0000040",26987903359.2256,26987.9033592256,447936.477659984,"New_Caledonia"
-17,-77000,"AP0000041",25881978949.9781,25881.9789499781,447936.477659984,"New_Caledonia"
-15,-78000,"AP0000042",25082180129.0393,25082.1801290393,447936.477659984,"New_Caledonia"
-14,-79000,"AP0000043",24717813791.7461,24717.8137917461,447936.477659984,"New_Caledonia"
-13,-80000,"AP0000044",24341059181.4837,24341.0591814837,447936.477659984,"New_Caledonia"
-12,-81000,"AP0000045",23931167870.4337,23931.1678704337,447936.477659984,"New_Caledonia"
-12,-82000,"AP0000045",23931167870.4337,23931.1678704337,447936.477659984,"New_Caledonia"
-13,-83000,"AP0000044",24341059181.4837,24341.0591814837,447936.477659984,"New_Caledonia"
-15,-84000,"AP0000042",25082180129.0393,25082.1801290393,447936.477659984,"New_Caledonia"
-19,-85000,"AP0000046",26621282628.1932,26621.2826281932,447936.477659984,"New_Caledonia"
-26,-86000,"AP0000047",29407458488.6843,29407.4584886843,447936.477659984,"New_Caledonia"
-34,-87000,"AP0000048",32509895668.2429,32509.8956682429,447936.477659984,"New_Caledonia"
-43,-88000,"AP0000049",35827453537.4357,35827.4535374357,447936.477659984,"New_Caledonia"
-49,-89000,"AP0000050",37802057204.8822,37802.0572048822,447936.477659984,"New_Caledonia"
-52,-90000,"AP0000008",39807556262.6457,39807.5562626457,447936.477659984,"New_Caledonia"
-54,-91000,"AP0000051",40058941080.7422,40058.9410807422,447936.477659984,"New_Caledonia"
-55,-92000,"AP0000052",40148166471.4071,40148.1664714071,447936.477659984,"New_Caledonia"
-55,-93000,"AP0000052",40148166471.4071,40148.1664714071,447936.477659984,"New_Caledonia"
-56,-94000,"AP0000053",40250187481.0728,40250.1874810728,447936.477659984,"New_Caledonia"
-54,-95000,"AP0000051",40058941080.7422,40058.9410807422,447936.477659984,"New_Caledonia"
-46,-96000,"AP0000054",36860862472.5683,36860.8624725683,447936.477659984,"New_Caledonia"
-35,-97000,"AP0000055",32868957676.6766,32868.9576766766,447936.477659984,"New_Caledonia"
-24,-98000,"AP0000006",28557237375.6797,28557.2373756797,447936.477659984,"New_Caledonia"
-16,-99000,"AP0000056",25456392410.8203,25456.3924108203,447936.477659984,"New_Caledonia"
-12,-1e+05,"AP0000045",23931167870.4337,23931.1678704337,447936.477659984,"New_Caledonia"
-10,-101000,"AP0000057",23147967089.7478,23147.9670897478,447936.477659984,"New_Caledonia"
-10,-102000,"AP0000057",23147967089.7478,23147.9670897478,447936.477659984,"New_Caledonia"
-9,-103000,"AP0000058",22773830286.6702,22773.8302866702,447936.477659984,"New_Caledonia"
-8,-104000,"AP0000059",22429828449.2485,22429.8284492485,447936.477659984,"New_Caledonia"
-10,-105000,"AP0000057",23147967089.7478,23147.9670897478,447936.477659984,"New_Caledonia"
-16,-106000,"AP0000056",25456392410.8203,25456.3924108203,447936.477659984,"New_Caledonia"
-26,-107000,"AP0000047",29407458488.6843,29407.4584886843,447936.477659984,"New_Caledonia"
-31,-108000,"AP0000060",31472911179.3607,31472.9111793607,447936.477659984,"New_Caledonia"
-33,-109000,"AP0000061",32165912537.971,32165.912537971,447936.477659984,"New_Caledonia"
-33,-110000,"AP0000061",32165912537.971,32165.912537971,447936.477659984,"New_Caledonia"
-32,-111000,"AP0000062",31856030206.5372,31856.0302065372,447936.477659984,"New_Caledonia"
-32,-112000,"AP0000062",31856030206.5372,31856.0302065372,447936.477659984,"New_Caledonia"
-27,-113000,"AP0000063",29796329777.7713,29796.3297777713,447936.477659984,"New_Caledonia"
-16,-114000,"AP0000056",25456392410.8203,25456.3924108203,447936.477659984,"New_Caledonia"
-6,-115000,"AP0000064",21771312405.4378,21771.3124054378,447936.477659984,"New_Caledonia"
0,-116000,"AP0000000",19503993341.9487,19503.9933419487,447936.477659984,"New_Caledonia"
3,-117000,"AP0000065",19172860669.2686,19172.8606692686,447936.477659984,"New_Caledonia"
5,-118000,"AP0000066",18809583219.318,18809.583219318,447936.477659984,"New_Caledonia"
7,-119000,"AP0000067",18535827133.1535,18535.8271331535,447936.477659984,"New_Caledonia"
9,-120000,"AP0000068",18287459699.8243,18287.4596998243,447936.477659984,"New_Caledonia"
10,-121000,"AP0000069",18161877589.1578,18161.8775891578,447936.477659984,"New_Caledonia"
10,-122000,"AP0000069",18161877589.1578,18161.8775891578,447936.477659984,"New_Caledonia"
10,-123000,"AP0000069",18161877589.1578,18161.8775891578,447936.477659984,"New_Caledonia"
9,-124000,"AP0000068",18287459699.8243,18287.4596998243,447936.477659984,"New_Caledonia"
9,-125000,"AP0000068",18287459699.8243,18287.4596998243,447936.477659984,"New_Caledonia"
10,-126000,"AP0000069",18161877589.1578,18161.8775891578,447936.477659984,"New_Caledonia"
12,-127000,"AP0000070",17940686145.6953,17940.6861456953,447936.477659984,"New_Caledonia"
10,-128000,"AP0000069",18161877589.1578,18161.8775891578,447936.477659984,"New_Caledonia"
-3,-129000,"AP0000003",20843442472.4292,20843.4424724292,447936.477659984,"New_Caledonia"
-27,-130000,"AP0000063",29796329777.7713,29796.3297777713,447936.477659984,"New_Caledonia"
-28,-131000,"AP0000071",30143269427.4071,30143.2694274071,447936.477659984,"New_Caledonia"
-26,-132000,"AP0000047",29407458488.6843,29407.4584886843,447936.477659984,"New_Caledonia"
-24,-133000,"AP0000006",28557237375.6797,28557.2373756797,447936.477659984,"New_Caledonia"
-22,-134000,"AP0000072",27822933325.8436,27822.9333258436,447936.477659984,"New_Caledonia"
-20,-135000,"AP0000040",26987903359.2256,26987.9033592256,447936.477659984,"New_Caledonia"
-18,-136000,"AP0000073",26241462994.4144,26241.4629944144,447936.477659984,"New_Caledonia"
-19,-137000,"AP0000046",26621282628.1932,26621.2826281932,447936.477659984,"New_Caledonia"
-22,-138000,"AP0000072",27822933325.8436,27822.9333258436,447936.477659984,"New_Caledonia"
-28,-139000,"AP0000071",30143269427.4071,30143.2694274071,447936.477659984,"New_Caledonia"
-44,-140000,"AP0000074",36141616310.2916,36141.6163102916,447936.477659984,"New_Caledonia"
0,0,"AP0000000",1689493530.77624,1689.49353077624,166776.173129172,"Society"
-1,-1000,"AP0000001",1788558470.82741,1788.55847082741,166776.173129172,"Society"
-2,-2000,"AP0000002",1815166499.92211,1815.16649992211,166776.173129172,"Society"
-3,-3000,"AP0000003",1837267139.89262,1837.26713989262,166776.173129172,"Society"
-3,-4000,"AP0000003",1837267139.89262,1837.26713989262,166776.173129172,"Society"
-3,-5000,"AP0000003",1837267139.89262,1837.26713989262,166776.173129172,"Society"
-4,-6000,"AP0000004",1859572825.65316,1859.57282565316,166776.173129172,"Society"
-4,-7000,"AP0000004",1859572825.65316,1859.57282565316,166776.173129172,"Society"
-11,-8000,"AP0000005",1992581550.66662,1992.58155066662,166776.173129172,"Society"
-24,-9000,"AP0000006",2148719080.82519,2148.71908082519,166776.173129172,"Society"
-38,-10000,"AP0000007",2250754802.04693,2250.75480204693,166776.173129172,"Society"
-52,-11000,"AP0000008",2329539465.82764,2329.53946582764,166776.173129172,"Society"
-65,-12000,"AP0000009",2376389680.42665,2376.38968042665,166776.173129172,"Society"
-76,-13000,"AP0000010",2414237573.67727,2414.23757367727,166776.173129172,"Society"
-85,-14000,"AP0000011",2441246482.25194,2441.24648225194,166776.173129172,"Society"
-93,-15000,"AP0000012",2464984416.35241,2464.98441635241,166776.173129172,"Society"
-102,-16000,"AP0000013",2492398518.30962,2492.39851830962,166776.173129172,"Society"
-109,-17000,"AP0000014",2509571817.18234,2509.57181718234,166776.173129172,"Society"
-116,-18000,"AP0000015",2527778603.71291,2527.77860371291,166776.173129172,"Society"
-121,-19000,"AP0000016",2540650158.96008,2540.65015896008,166776.173129172,"Society"
-123,-20000,"AP0000017",2546575244.0063,2546.5752440063,166776.173129172,"Society"
-122,-21000,"AP0000018",2544120663.72747,2544.12066372747,166776.173129172,"Society"
-118,-22000,"AP0000019",2533703622.0313,2533.7036220313,166776.173129172,"Society"
-112,-23000,"AP0000020",2516321884.78296,2516.32188478296,166776.173129172,"Society"
-105,-24000,"AP0000021",2499555350.67261,2499.55535067261,166776.173129172,"Society"
-98,-25000,"AP0000022",2482174622.31701,2482.17462231701,166776.173129172,"Society"
-93,-26000,"AP0000012",2464984416.35241,2464.98441635241,166776.173129172,"Society"
-90,-27000,"AP0000023",2457205934.15787,2457.20593415787,166776.173129172,"Society"
-87,-28000,"AP0000024",2449222679.34041,2449.22267934041,166776.173129172,"Society"
-84,-29000,"AP0000025",2437567594.83792,2437.56759483792,166776.173129172,"Society"
-81,-30000,"AP0000026",2427539079.77578,2427.53907977578,166776.173129172,"Society"
-79,-31000,"AP0000027",2420579305.92396,2420.57930592396,166776.173129172,"Society"
-76,-32000,"AP0000010",2414237573.67727,2414.23757367727,166776.173129172,"Society"
-75,-33000,"AP0000028",2410959942.65419,2410.95994265419,166776.173129172,"Society"
-73,-34000,"AP0000029",2404823994.0803,2404.8239940803,166776.173129172,"Society"
-72,-35000,"AP0000030",2401551740.98106,2401.55174098106,166776.173129172,"Society"
-72,-36000,"AP0000030",2401551740.98106,2401.55174098106,166776.173129172,"Society"
-72,-37000,"AP0000030",2401551740.98106,2401.55174098106,166776.173129172,"Society"
-72,-38000,"AP0000030",2401551740.98106,2401.55174098106,166776.173129172,"Society"
-74,-39000,"AP0000031",2408914099.08688,2408.91409908688,166776.173129172,"Society"
-76,-40000,"AP0000010",2414237573.67727,2414.23757367727,166776.173129172,"Society"
-78,-41000,"AP0000032",2418330310.25519,2418.33031025519,166776.173129172,"Society"
-80,-42000,"AP0000033",2424261340.90997,2424.26134090997,166776.173129172,"Society"
-82,-43000,"AP0000034",2431631767.38612,2431.63176738612,166776.173129172,"Society"
-84,-44000,"AP0000025",2437567594.83792,2437.56759483792,166776.173129172,"Society"
-85,-45000,"AP0000011",2441246482.25194,2441.24648225194,166776.173129172,"Society"
-86,-46000,"AP0000035",2445951138.63472,2445.95113863472,166776.173129172,"Society"
-86,-47000,"AP0000035",2445951138.63472,2445.95113863472,166776.173129172,"Society"
-86,-48000,"AP0000035",2445951138.63472,2445.95113863472,166776.173129172,"Society"
-86,-49000,"AP0000035",2445951138.63472,2445.95113863472,166776.173129172,"Society"
-86,-50000,"AP0000035",2445951138.63472,2445.95113863472,166776.173129172,"Society"
-86,-51000,"AP0000035",2445951138.63472,2445.95113863472,166776.173129172,"Society"
-85,-52000,"AP0000011",2441246482.25194,2441.24648225194,166776.173129172,"Society"
-85,-53000,"AP0000011",2441246482.25194,2441.24648225194,166776.173129172,"Society"
-85,-54000,"AP0000011",2441246482.25194,2441.24648225194,166776.173129172,"Society"
-84,-55000,"AP0000025",2437567594.83792,2437.56759483792,166776.173129172,"Society"
-83,-56000,"AP0000036",2433676844.65063,2433.67684465063,166776.173129172,"Society"
-82,-57000,"AP0000034",2431631767.38612,2431.63176738612,166776.173129172,"Society"
-80,-58000,"AP0000033",2424261340.90997,2424.26134090997,166776.173129172,"Society"
-79,-59000,"AP0000027",2420579305.92396,2420.57930592396,166776.173129172,"Society"
-78,-60000,"AP0000032",2418330310.25519,2418.33031025519,166776.173129172,"Society"
-77,-61000,"AP0000037",2415873851.16091,2415.87385116091,166776.173129172,"Society"
-77,-62000,"AP0000037",2415873851.16091,2415.87385116091,166776.173129172,"Society"
-77,-63000,"AP0000037",2415873851.16091,2415.87385116091,166776.173129172,"Society"
-78,-64000,"AP0000032",2418330310.25519,2418.33031025519,166776.173129172,"Society"
-79,-65000,"AP0000027",2420579305.92396,2420.57930592396,166776.173129172,"Society"
-81,-66000,"AP0000026",2427539079.77578,2427.53907977578,166776.173129172,"Society"
-82,-67000,"AP0000034",2431631767.38612,2431.63176738612,166776.173129172,"Society"
-82,-68000,"AP0000034",2431631767.38612,2431.63176738612,166776.173129172,"Society"
-81,-69000,"AP0000026",2427539079.77578,2427.53907977578,166776.173129172,"Society"
-80,-70000,"AP0000033",2424261340.90997,2424.26134090997,166776.173129172,"Society"
-81,-71000,"AP0000026",2427539079.77578,2427.53907977578,166776.173129172,"Society"
-83,-72000,"AP0000036",2433676844.65063,2433.67684465063,166776.173129172,"Society"
-72,-73000,"AP0000030",2401551740.98106,2401.55174098106,166776.173129172,"Society"
-48,-74000,"AP0000038",2314401474.95575,2314.40147495575,166776.173129172,"Society"
-29,-75000,"AP0000039",2188380794.32917,2188.38079432917,166776.173129172,"Society"
-20,-76000,"AP0000040",2091608385.89744,2091.60838589744,166776.173129172,"Society"
-17,-77000,"AP0000041",2061320361.13291,2061.32036113291,166776.173129172,"Society"
-15,-78000,"AP0000042",2041062267.48849,2041.06226748849,166776.173129172,"Society"
-14,-79000,"AP0000043",2029809917.46451,2029.80991746451,166776.173129172,"Society"
-13,-80000,"AP0000044",2016918284.83364,2016.91828483364,166776.173129172,"Society"
-12,-81000,"AP0000045",2005264025.4434,2005.2640254434,166776.173129172,"Society"
-12,-82000,"AP0000045",2005264025.4434,2005.2640254434,166776.173129172,"Society"
-13,-83000,"AP0000044",2016918284.83364,2016.91828483364,166776.173129172,"Society"
-15,-84000,"AP0000042",2041062267.48849,2041.06226748849,166776.173129172,"Society"
-19,-85000,"AP0000046",2081169757.85172,2081.16975785172,166776.173129172,"Society"
-26,-86000,"AP0000047",2165068903.68375,2165.06890368375,166776.173129172,"Society"
-34,-87000,"AP0000048",2221908218.81014,2221.90821881014,166776.173129172,"Society"
-43,-88000,"AP0000049",2289636993.04589,2289.63699304589,166776.173129172,"Society"
-49,-89000,"AP0000050",2317472960.46464,2317.47296046464,166776.173129172,"Society"
-52,-90000,"AP0000008",2329539465.82764,2329.53946582764,166776.173129172,"Society"
-54,-91000,"AP0000051",2336699119.67024,2336.69911967024,166776.173129172,"Society"
-55,-92000,"AP0000052",2342226742.92118,2342.22674292118,166776.173129172,"Society"
-55,-93000,"AP0000052",2342226742.92118,2342.22674292118,166776.173129172,"Society"
-56,-94000,"AP0000053",2346727914.55246,2346.72791455246,166776.173129172,"Society"
-54,-95000,"AP0000051",2336699119.67024,2336.69911967024,166776.173129172,"Society"
-46,-96000,"AP0000054",2306418343.64715,2306.41834364715,166776.173129172,"Society"
-35,-97000,"AP0000055",2231323057.09701,2231.32305709701,166776.173129172,"Society"
-24,-98000,"AP0000006",2148719080.82519,2148.71908082519,166776.173129172,"Society"
-16,-99000,"AP0000056",2053139782.54208,2053.13978254208,166776.173129172,"Society"
-12,-1e+05,"AP0000045",2005264025.4434,2005.2640254434,166776.173129172,"Society"
-10,-101000,"AP0000057",1971295327.17692,1971.29532717692,166776.173129172,"Society"
-10,-102000,"AP0000057",1971295327.17692,1971.29532717692,166776.173129172,"Society"
-9,-103000,"AP0000058",1955539652.75055,1955.53965275055,166776.173129172,"Society"
-8,-104000,"AP0000059",1944490126.8374,1944.4901268374,166776.173129172,"Society"
-10,-105000,"AP0000057",1971295327.17692,1971.29532717692,166776.173129172,"Society"
-16,-106000,"AP0000056",2053139782.54208,2053.13978254208,166776.173129172,"Society"
-26,-107000,"AP0000047",2165068903.68375,2165.06890368375,166776.173129172,"Society"
-31,-108000,"AP0000060",2202699468.57523,2202.69946857523,166776.173129172,"Society"
-33,-109000,"AP0000061",2215370441.67569,2215.37044167569,166776.173129172,"Society"
-33,-110000,"AP0000061",2215370441.67569,2215.37044167569,166776.173129172,"Society"
-32,-111000,"AP0000062",2209443866.6987,2209.4438666987,166776.173129172,"Society"
-32,-112000,"AP0000062",2209443866.6987,2209.4438666987,166776.173129172,"Society"
-27,-113000,"AP0000063",2172437660.01321,2172.43766001321,166776.173129172,"Society"
-16,-114000,"AP0000056",2053139782.54208,2053.13978254208,166776.173129172,"Society"
-6,-115000,"AP0000064",1902334902.57265,1902.33490257265,166776.173129172,"Society"
0,-116000,"AP0000000",1689493530.77624,1689.49353077624,166776.173129172,"Society"
3,-117000,"AP0000065",1676179706.9837,1676.1797069837,166776.173129172,"Society"
5,-118000,"AP0000066",1667581656.47129,1667.58165647129,166776.173129172,"Society"
7,-119000,"AP0000067",1653449357.90729,1653.44935790729,166776.173129172,"Society"
9,-120000,"AP0000068",1630748717.03153,1630.74871703153,166776.173129172,"Society"
10,-121000,"AP0000069",1620936951.1942,1620.9369511942,166776.173129172,"Society"
10,-122000,"AP0000069",1620936951.1942,1620.9369511942,166776.173129172,"Society"
10,-123000,"AP0000069",1620936951.1942,1620.9369511942,166776.173129172,"Society"
9,-124000,"AP0000068",1630748717.03153,1630.74871703153,166776.173129172,"Society"
9,-125000,"AP0000068",1630748717.03153,1630.74871703153,166776.173129172,"Society"
10,-126000,"AP0000069",1620936951.1942,1620.9369511942,166776.173129172,"Society"
12,-127000,"AP0000070",1601523019.20719,1601.52301920719,166776.173129172,"Society"
10,-128000,"AP0000069",1620936951.1942,1620.9369511942,166776.173129172,"Society"
-3,-129000,"AP0000003",1837267139.89262,1837.26713989262,166776.173129172,"Society"
-27,-130000,"AP0000063",2172437660.01321,2172.43766001321,166776.173129172,"Society"
-28,-131000,"AP0000071",2182042853.52009,2182.04285352009,166776.173129172,"Society"
-26,-132000,"AP0000047",2165068903.68375,2165.06890368375,166776.173129172,"Society"
-24,-133000,"AP0000006",2148719080.82519,2148.71908082519,166776.173129172,"Society"
-22,-134000,"AP0000072",2134201422.62986,2134.20142262986,166776.173129172,"Society"
-20,-135000,"AP0000040",2091608385.89744,2091.60838589744,166776.173129172,"Society"
-18,-136000,"AP0000073",2072572882.38188,2072.57288238188,166776.173129172,"Society"
-19,-137000,"AP0000046",2081169757.85172,2081.16975785172,166776.173129172,"Society"
-22,-138000,"AP0000072",2134201422.62986,2134.20142262986,166776.173129172,"Society"
-28,-139000,"AP0000071",2182042853.52009,2182.04285352009,166776.173129172,"Society"
-44,-140000,"AP0000074",2295363497.57989,2295.36349757989,166776.173129172,"Society"
0,0,"AP0000000",65723726.4705489,65.7237264705489,81766.6934101943,"Pitcairn"
-1,-1000,"AP0000001",68849329.4428508,68.8493294428508,81766.6934101943,"Pitcairn"
-2,-2000,"AP0000002",68849329.4428508,68.8493294428508,81766.6934101943,"Pitcairn"
-3,-3000,"AP0000003",68849329.4428508,68.8493294428508,81766.6934101943,"Pitcairn"
-3,-4000,"AP0000003",68849329.4428508,68.8493294428508,81766.6934101943,"Pitcairn"
-3,-5000,"AP0000003",68849329.4428508,68.8493294428508,81766.6934101943,"Pitcairn"
-4,-6000,"AP0000004",69433742.9784617,69.4337429784617,81766.6934101943,"Pitcairn"
-4,-7000,"AP0000004",69433742.9784617,69.4337429784617,81766.6934101943,"Pitcairn"
-11,-8000,"AP0000005",74114334.1256607,74.1143341256607,81766.6934101943,"Pitcairn"
-24,-9000,"AP0000006",78792224.5436234,78.7922245436234,81766.6934101943,"Pitcairn"
-38,-10000,"AP0000007",88906942.5854144,88.9069425854144,81766.6934101943,"Pitcairn"
-52,-11000,"AP0000008",99607412.4025171,99.6074124025171,81766.6934101943,"Pitcairn"
-65,-12000,"AP0000009",105259532.174008,105.259532174008,81766.6934101943,"Pitcairn"
-76,-13000,"AP0000010",111114549.041165,111.114549041165,81766.6934101943,"Pitcairn"
-85,-14000,"AP0000011",118339358.753786,118.339358753786,81766.6934101943,"Pitcairn"
-93,-15000,"AP0000012",120877284.097562,120.877284097562,81766.6934101943,"Pitcairn"
-102,-16000,"AP0000013",126535969.976532,126.535969976532,81766.6934101943,"Pitcairn"
-109,-17000,"AP0000014",130044985.584899,130.044985584899,81766.6934101943,"Pitcairn"
-116,-18000,"AP0000015",136473182.954095,136.473182954095,81766.6934101943,"Pitcairn"
-121,-19000,"AP0000016",139594944.603605,139.594944603605,81766.6934101943,"Pitcairn"
-123,-20000,"AP0000017",140765605.083433,140.765605083433,81766.6934101943,"Pitcairn"
-122,-21000,"AP0000018",140569751.227026,140.569751227026,81766.6934101943,"Pitcairn"
-118,-22000,"AP0000019",138034584.669625,138.034584669625,81766.6934101943,"Pitcairn"
-112,-23000,"AP0000020",132771080.127589,132.771080127589,81766.6934101943,"Pitcairn"
-105,-24000,"AP0000021",128484246.045981,128.484246045981,81766.6934101943,"Pitcairn"
-98,-25000,"AP0000022",123608918.25209,123.60891825209,81766.6934101943,"Pitcairn"
-93,-26000,"AP0000012",120877284.097562,120.877284097562,81766.6934101943,"Pitcairn"
-90,-27000,"AP0000023",119706548.576658,119.706548576658,81766.6934101943,"Pitcairn"
-87,-28000,"AP0000024",118925901.454398,118.925901454398,81766.6934101943,"Pitcairn"
-84,-29000,"AP0000025",117560529.566942,117.560529566942,81766.6934101943,"Pitcairn"
-81,-30000,"AP0000026",115605974.347451,115.605974347451,81766.6934101943,"Pitcairn"
-79,-31000,"AP0000027",113070223.004147,113.070223004147,81766.6934101943,"Pitcairn"
-76,-32000,"AP0000010",111114549.041165,111.114549041165,81766.6934101943,"Pitcairn"
-75,-33000,"AP0000028",110335681.160073,110.335681160073,81766.6934101943,"Pitcairn"
-73,-34000,"AP0000029",109359823.148482,109.359823148482,81766.6934101943,"Pitcairn"
-72,-35000,"AP0000030",108385101.531068,108.385101531068,81766.6934101943,"Pitcairn"
-72,-36000,"AP0000030",108385101.531068,108.385101531068,81766.6934101943,"Pitcairn"
-72,-37000,"AP0000030",108385101.531068,108.385101531068,81766.6934101943,"Pitcairn"
-72,-38000,"AP0000030",108385101.531068,108.385101531068,81766.6934101943,"Pitcairn"
-74,-39000,"AP0000031",110141678.628194,110.141678628194,81766.6934101943,"Pitcairn"
-76,-40000,"AP0000010",111114549.041165,111.114549041165,81766.6934101943,"Pitcairn"
-78,-41000,"AP0000032",112092679.879851,112.092679879851,81766.6934101943,"Pitcairn"
-80,-42000,"AP0000033",114631361.526451,114.631361526451,81766.6934101943,"Pitcairn"
-82,-43000,"AP0000034",116582409.015549,116.582409015549,81766.6934101943,"Pitcairn"
-84,-44000,"AP0000025",117560529.566942,117.560529566942,81766.6934101943,"Pitcairn"
-85,-45000,"AP0000011",118339358.753786,118.339358753786,81766.6934101943,"Pitcairn"
-86,-46000,"AP0000035",118535105.485911,118.535105485911,81766.6934101943,"Pitcairn"
-86,-47000,"AP0000035",118535105.485911,118.535105485911,81766.6934101943,"Pitcairn"
-86,-48000,"AP0000035",118535105.485911,118.535105485911,81766.6934101943,"Pitcairn"
-86,-49000,"AP0000035",118535105.485911,118.535105485911,81766.6934101943,"Pitcairn"
-86,-50000,"AP0000035",118535105.485911,118.535105485911,81766.6934101943,"Pitcairn"
-86,-51000,"AP0000035",118535105.485911,118.535105485911,81766.6934101943,"Pitcairn"
-85,-52000,"AP0000011",118339358.753786,118.339358753786,81766.6934101943,"Pitcairn"
-85,-53000,"AP0000011",118339358.753786,118.339358753786,81766.6934101943,"Pitcairn"
-85,-54000,"AP0000011",118339358.753786,118.339358753786,81766.6934101943,"Pitcairn"
-84,-55000,"AP0000025",117560529.566942,117.560529566942,81766.6934101943,"Pitcairn"
-83,-56000,"AP0000036",116973271.656942,116.973271656942,81766.6934101943,"Pitcairn"
-82,-57000,"AP0000034",116582409.015549,116.582409015549,81766.6934101943,"Pitcairn"
-80,-58000,"AP0000033",114631361.526451,114.631361526451,81766.6934101943,"Pitcairn"
-79,-59000,"AP0000027",113070223.004147,113.070223004147,81766.6934101943,"Pitcairn"
-78,-60000,"AP0000032",112092679.879851,112.092679879851,81766.6934101943,"Pitcairn"
-77,-61000,"AP0000037",111310311.701197,111.310311701197,81766.6934101943,"Pitcairn"
-77,-62000,"AP0000037",111310311.701197,111.310311701197,81766.6934101943,"Pitcairn"
-77,-63000,"AP0000037",111310311.701197,111.310311701197,81766.6934101943,"Pitcairn"
-78,-64000,"AP0000032",112092679.879851,112.092679879851,81766.6934101943,"Pitcairn"
-79,-65000,"AP0000027",113070223.004147,113.070223004147,81766.6934101943,"Pitcairn"
-81,-66000,"AP0000026",115605974.347451,115.605974347451,81766.6934101943,"Pitcairn"
-82,-67000,"AP0000034",116582409.015549,116.582409015549,81766.6934101943,"Pitcairn"
-82,-68000,"AP0000034",116582409.015549,116.582409015549,81766.6934101943,"Pitcairn"
-81,-69000,"AP0000026",115605974.347451,115.605974347451,81766.6934101943,"Pitcairn"
-80,-70000,"AP0000033",114631361.526451,114.631361526451,81766.6934101943,"Pitcairn"
-81,-71000,"AP0000026",115605974.347451,115.605974347451,81766.6934101943,"Pitcairn"
-83,-72000,"AP0000036",116973271.656942,116.973271656942,81766.6934101943,"Pitcairn"
-72,-73000,"AP0000030",108385101.531068,108.385101531068,81766.6934101943,"Pitcairn"
-48,-74000,"AP0000038",98047139.2940958,98.0471392940958,81766.6934101943,"Pitcairn"
-29,-75000,"AP0000039",81129746.5221214,81.1297465221214,81766.6934101943,"Pitcairn"
-20,-76000,"AP0000040",77232020.02512,77.23202002512,81766.6934101943,"Pitcairn"
-17,-77000,"AP0000041",76451835.6809807,76.4518356809807,81766.6934101943,"Pitcairn"
-15,-78000,"AP0000042",75866851.403763,75.866851403763,81766.6934101943,"Pitcairn"
-14,-79000,"AP0000043",75087426.4085443,75.0874264085443,81766.6934101943,"Pitcairn"
-13,-80000,"AP0000044",74893401.073842,74.893401073842,81766.6934101943,"Pitcairn"
-12,-81000,"AP0000045",74308375.4016829,74.3083754016829,81766.6934101943,"Pitcairn"
-12,-82000,"AP0000045",74308375.4016829,74.3083754016829,81766.6934101943,"Pitcairn"
-13,-83000,"AP0000044",74893401.073842,74.893401073842,81766.6934101943,"Pitcairn"
-15,-84000,"AP0000042",75866851.403763,75.866851403763,81766.6934101943,"Pitcairn"
-19,-85000,"AP0000046",76451835.6809807,76.4518356809807,81766.6934101943,"Pitcairn"
-26,-86000,"AP0000047",79375480.8822665,79.3754808822665,81766.6934101943,"Pitcairn"
-34,-87000,"AP0000048",83662896.3780537,83.6628963780537,81766.6934101943,"Pitcairn"
-43,-88000,"AP0000049",93182315.1283491,93.1823151283491,81766.6934101943,"Pitcairn"
-49,-89000,"AP0000050",98047139.2940958,98.0471392940958,81766.6934101943,"Pitcairn"
-52,-90000,"AP0000008",99607412.4025171,99.6074124025171,81766.6934101943,"Pitcairn"
-54,-91000,"AP0000051",100583936.286191,100.583936286191,81766.6934101943,"Pitcairn"
-55,-92000,"AP0000052",101363555.230171,101.363555230171,81766.6934101943,"Pitcairn"
-55,-93000,"AP0000052",101363555.230171,101.363555230171,81766.6934101943,"Pitcairn"
-56,-94000,"AP0000053",101753754.3476,101.7537543476,81766.6934101943,"Pitcairn"
-54,-95000,"AP0000051",100583936.286191,100.583936286191,81766.6934101943,"Pitcairn"
-46,-96000,"AP0000054",96686766.3721428,96.6867663721428,81766.6934101943,"Pitcairn"
-35,-97000,"AP0000055",83856962.570061,83.856962570061,81766.6934101943,"Pitcairn"
-24,-98000,"AP0000006",78792224.5436234,78.7922245436234,81766.6934101943,"Pitcairn"
-16,-99000,"AP0000056",76062629.0152142,76.0626290152142,81766.6934101943,"Pitcairn"
-12,-1e+05,"AP0000045",74308375.4016829,74.3083754016829,81766.6934101943,"Pitcairn"
-10,-101000,"AP0000057",73137978.5739453,73.1379785739453,81766.6934101943,"Pitcairn"
-10,-102000,"AP0000057",73137978.5739453,73.1379785739453,81766.6934101943,"Pitcairn"
-9,-103000,"AP0000058",72553595.0757294,72.5535950757294,81766.6934101943,"Pitcairn"
-8,-104000,"AP0000059",72553595.0757294,72.5535950757294,81766.6934101943,"Pitcairn"
-10,-105000,"AP0000057",73137978.5739453,73.1379785739453,81766.6934101943,"Pitcairn"
-16,-106000,"AP0000056",76062629.0152142,76.0626290152142,81766.6934101943,"Pitcairn"
-26,-107000,"AP0000047",79375480.8822665,79.3754808822665,81766.6934101943,"Pitcairn"
-31,-108000,"AP0000060",81909795.4791768,81.9097954791768,81766.6934101943,"Pitcairn"
-33,-109000,"AP0000061",82883831.6448936,82.8838316448936,81766.6934101943,"Pitcairn"
-33,-110000,"AP0000061",82883831.6448936,82.8838316448936,81766.6934101943,"Pitcairn"
-32,-111000,"AP0000062",82495826.5852096,82.4958265852096,81766.6934101943,"Pitcairn"
-32,-112000,"AP0000062",82495826.5852096,82.4958265852096,81766.6934101943,"Pitcairn"
-27,-113000,"AP0000063",80349602.355164,80.349602355164,81766.6934101943,"Pitcairn"
-16,-114000,"AP0000056",76062629.0152142,76.0626290152142,81766.6934101943,"Pitcairn"
-6,-115000,"AP0000064",71187377.4067814,71.1873774067814,81766.6934101943,"Pitcairn"
0,-116000,"AP0000000",65723726.4705489,65.7237264705489,81766.6934101943,"Pitcairn"
3,-117000,"AP0000065",64358464.5166402,64.3584645166402,81766.6934101943,"Pitcairn"
5,-118000,"AP0000066",62408795.9457839,62.4087959457839,81766.6934101943,"Pitcairn"
7,-119000,"AP0000067",61627709.8478856,61.6277098478856,81766.6934101943,"Pitcairn"
9,-120000,"AP0000068",59482589.092366,59.482589092366,81766.6934101943,"Pitcairn"
10,-121000,"AP0000069",57333484.6427846,57.3334846427846,81766.6934101943,"Pitcairn"
10,-122000,"AP0000069",57333484.6427846,57.3334846427846,81766.6934101943,"Pitcairn"
10,-123000,"AP0000069",57333484.6427846,57.3334846427846,81766.6934101943,"Pitcairn"
9,-124000,"AP0000068",59482589.092366,59.482589092366,81766.6934101943,"Pitcairn"
9,-125000,"AP0000068",59482589.092366,59.482589092366,81766.6934101943,"Pitcairn"
10,-126000,"AP0000069",57333484.6427846,57.3334846427846,81766.6934101943,"Pitcairn"
12,-127000,"AP0000070",54991822.2044766,54.9918222044766,81766.6934101943,"Pitcairn"
10,-128000,"AP0000069",57333484.6427846,57.3334846427846,81766.6934101943,"Pitcairn"
-3,-129000,"AP0000003",68849329.4428508,68.8493294428508,81766.6934101943,"Pitcairn"
-27,-130000,"AP0000063",80349602.355164,80.349602355164,81766.6934101943,"Pitcairn"
-28,-131000,"AP0000071",80740565.0101032,80.7405650101032,81766.6934101943,"Pitcairn"
-26,-132000,"AP0000047",79375480.8822665,79.3754808822665,81766.6934101943,"Pitcairn"
-24,-133000,"AP0000006",78792224.5436234,78.7922245436234,81766.6934101943,"Pitcairn"
-22,-134000,"AP0000072",78401325.8955657,78.4013258955657,81766.6934101943,"Pitcairn"
-20,-135000,"AP0000040",77232020.02512,77.23202002512,81766.6934101943,"Pitcairn"
-18,-136000,"AP0000073",76451835.6809807,76.4518356809807,81766.6934101943,"Pitcairn"
-19,-137000,"AP0000046",76451835.6809807,76.4518356809807,81766.6934101943,"Pitcairn"
-22,-138000,"AP0000072",78401325.8955657,78.4013258955657,81766.6934101943,"Pitcairn"
-28,-139000,"AP0000071",80740565.0101032,80.7405650101032,81766.6934101943,"Pitcairn"
-44,-140000,"AP0000074",94156374.9423058,94.1563749423058,81766.6934101943,"Pitcairn"
0,0,"AP0000000",2525943269.32156,2525.94326932156,181107.529569283,"Azores"
-1,-1000,"AP0000001",2532508932.11205,2532.50893211205,181107.529569283,"Azores"
-2,-2000,"AP0000002",2532508932.11205,2532.50893211205,181107.529569283,"Azores"
-3,-3000,"AP0000003",2532844234.54981,2532.84423454981,181107.529569283,"Azores"
-3,-4000,"AP0000003",2532844234.54981,2532.84423454981,181107.529569283,"Azores"
-3,-5000,"AP0000003",2532844234.54981,2532.84423454981,181107.529569283,"Azores"
-4,-6000,"AP0000004",2533861366.11131,2533.86136611131,181107.529569283,"Azores"
-4,-7000,"AP0000004",2533861366.11131,2533.86136611131,181107.529569283,"Azores"
-11,-8000,"AP0000005",2549552565.46719,2549.55256546719,181107.529569283,"Azores"
-24,-9000,"AP0000006",2610987531.12787,2610.98753112787,181107.529569283,"Azores"
-38,-10000,"AP0000007",2719476586.21749,2719.47658621749,181107.529569283,"Azores"
-52,-11000,"AP0000008",2850920431.02158,2850.92043102158,181107.529569283,"Azores"
-65,-12000,"AP0000009",3060808703.26792,3060.80870326792,181107.529569283,"Azores"
-76,-13000,"AP0000010",3228293763.37327,3228.29376337327,181107.529569283,"Azores"
-85,-14000,"AP0000011",3366306183.1008,3366.30618310081,181107.529569283,"Azores"
-93,-15000,"AP0000012",3467538579.06316,3467.53857906316,181107.529569283,"Azores"
-102,-16000,"AP0000013",3575000424.8348,3575.0004248348,181107.529569283,"Azores"
-109,-17000,"AP0000014",3652011498.24729,3652.01149824729,181107.529569283,"Azores"
-116,-18000,"AP0000015",3735846074.31524,3735.84607431524,181107.529569283,"Azores"
-121,-19000,"AP0000016",3792152167.98782,3792.15216798782,181107.529569283,"Azores"
-123,-20000,"AP0000017",3815680837.15539,3815.68083715539,181107.529569283,"Azores"
-122,-21000,"AP0000018",3804430152.21266,3804.43015221266,181107.529569283,"Azores"
-118,-22000,"AP0000019",3759214765.18057,3759.21476518057,181107.529569283,"Azores"
-112,-23000,"AP0000020",3687220585.90022,3687.22058590022,181107.529569283,"Azores"
-105,-24000,"AP0000021",3607478751.17055,3607.47875117055,181107.529569283,"Azores"
-98,-25000,"AP0000022",3528096546.63605,3528.09654663605,181107.529569283,"Azores"
-93,-26000,"AP0000012",3467538579.06316,3467.53857906316,181107.529569283,"Azores"
-90,-27000,"AP0000023",3430029430.14047,3430.02943014047,181107.529569283,"Azores"
-87,-28000,"AP0000024",3390332502.89311,3390.33250289311,181107.529569283,"Azores"
-84,-29000,"AP0000025",3351983245.53846,3351.98324553846,181107.529569283,"Azores"
-81,-30000,"AP0000026",3308926168.19951,3308.92616819951,181107.529569283,"Azores"
-79,-31000,"AP0000027",3276635012.33697,3276.63501233697,181107.529569283,"Azores"
-76,-32000,"AP0000010",3228293763.37327,3228.29376337327,181107.529569283,"Azores"
-75,-33000,"AP0000028",3209790091.00531,3209.79009100531,181107.529569283,"Azores"
-73,-34000,"AP0000029",3180171656.76147,3180.17165676147,181107.529569283,"Azores"
-72,-35000,"AP0000030",3163712852.26049,3163.71285226049,181107.529569283,"Azores"
-72,-36000,"AP0000030",3163712852.26049,3163.71285226049,181107.529569283,"Azores"
-72,-37000,"AP0000030",3163712852.26049,3163.71285226049,181107.529569283,"Azores"
-72,-38000,"AP0000030",3163712852.26049,3163.71285226049,181107.529569283,"Azores"
-74,-39000,"AP0000031",3193954591.6672,3193.9545916672,181107.529569283,"Azores"
-76,-40000,"AP0000010",3228293763.37327,3228.29376337327,181107.529569283,"Azores"
-78,-41000,"AP0000032",3259617663.61097,3259.61766361097,181107.529569283,"Azores"
-80,-42000,"AP0000033",3290426369.45573,3290.42636945573,181107.529569283,"Azores"
-82,-43000,"AP0000034",3321875913.35791,3321.87591335791,181107.529569283,"Azores"
-84,-44000,"AP0000025",3351983245.53846,3351.98324553846,181107.529569283,"Azores"
-85,-45000,"AP0000011",3366306183.1008,3366.30618310081,181107.529569283,"Azores"
-86,-46000,"AP0000035",3378728773.9924,3378.7287739924,181107.529569283,"Azores"
-86,-47000,"AP0000035",3378728773.9924,3378.7287739924,181107.529569283,"Azores"
-86,-48000,"AP0000035",3378728773.9924,3378.7287739924,181107.529569283,"Azores"
-86,-49000,"AP0000035",3378728773.9924,3378.7287739924,181107.529569283,"Azores"
-86,-50000,"AP0000035",3378728773.9924,3378.7287739924,181107.529569283,"Azores"
-86,-51000,"AP0000035",3378728773.9924,3378.7287739924,181107.529569283,"Azores"
-85,-52000,"AP0000011",3366306183.1008,3366.30618310081,181107.529569283,"Azores"
-85,-53000,"AP0000011",3366306183.1008,3366.30618310081,181107.529569283,"Azores"
-85,-54000,"AP0000011",3366306183.1008,3366.30618310081,181107.529569283,"Azores"
-84,-55000,"AP0000025",3351983245.53846,3351.98324553846,181107.529569283,"Azores"
-83,-56000,"AP0000036",3340211410.4587,3340.2114104587,181107.529569283,"Azores"
-82,-57000,"AP0000034",3321875913.35791,3321.87591335791,181107.529569283,"Azores"
-80,-58000,"AP0000033",3290426369.45573,3290.42636945573,181107.529569283,"Azores"
-79,-59000,"AP0000027",3276635012.33697,3276.63501233697,181107.529569283,"Azores"
-78,-60000,"AP0000032",3259617663.61097,3259.61766361097,181107.529569283,"Azores"
-77,-61000,"AP0000037",3242926025.17818,3242.92602517818,181107.529569283,"Azores"
-77,-62000,"AP0000037",3242926025.17818,3242.92602517818,181107.529569283,"Azores"
-77,-63000,"AP0000037",3242926025.17818,3242.92602517818,181107.529569283,"Azores"
-78,-64000,"AP0000032",3259617663.61097,3259.61766361097,181107.529569283,"Azores"
-79,-65000,"AP0000027",3276635012.33697,3276.63501233697,181107.529569283,"Azores"
-81,-66000,"AP0000026",3308926168.19951,3308.92616819951,181107.529569283,"Azores"
-82,-67000,"AP0000034",3321875913.35791,3321.87591335791,181107.529569283,"Azores"
-82,-68000,"AP0000034",3321875913.35791,3321.87591335791,181107.529569283,"Azores"
-81,-69000,"AP0000026",3308926168.19951,3308.92616819951,181107.529569283,"Azores"
-80,-70000,"AP0000033",3290426369.45573,3290.42636945573,181107.529569283,"Azores"
-81,-71000,"AP0000026",3308926168.19951,3308.92616819951,181107.529569283,"Azores"
-83,-72000,"AP0000036",3340211410.4587,3340.2114104587,181107.529569283,"Azores"
-72,-73000,"AP0000030",3163712852.26049,3163.71285226049,181107.529569283,"Azores"
-48,-74000,"AP0000038",2790592127.26924,2790.59212726924,181107.529569283,"Azores"
-29,-75000,"AP0000039",2648750596.76041,2648.75059676041,181107.529569283,"Azores"
-20,-76000,"AP0000040",2589905931.659,2589.905931659,181107.529569283,"Azores"
-17,-77000,"AP0000041",2574203080.66804,2574.20308066804,181107.529569283,"Azores"
-15,-78000,"AP0000042",2564578573.14329,2564.57857314329,181107.529569283,"Azores"
-14,-79000,"AP0000043",2559857845.50957,2559.85784550957,181107.529569283,"Azores"
-13,-80000,"AP0000044",2555621849.12929,2555.62184912929,181107.529569283,"Azores"
-12,-81000,"AP0000045",2551576212.25154,2551.57621225154,181107.529569283,"Azores"
-12,-82000,"AP0000045",2551576212.25154,2551.57621225154,181107.529569283,"Azores"
-13,-83000,"AP0000044",2555621849.12929,2555.62184912929,181107.529569283,"Azores"
-15,-84000,"AP0000042",2564578573.14329,2564.57857314329,181107.529569283,"Azores"
-19,-85000,"AP0000046",2586531725.72401,2586.53172572401,181107.529569283,"Azores"
-26,-86000,"AP0000047",2622987340.28615,2622.98734028615,181107.529569283,"Azores"
-34,-87000,"AP0000048",2687210982.81596,2687.21098281596,181107.529569283,"Azores"
-43,-88000,"AP0000049",2755384748.86245,2755.38474886245,181107.529569283,"Azores"
-49,-89000,"AP0000050",2797997906.7095,2797.9979067095,181107.529569283,"Azores"
-52,-90000,"AP0000008",2850920431.02158,2850.92043102158,181107.529569283,"Azores"
-54,-91000,"AP0000051",2888508376.99643,2888.50837699643,181107.529569283,"Azores"
-55,-92000,"AP0000052",2901636967.08522,2901.63696708522,181107.529569283,"Azores"
-55,-93000,"AP0000052",2901636967.08522,2901.63696708522,181107.529569283,"Azores"
-56,-94000,"AP0000053",2917269207.3741,2917.2692073741,181107.529569283,"Azores"
-54,-95000,"AP0000051",2888508376.99643,2888.50837699643,181107.529569283,"Azores"
-46,-96000,"AP0000054",2774755957.32632,2774.75595732632,181107.529569283,"Azores"
-35,-97000,"AP0000055",2695665561.02365,2695.66556102365,181107.529569283,"Azores"
-24,-98000,"AP0000006",2610987531.12787,2610.98753112787,181107.529569283,"Azores"
-16,-99000,"AP0000056",2569135393.09276,2569.13539309276,181107.529569283,"Azores"
-12,-1e+05,"AP0000045",2551576212.25154,2551.57621225154,181107.529569283,"Azores"
-10,-101000,"AP0000057",2547360355.58242,2547.36035558242,181107.529569283,"Azores"
-10,-102000,"AP0000057",2547360355.58242,2547.36035558242,181107.529569283,"Azores"
-9,-103000,"AP0000058",2543820378.91825,2543.82037891825,181107.529569283,"Azores"
-8,-104000,"AP0000059",2540953991.00023,2540.95399100023,181107.529569283,"Azores"
-10,-105000,"AP0000057",2547360355.58242,2547.36035558242,181107.529569283,"Azores"
-16,-106000,"AP0000056",2569135393.09276,2569.13539309276,181107.529569283,"Azores"
-26,-107000,"AP0000047",2622987340.28615,2622.98734028615,181107.529569283,"Azores"
-31,-108000,"AP0000060",2663758646.06601,2663.75864606601,181107.529569283,"Azores"
-33,-109000,"AP0000061",2680459741.49023,2680.45974149023,181107.529569283,"Azores"
-33,-110000,"AP0000061",2680459741.49023,2680.45974149023,181107.529569283,"Azores"
-32,-111000,"AP0000062",2672025460.02999,2672.02546002999,181107.529569283,"Azores"
-32,-112000,"AP0000062",2672025460.02999,2672.02546002999,181107.529569283,"Azores"
-27,-113000,"AP0000063",2631743093.44524,2631.74309344524,181107.529569283,"Azores"
-16,-114000,"AP0000056",2569135393.09276,2569.13539309276,181107.529569283,"Azores"
-6,-115000,"AP0000064",2536396294.73188,2536.39629473188,181107.529569283,"Azores"
0,-116000,"AP0000000",2525943269.32156,2525.94326932156,181107.529569283,"Azores"
3,-117000,"AP0000065",2517865489.90653,2517.86548990653,181107.529569283,"Azores"
5,-118000,"AP0000066",2512816769.80232,2512.81676980232,181107.529569283,"Azores"
7,-119000,"AP0000067",2504889780.18975,2504.88978018975,181107.529569283,"Azores"
9,-120000,"AP0000068",2496461876.81181,2496.46187681181,181107.529569283,"Azores"
10,-121000,"AP0000069",2491583487.15208,2491.58348715208,181107.529569283,"Azores"
10,-122000,"AP0000069",2491583487.15208,2491.58348715208,181107.529569283,"Azores"
10,-123000,"AP0000069",2491583487.15208,2491.58348715208,181107.529569283,"Azores"
9,-124000,"AP0000068",2496461876.81181,2496.46187681181,181107.529569283,"Azores"
9,-125000,"AP0000068",2496461876.81181,2496.46187681181,181107.529569283,"Azores"
10,-126000,"AP0000069",2491583487.15208,2491.58348715208,181107.529569283,"Azores"
12,-127000,"AP0000070",2482645836.11867,2482.64583611867,181107.529569283,"Azores"
10,-128000,"AP0000069",2491583487.15208,2491.58348715208,181107.529569283,"Azores"
-3,-129000,"AP0000003",2532844234.54981,2532.84423454981,181107.529569283,"Azores"
-27,-130000,"AP0000063",2631743093.44524,2631.74309344524,181107.529569283,"Azores"
-28,-131000,"AP0000071",2640662696.22202,2640.66269622202,181107.529569283,"Azores"
-26,-132000,"AP0000047",2622987340.28615,2622.98734028615,181107.529569283,"Azores"
-24,-133000,"AP0000006",2610987531.12787,2610.98753112787,181107.529569283,"Azores"
-22,-134000,"AP0000072",2600697912.27396,2600.69791227396,181107.529569283,"Azores"
-20,-135000,"AP0000040",2589905931.659,2589.905931659,181107.529569283,"Azores"
-18,-136000,"AP0000073",2580957684.67739,2580.95768467739,181107.529569283,"Azores"
-19,-137000,"AP0000046",2586531725.72401,2586.53172572401,181107.529569283,"Azores"
-22,-138000,"AP0000072",2600697912.27396,2600.69791227396,181107.529569283,"Azores"
-28,-139000,"AP0000071",2640662696.22202,2640.66269622202,181107.529569283,"Azores"
-44,-140000,"AP0000074",2760940759.07892,2760.94075907892,181107.529569283,"Azores"
0,0,"AP0000000",16922511333.8967,16922.5113338967,3234558.39526657,"Hawaii"
-1,-1000,"AP0000001",17370532176.4719,17370.5321764719,3234558.39526657,"Hawaii"
-2,-2000,"AP0000002",17547395676.3287,17547.3956763287,3234558.39526657,"Hawaii"
-3,-3000,"AP0000003",17734172234.6971,17734.1722346971,3234558.39526657,"Hawaii"
-3,-4000,"AP0000003",17734172234.6971,17734.1722346971,3234558.39526657,"Hawaii"
-3,-5000,"AP0000003",17734172234.6971,17734.1722346971,3234558.39526657,"Hawaii"
-4,-6000,"AP0000004",17956110901.6089,17956.1109016089,3234558.39526657,"Hawaii"
-4,-7000,"AP0000004",17956110901.6089,17956.1109016089,3234558.39526657,"Hawaii"
-11,-8000,"AP0000005",19363577115.578,19363.577115578,3234558.39526657,"Hawaii"
-24,-9000,"AP0000006",21989987825.0105,21989.9878250105,3234558.39526657,"Hawaii"
-38,-10000,"AP0000007",26356766354.8527,26356.7663548527,3234558.39526657,"Hawaii"
-52,-11000,"AP0000008",28873880517.0378,28873.8805170378,3234558.39526657,"Hawaii"
-65,-12000,"AP0000009",30639236534.5371,30639.2365345371,3234558.39526657,"Hawaii"
-76,-13000,"AP0000010",31806597072.3834,31806.5970723834,3234558.39526657,"Hawaii"
-85,-14000,"AP0000011",32557723268.5866,32557.7232685866,3234558.39526657,"Hawaii"
-93,-15000,"AP0000012",33101661631.1881,33101.6616311881,3234558.39526657,"Hawaii"
-102,-16000,"AP0000013",33658011760.3092,33658.0117603092,3234558.39526657,"Hawaii"
-109,-17000,"AP0000014",34067874275.7758,34067.8742757758,3234558.39526657,"Hawaii"
-116,-18000,"AP0000015",34440498146.018,34440.498146018,3234558.39526657,"Hawaii"
-121,-19000,"AP0000016",34689067475.911,34689.067475911,3234558.39526657,"Hawaii"
-123,-20000,"AP0000017",34794600417.4928,34794.6004174928,3234558.39526657,"Hawaii"
-122,-21000,"AP0000018",34741734143.5196,34741.7341435196,3234558.39526657,"Hawaii"
-118,-22000,"AP0000019",34540572093.8748,34540.5720938748,3234558.39526657,"Hawaii"
-112,-23000,"AP0000020",34219570023.1062,34219.5700231062,3234558.39526657,"Hawaii"
-105,-24000,"AP0000021",33833512196.4301,33833.5121964301,3234558.39526657,"Hawaii"
-98,-25000,"AP0000022",33420464614.7076,33420.4646147076,3234558.39526657,"Hawaii"
-93,-26000,"AP0000012",33101661631.1881,33101.6616311881,3234558.39526657,"Hawaii"
-90,-27000,"AP0000023",32906175844.6786,32906.1758446786,3234558.39526657,"Hawaii"
-87,-28000,"AP0000024",32693728260.8647,32693.7282608647,3234558.39526657,"Hawaii"
-84,-29000,"AP0000025",32484876416.592,32484.876416592,3234558.39526657,"Hawaii"
-81,-30000,"AP0000026",32229091121.0049,32229.0911210049,3234558.39526657,"Hawaii"
-79,-31000,"AP0000027",32073433089.6768,32073.4330896768,3234558.39526657,"Hawaii"
-76,-32000,"AP0000010",31806597072.3834,31806.5970723834,3234558.39526657,"Hawaii"
-75,-33000,"AP0000028",31714805089.9199,31714.8050899199,3234558.39526657,"Hawaii"
-73,-34000,"AP0000029",31529647098.0915,31529.6470980915,3234558.39526657,"Hawaii"
-72,-35000,"AP0000030",31439441554.941,31439.441554941,3234558.39526657,"Hawaii"
-72,-36000,"AP0000030",31439441554.941,31439.441554941,3234558.39526657,"Hawaii"
-72,-37000,"AP0000030",31439441554.941,31439.441554941,3234558.39526657,"Hawaii"
-72,-38000,"AP0000030",31439441554.941,31439.441554941,3234558.39526657,"Hawaii"
-74,-39000,"AP0000031",31615963035.6928,31615.9630356928,3234558.39526657,"Hawaii"
-76,-40000,"AP0000010",31806597072.3834,31806.5970723834,3234558.39526657,"Hawaii"
-78,-41000,"AP0000032",31982545416.9844,31982.5454169844,3234558.39526657,"Hawaii"
-80,-42000,"AP0000033",32157277607.2662,32157.2776072662,3234558.39526657,"Hawaii"
-82,-43000,"AP0000034",32335988123.0556,32335.9881230556,3234558.39526657,"Hawaii"
-84,-44000,"AP0000025",32484876416.592,32484.876416592,3234558.39526657,"Hawaii"
-85,-45000,"AP0000011",32557723268.5866,32557.7232685866,3234558.39526657,"Hawaii"
-86,-46000,"AP0000035",32624611057.3487,32624.6110573487,3234558.39526657,"Hawaii"
-86,-47000,"AP0000035",32624611057.3487,32624.6110573487,3234558.39526657,"Hawaii"
-86,-48000,"AP0000035",32624611057.3487,32624.6110573487,3234558.39526657,"Hawaii"
-86,-49000,"AP0000035",32624611057.3487,32624.6110573487,3234558.39526657,"Hawaii"
-86,-50000,"AP0000035",32624611057.3487,32624.6110573487,3234558.39526657,"Hawaii"
-86,-51000,"AP0000035",32624611057.3487,32624.6110573487,3234558.39526657,"Hawaii"
-85,-52000,"AP0000011",32557723268.5866,32557.7232685866,3234558.39526657,"Hawaii"
-85,-53000,"AP0000011",32557723268.5866,32557.7232685866,3234558.39526657,"Hawaii"
-85,-54000,"AP0000011",32557723268.5866,32557.7232685866,3234558.39526657,"Hawaii"
-84,-55000,"AP0000025",32484876416.592,32484.876416592,3234558.39526657,"Hawaii"
-83,-56000,"AP0000036",32410814105.4148,32410.8141054148,3234558.39526657,"Hawaii"
-82,-57000,"AP0000034",32335988123.0556,32335.9881230556,3234558.39526657,"Hawaii"
-80,-58000,"AP0000033",32157277607.2662,32157.2776072662,3234558.39526657,"Hawaii"
-79,-59000,"AP0000027",32073433089.6768,32073.4330896768,3234558.39526657,"Hawaii"
-78,-60000,"AP0000032",31982545416.9844,31982.5454169844,3234558.39526657,"Hawaii"
-77,-61000,"AP0000037",31899609723.9472,31899.6097239472,3234558.39526657,"Hawaii"
-77,-62000,"AP0000037",31899609723.9472,31899.6097239472,3234558.39526657,"Hawaii"
-77,-63000,"AP0000037",31899609723.9472,31899.6097239472,3234558.39526657,"Hawaii"
-78,-64000,"AP0000032",31982545416.9844,31982.5454169844,3234558.39526657,"Hawaii"
-79,-65000,"AP0000027",32073433089.6768,32073.4330896768,3234558.39526657,"Hawaii"
-81,-66000,"AP0000026",32229091121.0049,32229.0911210049,3234558.39526657,"Hawaii"
-82,-67000,"AP0000034",32335988123.0556,32335.9881230556,3234558.39526657,"Hawaii"
-82,-68000,"AP0000034",32335988123.0556,32335.9881230556,3234558.39526657,"Hawaii"
-81,-69000,"AP0000026",32229091121.0049,32229.0911210049,3234558.39526657,"Hawaii"
-80,-70000,"AP0000033",32157277607.2662,32157.2776072662,3234558.39526657,"Hawaii"
-81,-71000,"AP0000026",32229091121.0049,32229.0911210049,3234558.39526657,"Hawaii"
-83,-72000,"AP0000036",32410814105.4148,32410.8141054148,3234558.39526657,"Hawaii"
-72,-73000,"AP0000030",31439441554.941,31439.441554941,3234558.39526657,"Hawaii"
-48,-74000,"AP0000038",28247534949.0375,28247.5349490375,3234558.39526657,"Hawaii"
-29,-75000,"AP0000039",23508241508.474,23508.241508474,3234558.39526657,"Hawaii"
-20,-76000,"AP0000040",21122951362.7875,21122.9513627875,3234558.39526657,"Hawaii"
-17,-77000,"AP0000041",20541235671.3001,20541.2356713001,3234558.39526657,"Hawaii"
-15,-78000,"AP0000042",20212179267.8105,20212.1792678105,3234558.39526657,"Hawaii"
-14,-79000,"AP0000043",19999329817.0351,19999.3298170351,3234558.39526657,"Hawaii"
-13,-80000,"AP0000044",19756555268.7469,19756.5552687469,3234558.39526657,"Hawaii"
-12,-81000,"AP0000045",19564235321.2892,19564.2353212892,3234558.39526657,"Hawaii"
-12,-82000,"AP0000045",19564235321.2892,19564.2353212892,3234558.39526657,"Hawaii"
-13,-83000,"AP0000044",19756555268.7469,19756.5552687469,3234558.39526657,"Hawaii"
-15,-84000,"AP0000042",20212179267.8105,20212.1792678105,3234558.39526657,"Hawaii"
-19,-85000,"AP0000046",20888573210.7146,20888.5732107146,3234558.39526657,"Hawaii"
-26,-86000,"AP0000047",22642640429.5746,22642.6404295746,3234558.39526657,"Hawaii"
-34,-87000,"AP0000048",25015429191.788,25015.429191788,3234558.39526657,"Hawaii"
-43,-88000,"AP0000049",27212529702.2466,27212.5297022466,3234558.39526657,"Hawaii"
-49,-89000,"AP0000050",28409052362.0023,28409.0523620023,3234558.39526657,"Hawaii"
-52,-90000,"AP0000008",28873880517.0378,28873.8805170378,3234558.39526657,"Hawaii"
-54,-91000,"AP0000051",29262446256.7595,29262.4462567595,3234558.39526657,"Hawaii"
-55,-92000,"AP0000052",29412309863.7661,29412.3098637661,3234558.39526657,"Hawaii"
-55,-93000,"AP0000052",29412309863.7661,29412.3098637661,3234558.39526657,"Hawaii"
-56,-94000,"AP0000053",29533222451.9763,29533.2224519763,3234558.39526657,"Hawaii"
-54,-95000,"AP0000051",29262446256.7595,29262.4462567595,3234558.39526657,"Hawaii"
-46,-96000,"AP0000054",27753049777.4515,27753.0497774515,3234558.39526657,"Hawaii"
-35,-97000,"AP0000055",25372716750.876,25372.716750876,3234558.39526657,"Hawaii"
-24,-98000,"AP0000006",21989987825.0105,21989.9878250105,3234558.39526657,"Hawaii"
-16,-99000,"AP0000056",20390459033.531,20390.459033531,3234558.39526657,"Hawaii"
-12,-1e+05,"AP0000045",19564235321.2892,19564.2353212892,3234558.39526657,"Hawaii"
-10,-101000,"AP0000057",19167620817.4822,19167.6208174822,3234558.39526657,"Hawaii"
-10,-102000,"AP0000057",19167620817.4822,19167.6208174822,3234558.39526657,"Hawaii"
-9,-103000,"AP0000058",18974595448.9972,18974.5954489972,3234558.39526657,"Hawaii"
-8,-104000,"AP0000059",18777194009.7072,18777.1940097072,3234558.39526657,"Hawaii"
-10,-105000,"AP0000057",19167620817.4822,19167.6208174822,3234558.39526657,"Hawaii"
-16,-106000,"AP0000056",20390459033.531,20390.459033531,3234558.39526657,"Hawaii"
-26,-107000,"AP0000047",22642640429.5746,22642.6404295746,3234558.39526657,"Hawaii"
-31,-108000,"AP0000060",24159829970.8262,24159.8299708262,3234558.39526657,"Hawaii"
-33,-109000,"AP0000061",24707303038.8156,24707.3030388156,3234558.39526657,"Hawaii"
-33,-110000,"AP0000061",24707303038.8156,24707.3030388156,3234558.39526657,"Hawaii"
-32,-111000,"AP0000062",24468579409.4909,24468.5794094909,3234558.39526657,"Hawaii"
-32,-112000,"AP0000062",24468579409.4909,24468.5794094909,3234558.39526657,"Hawaii"
-27,-113000,"AP0000063",22924108430.0954,22924.1084300954,3234558.39526657,"Hawaii"
-16,-114000,"AP0000056",20390459033.531,20390.459033531,3234558.39526657,"Hawaii"
-6,-115000,"AP0000064",18367274369.1788,18367.2743691788,3234558.39526657,"Hawaii"
0,-116000,"AP0000000",16922511333.8967,16922.5113338967,3234558.39526657,"Hawaii"
3,-117000,"AP0000065",16815634730.3038,16815.6347303038,3234558.39526657,"Hawaii"
5,-118000,"AP0000066",16741186478.1993,16741.1864781993,3234558.39526657,"Hawaii"
7,-119000,"AP0000067",16648916653.0495,16648.9166530495,3234558.39526657,"Hawaii"
9,-120000,"AP0000068",16551170382.2298,16551.1703822298,3234558.39526657,"Hawaii"
10,-121000,"AP0000069",16486478145.6837,16486.4781456837,3234558.39526657,"Hawaii"
10,-122000,"AP0000069",16486478145.6837,16486.4781456837,3234558.39526657,"Hawaii"
10,-123000,"AP0000069",16486478145.6837,16486.4781456837,3234558.39526657,"Hawaii"
9,-124000,"AP0000068",16551170382.2298,16551.1703822298,3234558.39526657,"Hawaii"
9,-125000,"AP0000068",16551170382.2298,16551.1703822298,3234558.39526657,"Hawaii"
10,-126000,"AP0000069",16486478145.6837,16486.4781456837,3234558.39526657,"Hawaii"
12,-127000,"AP0000070",16386831436.4634,16386.8314364634,3234558.39526657,"Hawaii"
10,-128000,"AP0000069",16486478145.6837,16486.4781456837,3234558.39526657,"Hawaii"
-3,-129000,"AP0000003",17734172234.6971,17734.1722346971,3234558.39526657,"Hawaii"
-27,-130000,"AP0000063",22924108430.0954,22924.1084300954,3234558.39526657,"Hawaii"
-28,-131000,"AP0000071",23260221909.9197,23260.2219099197,3234558.39526657,"Hawaii"
-26,-132000,"AP0000047",22642640429.5746,22642.6404295746,3234558.39526657,"Hawaii"
-24,-133000,"AP0000006",21989987825.0105,21989.9878250105,3234558.39526657,"Hawaii"
-22,-134000,"AP0000072",21518511895.2313,21518.5118952313,3234558.39526657,"Hawaii"
-20,-135000,"AP0000040",21122951362.7875,21122.9513627875,3234558.39526657,"Hawaii"
-18,-136000,"AP0000073",20692760251.9578,20692.7602519578,3234558.39526657,"Hawaii"
-19,-137000,"AP0000046",20888573210.7146,20888.5732107146,3234558.39526657,"Hawaii"
-22,-138000,"AP0000072",21518511895.2313,21518.5118952313,3234558.39526657,"Hawaii"
-28,-139000,"AP0000071",23260221909.9197,23260.2219099197,3234558.39526657,"Hawaii"
-44,-140000,"AP0000074",27368422734.239,27368.422734239,3234558.39526657,"Hawaii"
