"curve","year","ind","values","area_km","area_km_e","archipelago"
0,0,"AP0000000",493868342.170095,493.868342170095,16025.3572319192,"Aldabra_Group"
-1,-1000,"AP0000001",505251149.031177,505.251149031177,16025.3572319192,"Aldabra_Group"
-2,-2000,"AP0000002",518948348.975249,518.948348975249,16025.3572319192,"Aldabra_Group"
-3,-3000,"AP0000003",741217432.964901,741.217432964901,16025.3572319192,"Aldabra_Group"
-3,-4000,"AP0000003",741217432.964901,741.217432964901,16025.3572319192,"Aldabra_Group"
-3,-5000,"AP0000003",741217432.964901,741.217432964901,16025.3572319192,"Aldabra_Group"
-4,-6000,"AP0000004",747120451.376162,747.120451376162,16025.3572319192,"Aldabra_Group"
-4,-7000,"AP0000004",747120451.376162,747.120451376162,16025.3572319192,"Aldabra_Group"
-11,-8000,"AP0000005",784014734.934037,784.014734934037,16025.3572319192,"Aldabra_Group"
-24,-9000,"AP0000006",839255304.931108,839.255304931108,16025.3572319192,"Aldabra_Group"
-38,-10000,"AP0000007",864125051.047222,864.125051047222,16025.3572319192,"Aldabra_Group"
-52,-11000,"AP0000008",889419419.838377,889.419419838376,16025.3572319192,"Aldabra_Group"
-65,-12000,"AP0000009",910918052.050926,910.918052050926,16025.3572319192,"Aldabra_Group"
-76,-13000,"AP0000010",922722235.70522,922.72223570522,16025.3572319192,"Aldabra_Group"
-85,-14000,"AP0000011",934316152.843972,934.316152843972,16025.3572319192,"Aldabra_Group"
-93,-15000,"AP0000012",943169067.624351,943.169067624351,16025.3572319192,"Aldabra_Group"
-102,-16000,"AP0000013",953493928.71457,953.49392871457,16025.3572319192,"Aldabra_Group"
-109,-17000,"AP0000014",962765752.248058,962.765752248058,16025.3572319192,"Aldabra_Group"
-116,-18000,"AP0000015",971828697.1441,971.8286971441,16025.3572319192,"Aldabra_Group"
-121,-19000,"AP0000016",980049538.033296,980.049538033296,16025.3572319192,"Aldabra_Group"
-123,-20000,"AP0000017",984477316.471503,984.477316471503,16025.3572319192,"Aldabra_Group"
-122,-21000,"AP0000018",982579966.158177,982.579966158177,16025.3572319192,"Aldabra_Group"
-118,-22000,"AP0000019",974779904.864397,974.779904864397,16025.3572319192,"Aldabra_Group"
-112,-23000,"AP0000020",966769567.713729,966.769567713729,16025.3572319192,"Aldabra_Group"
-105,-24000,"AP0000021",956234148.344239,956.234148344239,16025.3572319192,"Aldabra_Group"
-98,-25000,"AP0000022",949911146.387233,949.911146387233,16025.3572319192,"Aldabra_Group"
-93,-26000,"AP0000012",943169067.624351,943.169067624351,16025.3572319192,"Aldabra_Group"
-90,-27000,"AP0000023",938953688.365112,938.953688365112,16025.3572319192,"Aldabra_Group"
-87,-28000,"AP0000024",935791787.656677,935.791787656677,16025.3572319192,"Aldabra_Group"
-84,-29000,"AP0000025",933051833.940357,933.051833940357,16025.3572319192,"Aldabra_Group"
-81,-30000,"AP0000026",929467771.875232,929.467771875232,16025.3572319192,"Aldabra_Group"
-79,-31000,"AP0000027",927148827.941485,927.148827941485,16025.3572319192,"Aldabra_Group"
-76,-32000,"AP0000010",922722235.70522,922.72223570522,16025.3572319192,"Aldabra_Group"
-75,-33000,"AP0000028",922089899.187971,922.089899187971,16025.3572319192,"Aldabra_Group"
-73,-34000,"AP0000029",919770982.51155,919.77098251155,16025.3572319192,"Aldabra_Group"
-72,-35000,"AP0000030",918717173.593904,918.717173593904,16025.3572319192,"Aldabra_Group"
-72,-36000,"AP0000030",918717173.593904,918.717173593904,16025.3572319192,"Aldabra_Group"
-72,-37000,"AP0000030",918717173.593904,918.717173593904,16025.3572319192,"Aldabra_Group"
-72,-38000,"AP0000030",918717173.593904,918.717173593904,16025.3572319192,"Aldabra_Group"
-74,-39000,"AP0000031",920825392.952781,920.825392952781,16025.3572319192,"Aldabra_Group"
-76,-40000,"AP0000010",922722235.70522,922.72223570522,16025.3572319192,"Aldabra_Group"
-78,-41000,"AP0000032",926305920.752052,926.305920752052,16025.3572319192,"Aldabra_Group"
-80,-42000,"AP0000033",928202718.236473,928.202718236473,16025.3572319192,"Aldabra_Group"
-82,-43000,"AP0000034",930311318.726371,930.311318726371,16025.3572319192,"Aldabra_Group"
-84,-44000,"AP0000025",933051833.940357,933.051833940357,16025.3572319192,"Aldabra_Group"
-85,-45000,"AP0000011",934316152.843972,934.316152843972,16025.3572319192,"Aldabra_Group"
-86,-46000,"AP0000035",935370140.986639,935.370140986639,16025.3572319192,"Aldabra_Group"
-86,-47000,"AP0000035",935370140.986639,935.370140986639,16025.3572319192,"Aldabra_Group"
-86,-48000,"AP0000035",935370140.986639,935.370140986639,16025.3572319192,"Aldabra_Group"
-86,-49000,"AP0000035",935370140.986639,935.370140986639,16025.3572319192,"Aldabra_Group"
-86,-50000,"AP0000035",935370140.986639,935.370140986639,16025.3572319192,"Aldabra_Group"
-86,-51000,"AP0000035",935370140.986639,935.370140986639,16025.3572319192,"Aldabra_Group"
-85,-52000,"AP0000011",934316152.843972,934.316152843972,16025.3572319192,"Aldabra_Group"
-85,-53000,"AP0000011",934316152.843972,934.316152843972,16025.3572319192,"Aldabra_Group"
-85,-54000,"AP0000011",934316152.843972,934.316152843972,16025.3572319192,"Aldabra_Group"
-84,-55000,"AP0000025",933051833.940357,933.051833940357,16025.3572319192,"Aldabra_Group"
-83,-56000,"AP0000036",930732636.866939,930.732636866939,16025.3572319192,"Aldabra_Group"
-82,-57000,"AP0000034",930311318.726371,930.311318726371,16025.3572319192,"Aldabra_Group"
-80,-58000,"AP0000033",928202718.236473,928.202718236473,16025.3572319192,"Aldabra_Group"
-79,-59000,"AP0000027",927148827.941485,927.148827941485,16025.3572319192,"Aldabra_Group"
-78,-60000,"AP0000032",926305920.752052,926.305920752052,16025.3572319192,"Aldabra_Group"
-77,-61000,"AP0000037",924619517.123828,924.619517123828,16025.3572319192,"Aldabra_Group"
-77,-62000,"AP0000037",924619517.123828,924.619517123828,16025.3572319192,"Aldabra_Group"
-77,-63000,"AP0000037",924619517.123828,924.619517123828,16025.3572319192,"Aldabra_Group"
-78,-64000,"AP0000032",926305920.752052,926.305920752052,16025.3572319192,"Aldabra_Group"
-79,-65000,"AP0000027",927148827.941485,927.148827941485,16025.3572319192,"Aldabra_Group"
-81,-66000,"AP0000026",929467771.875232,929.467771875232,16025.3572319192,"Aldabra_Group"
-82,-67000,"AP0000034",930311318.726371,930.311318726371,16025.3572319192,"Aldabra_Group"
-82,-68000,"AP0000034",930311318.726371,930.311318726371,16025.3572319192,"Aldabra_Group"
-81,-69000,"AP0000026",929467771.875232,929.467771875232,16025.3572319192,"Aldabra_Group"
-80,-70000,"AP0000033",928202718.236473,928.202718236473,16025.3572319192,"Aldabra_Group"
-81,-71000,"AP0000026",929467771.875232,929.467771875232,16025.3572319192,"Aldabra_Group"
-83,-72000,"AP0000036",930732636.866939,930.732636866939,16025.3572319192,"Aldabra_Group"
-72,-73000,"AP0000030",918717173.593904,918.717173593904,16025.3572319192,"Aldabra_Group"
-48,-74000,"AP0000038",882041433.135375,882.041433135375,16025.3572319192,"Aldabra_Group"
-29,-75000,"AP0000039",848950548.933673,848.950548933673,16025.3572319192,"Aldabra_Group"
-20,-76000,"AP0000040",831455596.292091,831.455596292091,16025.3572319192,"Aldabra_Group"
-17,-77000,"AP0000041",820914755.517366,820.914755517366,16025.3572319192,"Aldabra_Group"
-15,-78000,"AP0000042",809738935.141506,809.738935141506,16025.3572319192,"Aldabra_Group"
-14,-79000,"AP0000043",803835285.348531,803.835285348531,16025.3572319192,"Aldabra_Group"
-13,-80000,"AP0000044",799407806.64431,799.40780664431,16025.3572319192,"Aldabra_Group"
-12,-81000,"AP0000045",791394491.997169,791.394491997169,16025.3572319192,"Aldabra_Group"
-12,-82000,"AP0000045",791394491.997169,791.394491997169,16025.3572319192,"Aldabra_Group"
-13,-83000,"AP0000044",799407806.64431,799.40780664431,16025.3572319192,"Aldabra_Group"
-15,-84000,"AP0000042",809738935.141506,809.738935141506,16025.3572319192,"Aldabra_Group"
-19,-85000,"AP0000046",829768765.887181,829.768765887181,16025.3572319192,"Aldabra_Group"
-26,-86000,"AP0000047",844525581.093779,844.525581093779,16025.3572319192,"Aldabra_Group"
-34,-87000,"AP0000048",857802394.286081,857.802394286081,16025.3572319192,"Aldabra_Group"
-43,-88000,"AP0000049",873820678.529391,873.820678529391,16025.3572319192,"Aldabra_Group"
-49,-89000,"AP0000050",883517093.107027,883.517093107027,16025.3572319192,"Aldabra_Group"
-52,-90000,"AP0000008",889419419.838377,889.419419838376,16025.3572319192,"Aldabra_Group"
-54,-91000,"AP0000051",894267135.678938,894.267135678938,16025.3572319192,"Aldabra_Group"
-55,-92000,"AP0000052",894688599.181829,894.688599181829,16025.3572319192,"Aldabra_Group"
-55,-93000,"AP0000052",894688599.181829,894.688599181829,16025.3572319192,"Aldabra_Group"
-56,-94000,"AP0000053",896585426.409805,896.585426409805,16025.3572319192,"Aldabra_Group"
-54,-95000,"AP0000051",894267135.678938,894.267135678938,16025.3572319192,"Aldabra_Group"
-46,-96000,"AP0000054",878036827.050885,878.036827050885,16025.3572319192,"Aldabra_Group"
-35,-97000,"AP0000055",859278232.597732,859.278232597732,16025.3572319192,"Aldabra_Group"
-24,-98000,"AP0000006",839255304.931108,839.255304931108,16025.3572319192,"Aldabra_Group"
-16,-99000,"AP0000056",814800112.011258,814.800112011258,16025.3572319192,"Aldabra_Group"
-12,-1e+05,"AP0000045",791394491.997169,791.394491997169,16025.3572319192,"Aldabra_Group"
-10,-101000,"AP0000057",778322780.711174,778.322780711174,16025.3572319192,"Aldabra_Group"
-10,-102000,"AP0000057",778322780.711174,778.322780711174,16025.3572319192,"Aldabra_Group"
-9,-103000,"AP0000058",773684354.075065,773.684354075065,16025.3572319192,"Aldabra_Group"
-8,-104000,"AP0000059",769046261.693878,769.046261693878,16025.3572319192,"Aldabra_Group"
-10,-105000,"AP0000057",778322780.711174,778.322780711174,16025.3572319192,"Aldabra_Group"
-16,-106000,"AP0000056",814800112.011258,814.800112011258,16025.3572319192,"Aldabra_Group"
-26,-107000,"AP0000047",844525581.093779,844.525581093779,16025.3572319192,"Aldabra_Group"
-31,-108000,"AP0000060",852323591.474046,852.323591474046,16025.3572319192,"Aldabra_Group"
-33,-109000,"AP0000061",856749213.374701,856.749213374701,16025.3572319192,"Aldabra_Group"
-33,-110000,"AP0000061",856749213.374701,856.749213374701,16025.3572319192,"Aldabra_Group"
-32,-111000,"AP0000062",854220102.879843,854.220102879843,16025.3572319192,"Aldabra_Group"
-32,-112000,"AP0000062",854220102.879843,854.220102879843,16025.3572319192,"Aldabra_Group"
-27,-113000,"AP0000063",845790015.723884,845.790015723884,16025.3572319192,"Aldabra_Group"
-16,-114000,"AP0000056",814800112.011258,814.800112011258,16025.3572319192,"Aldabra_Group"
-6,-115000,"AP0000064",759770776.534319,759.77077653432,16025.3572319192,"Aldabra_Group"
0,-116000,"AP0000000",493868342.170095,493.868342170095,16025.3572319192,"Aldabra_Group"
3,-117000,"AP0000065",261676281.790944,261.676281790944,16025.3572319192,"Aldabra_Group"
5,-118000,"AP0000066",247550719.094224,247.550719094224,16025.3572319192,"Aldabra_Group"
7,-119000,"AP0000067",182181790.884979,182.181790884979,16025.3572319192,"Aldabra_Group"
9,-120000,"AP0000068",108379649.215019,108.379649215019,16025.3572319192,"Aldabra_Group"
10,-121000,"AP0000069",91302901.255226,91.302901255226,16025.3572319192,"Aldabra_Group"
10,-122000,"AP0000069",91302901.255226,91.302901255226,16025.3572319192,"Aldabra_Group"
10,-123000,"AP0000069",91302901.255226,91.302901255226,16025.3572319192,"Aldabra_Group"
9,-124000,"AP0000068",108379649.215019,108.379649215019,16025.3572319192,"Aldabra_Group"
9,-125000,"AP0000068",108379649.215019,108.379649215019,16025.3572319192,"Aldabra_Group"
10,-126000,"AP0000069",91302901.255226,91.302901255226,16025.3572319192,"Aldabra_Group"
12,-127000,"AP0000070",82026247.8590761,82.0262478590761,16025.3572319192,"Aldabra_Group"
10,-128000,"AP0000069",91302901.255226,91.302901255226,16025.3572319192,"Aldabra_Group"
-3,-129000,"AP0000003",741217432.964901,741.217432964901,16025.3572319192,"Aldabra_Group"
-27,-130000,"AP0000063",845790015.723884,845.790015723884,16025.3572319192,"Aldabra_Group"
-28,-131000,"AP0000071",847475673.880511,847.475673880511,16025.3572319192,"Aldabra_Group"
-26,-132000,"AP0000047",844525581.093779,844.525581093779,16025.3572319192,"Aldabra_Group"
-24,-133000,"AP0000006",839255304.931108,839.255304931108,16025.3572319192,"Aldabra_Group"
-22,-134000,"AP0000072",834828646.627848,834.828646627848,16025.3572319192,"Aldabra_Group"
-20,-135000,"AP0000040",831455596.292091,831.455596292091,16025.3572319192,"Aldabra_Group"
-18,-136000,"AP0000073",827028435.174599,827.028435174599,16025.3572319192,"Aldabra_Group"
-19,-137000,"AP0000046",829768765.887181,829.768765887181,16025.3572319192,"Aldabra_Group"
-22,-138000,"AP0000072",834828646.627848,834.828646627848,16025.3572319192,"Aldabra_Group"
-28,-139000,"AP0000071",847475673.880511,847.475673880511,16025.3572319192,"Aldabra_Group"
-44,-140000,"AP0000074",874874634.93478,874.87463493478,16025.3572319192,"Aldabra_Group"
0,0,"AP0000000",101617065.478142,101.617065478142,264.203102921307,"Ascension"
-1,-1000,"AP0000001",103734058.320716,103.734058320716,264.203102921307,"Ascension"
-2,-2000,"AP0000002",103945757.888358,103.945757888358,264.203102921307,"Ascension"
-3,-3000,"AP0000003",103945757.888358,103.945757888358,264.203102921307,"Ascension"
-3,-4000,"AP0000003",103945757.888358,103.945757888358,264.203102921307,"Ascension"
-3,-5000,"AP0000003",103945757.888358,103.945757888358,264.203102921307,"Ascension"
-4,-6000,"AP0000004",104157418.332045,104.157418332045,264.203102921307,"Ascension"
-4,-7000,"AP0000004",104157418.332045,104.157418332045,264.203102921307,"Ascension"
-11,-8000,"AP0000005",107332967.536382,107.332967536382,264.203102921307,"Ascension"
-24,-9000,"AP0000006",120035270.714268,120.035270714268,264.203102921307,"Ascension"
-38,-10000,"AP0000007",127868145.53663,127.86814553663,264.203102921307,"Ascension"
-52,-11000,"AP0000008",138876759.560634,138.876759560634,264.203102921307,"Ascension"
-65,-12000,"AP0000009",147980051.304868,147.980051304868,264.203102921307,"Ascension"
-76,-13000,"AP0000010",154331094.669949,154.331094669949,264.203102921307,"Ascension"
-85,-14000,"AP0000011",158988420.576573,158.988420576573,264.203102921307,"Ascension"
-93,-15000,"AP0000012",165762809.474328,165.762809474328,264.203102921307,"Ascension"
-102,-16000,"AP0000013",170208572.914835,170.208572914835,264.203102921307,"Ascension"
-109,-17000,"AP0000014",172325524.836822,172.325524836822,264.203102921307,"Ascension"
-116,-18000,"AP0000015",174654256.482201,174.654256482201,264.203102921307,"Ascension"
-121,-19000,"AP0000016",176982952.057709,176.982952057709,264.203102921307,"Ascension"
-123,-20000,"AP0000017",177829660.974738,177.829660974738,264.203102921307,"Ascension"
-122,-21000,"AP0000018",177617989.782053,177.617989782053,264.203102921307,"Ascension"
-118,-22000,"AP0000019",175712715.105577,175.712715105577,264.203102921307,"Ascension"
-112,-23000,"AP0000020",172748927.904184,172.748927904184,264.203102921307,"Ascension"
-105,-24000,"AP0000021",171267009.660115,171.267009660115,264.203102921307,"Ascension"
-98,-25000,"AP0000022",169361775.373828,169.361775373828,264.203102921307,"Ascension"
-93,-26000,"AP0000012",165762809.474328,165.762809474328,264.203102921307,"Ascension"
-90,-27000,"AP0000023",163434137.715876,163.434137715876,264.203102921307,"Ascension"
-87,-28000,"AP0000024",160893690.945698,160.893690945698,264.203102921307,"Ascension"
-84,-29000,"AP0000025",157718211.867872,157.718211867872,264.203102921307,"Ascension"
-81,-30000,"AP0000026",156447987.574475,156.447987574475,264.203102921307,"Ascension"
-79,-31000,"AP0000027",155389526.600841,155.389526600841,264.203102921307,"Ascension"
-76,-32000,"AP0000010",154331094.669949,154.331094669949,264.203102921307,"Ascension"
-75,-33000,"AP0000028",153907770.428844,153.907770428844,264.203102921307,"Ascension"
-73,-34000,"AP0000029",152425815.394547,152.425815394547,264.203102921307,"Ascension"
-72,-35000,"AP0000030",152002437.257759,152.002437257759,264.203102921307,"Ascension"
-72,-36000,"AP0000030",152002437.257759,152.002437257759,264.203102921307,"Ascension"
-72,-37000,"AP0000030",152002437.257759,152.002437257759,264.203102921307,"Ascension"
-72,-38000,"AP0000030",152002437.257759,152.002437257759,264.203102921307,"Ascension"
-74,-39000,"AP0000031",153907770.428844,153.907770428844,264.203102921307,"Ascension"
-76,-40000,"AP0000010",154331094.669949,154.331094669949,264.203102921307,"Ascension"
-78,-41000,"AP0000032",155389526.600841,155.389526600841,264.203102921307,"Ascension"
-80,-42000,"AP0000033",155812850.426322,155.812850426322,264.203102921307,"Ascension"
-82,-43000,"AP0000034",156659678.73022,156.65967873022,264.203102921307,"Ascension"
-84,-44000,"AP0000025",157718211.867872,157.718211867872,264.203102921307,"Ascension"
-85,-45000,"AP0000011",158988420.576573,158.988420576573,264.203102921307,"Ascension"
-86,-46000,"AP0000035",160258592.512136,160.258592512135,264.203102921307,"Ascension"
-86,-47000,"AP0000035",160258592.512136,160.258592512135,264.203102921307,"Ascension"
-86,-48000,"AP0000035",160258592.512136,160.258592512135,264.203102921307,"Ascension"
-86,-49000,"AP0000035",160258592.512136,160.258592512135,264.203102921307,"Ascension"
-86,-50000,"AP0000035",160258592.512136,160.258592512135,264.203102921307,"Ascension"
-86,-51000,"AP0000035",160258592.512136,160.258592512135,264.203102921307,"Ascension"
-85,-52000,"AP0000011",158988420.576573,158.988420576573,264.203102921307,"Ascension"
-85,-53000,"AP0000011",158988420.576573,158.988420576573,264.203102921307,"Ascension"
-85,-54000,"AP0000011",158988420.576573,158.988420576573,264.203102921307,"Ascension"
-84,-55000,"AP0000025",157718211.867872,157.718211867872,264.203102921307,"Ascension"
-83,-56000,"AP0000036",157083097.55958,157.08309755958,264.203102921307,"Ascension"
-82,-57000,"AP0000034",156659678.73022,156.65967873022,264.203102921307,"Ascension"
-80,-58000,"AP0000033",155812850.426322,155.812850426322,264.203102921307,"Ascension"
-79,-59000,"AP0000027",155389526.600841,155.389526600841,264.203102921307,"Ascension"
-78,-60000,"AP0000032",155389526.600841,155.389526600841,264.203102921307,"Ascension"
-77,-61000,"AP0000037",154754469.016862,154.754469016862,264.203102921307,"Ascension"
-77,-62000,"AP0000037",154754469.016862,154.754469016862,264.203102921307,"Ascension"
-77,-63000,"AP0000037",154754469.016862,154.754469016862,264.203102921307,"Ascension"
-78,-64000,"AP0000032",155389526.600841,155.389526600841,264.203102921307,"Ascension"
-79,-65000,"AP0000027",155389526.600841,155.389526600841,264.203102921307,"Ascension"
-81,-66000,"AP0000026",156447987.574475,156.447987574475,264.203102921307,"Ascension"
-82,-67000,"AP0000034",156659678.73022,156.65967873022,264.203102921307,"Ascension"
-82,-68000,"AP0000034",156659678.73022,156.65967873022,264.203102921307,"Ascension"
-81,-69000,"AP0000026",156447987.574475,156.447987574475,264.203102921307,"Ascension"
-80,-70000,"AP0000033",155812850.426322,155.812850426322,264.203102921307,"Ascension"
-81,-71000,"AP0000026",156447987.574475,156.447987574475,264.203102921307,"Ascension"
-83,-72000,"AP0000036",157083097.55958,157.08309755958,264.203102921307,"Ascension"
-72,-73000,"AP0000030",152002437.257759,152.002437257759,264.203102921307,"Ascension"
-48,-74000,"AP0000038",136547989.046503,136.547989046503,264.203102921307,"Ascension"
-29,-75000,"AP0000039",122999079.805011,122.999079805011,264.203102921307,"Ascension"
-20,-76000,"AP0000040",116859727.769777,116.859727769777,264.203102921307,"Ascension"
-17,-77000,"AP0000041",113260786.948261,113.260786948261,264.203102921307,"Ascension"
-15,-78000,"AP0000042",110508585.124963,110.508585124963,264.203102921307,"Ascension"
-14,-79000,"AP0000043",109450071.749576,109.450071749576,264.203102921307,"Ascension"
-13,-80000,"AP0000044",109026701.182913,109.026701182913,264.203102921307,"Ascension"
-12,-81000,"AP0000045",108603263.427719,108.603263427719,264.203102921307,"Ascension"
-12,-82000,"AP0000045",108603263.427719,108.603263427719,264.203102921307,"Ascension"
-13,-83000,"AP0000044",109026701.182913,109.026701182913,264.203102921307,"Ascension"
-15,-84000,"AP0000042",110508585.124963,110.508585124963,264.203102921307,"Ascension"
-19,-85000,"AP0000046",115801277.443074,115.801277443074,264.203102921307,"Ascension"
-26,-86000,"AP0000047",121517159.088247,121.517159088247,264.203102921307,"Ascension"
-34,-87000,"AP0000048",125962821.578671,125.962821578671,264.203102921307,"Ascension"
-43,-88000,"AP0000049",133584154.502409,133.584154502409,264.203102921307,"Ascension"
-49,-89000,"AP0000050",136971426.769963,136.971426769963,264.203102921307,"Ascension"
-52,-90000,"AP0000008",138876759.560634,138.876759560634,264.203102921307,"Ascension"
-54,-91000,"AP0000051",139723545.456932,139.723545456932,264.203102921307,"Ascension"
-55,-92000,"AP0000052",141205473.162358,141.205473162358,264.203102921307,"Ascension"
-55,-93000,"AP0000052",141205473.162358,141.205473162358,264.203102921307,"Ascension"
-56,-94000,"AP0000053",141417188.385372,141.417188385372,264.203102921307,"Ascension"
-54,-95000,"AP0000051",139723545.456932,139.723545456932,264.203102921307,"Ascension"
-46,-96000,"AP0000054",135066012.734059,135.066012734059,264.203102921307,"Ascension"
-35,-97000,"AP0000055",126174499.089516,126.174499089516,264.203102921307,"Ascension"
-24,-98000,"AP0000006",120035270.714268,120.035270714268,264.203102921307,"Ascension"
-16,-99000,"AP0000056",111355412.60091,111.35541260091,264.203102921307,"Ascension"
-12,-1e+05,"AP0000045",108603263.427719,108.603263427719,264.203102921307,"Ascension"
-10,-101000,"AP0000057",106909547.523919,106.909547523919,264.203102921307,"Ascension"
-10,-102000,"AP0000057",106909547.523919,106.909547523919,264.203102921307,"Ascension"
-9,-103000,"AP0000058",106909547.523919,106.909547523919,264.203102921307,"Ascension"
-8,-104000,"AP0000059",106486144.136772,106.486144136772,264.203102921307,"Ascension"
-10,-105000,"AP0000057",106909547.523919,106.909547523919,264.203102921307,"Ascension"
-16,-106000,"AP0000056",111355412.60091,111.35541260091,264.203102921307,"Ascension"
-26,-107000,"AP0000047",121517159.088247,121.517159088247,264.203102921307,"Ascension"
-31,-108000,"AP0000060",123422439.127764,123.422439127764,264.203102921307,"Ascension"
-33,-109000,"AP0000061",124904325.941934,124.904325941934,264.203102921307,"Ascension"
-33,-110000,"AP0000061",124904325.941934,124.904325941934,264.203102921307,"Ascension"
-32,-111000,"AP0000062",124480951.49769,124.48095149769,264.203102921307,"Ascension"
-32,-112000,"AP0000062",124480951.49769,124.48095149769,264.203102921307,"Ascension"
-27,-113000,"AP0000063",122152270.172311,122.152270172311,264.203102921307,"Ascension"
-16,-114000,"AP0000056",111355412.60091,111.35541260091,264.203102921307,"Ascension"
-6,-115000,"AP0000064",105427610.996762,105.427610996762,264.203102921307,"Ascension"
0,-116000,"AP0000000",101617065.478142,101.617065478142,264.203102921307,"Ascension"
3,-117000,"AP0000065",100981982.910082,100.981982910082,264.203102921307,"Ascension"
5,-118000,"AP0000066",100346893.310872,100.346893310872,264.203102921307,"Ascension"
7,-119000,"AP0000067",99923477.2873506,99.9234772873506,264.203102921307,"Ascension"
9,-120000,"AP0000068",98865097.6695564,98.8650976695564,264.203102921307,"Ascension"
10,-121000,"AP0000069",98441692.3859307,98.4416923859307,264.203102921307,"Ascension"
10,-122000,"AP0000069",98441692.3859307,98.4416923859307,264.203102921307,"Ascension"
10,-123000,"AP0000069",98441692.3859307,98.4416923859307,264.203102921307,"Ascension"
9,-124000,"AP0000068",98865097.6695564,98.8650976695564,264.203102921307,"Ascension"
9,-125000,"AP0000068",98865097.6695564,98.8650976695564,264.203102921307,"Ascension"
10,-126000,"AP0000069",98441692.3859307,98.4416923859307,264.203102921307,"Ascension"
12,-127000,"AP0000070",96959992.8014195,96.9599928014195,264.203102921307,"Ascension"
10,-128000,"AP0000069",98441692.3859307,98.4416923859307,264.203102921307,"Ascension"
-3,-129000,"AP0000003",103945757.888358,103.945757888358,264.203102921307,"Ascension"
-27,-130000,"AP0000063",122152270.172311,122.152270172311,264.203102921307,"Ascension"
-28,-131000,"AP0000071",122575665.076083,122.575665076083,264.203102921307,"Ascension"
-26,-132000,"AP0000047",121517159.088247,121.517159088247,264.203102921307,"Ascension"
-24,-133000,"AP0000006",120035270.714268,120.035270714268,264.203102921307,"Ascension"
-22,-134000,"AP0000072",118976782.666232,118.976782666232,264.203102921307,"Ascension"
-20,-135000,"AP0000040",116859727.769777,116.859727769777,264.203102921307,"Ascension"
-18,-136000,"AP0000073",114742727.405767,114.742727405767,264.203102921307,"Ascension"
-19,-137000,"AP0000046",115801277.443074,115.801277443074,264.203102921307,"Ascension"
-22,-138000,"AP0000072",118976782.666232,118.976782666232,264.203102921307,"Ascension"
-28,-139000,"AP0000071",122575665.076083,122.575665076083,264.203102921307,"Ascension"
-44,-140000,"AP0000074",133795835.280799,133.795835280799,264.203102921307,"Ascension"
0,0,"AP0000000",2525943269.32151,2525.94326932151,181107.529569284,"Azores"
-1,-1000,"AP0000001",2532508932.112,2532.508932112,181107.529569284,"Azores"
-2,-2000,"AP0000002",2532508932.112,2532.508932112,181107.529569284,"Azores"
-3,-3000,"AP0000003",2532844234.54976,2532.84423454976,181107.529569284,"Azores"
-3,-4000,"AP0000003",2532844234.54976,2532.84423454976,181107.529569284,"Azores"
-3,-5000,"AP0000003",2532844234.54976,2532.84423454976,181107.529569284,"Azores"
-4,-6000,"AP0000004",2533861366.11126,2533.86136611126,181107.529569284,"Azores"
-4,-7000,"AP0000004",2533861366.11126,2533.86136611126,181107.529569284,"Azores"
-11,-8000,"AP0000005",2549552565.46714,2549.55256546714,181107.529569284,"Azores"
-24,-9000,"AP0000006",2610987531.12788,2610.98753112788,181107.529569284,"Azores"
-38,-10000,"AP0000007",2719476586.21742,2719.47658621742,181107.529569284,"Azores"
-52,-11000,"AP0000008",2850920431.02153,2850.92043102153,181107.529569284,"Azores"
-65,-12000,"AP0000009",3060808703.26791,3060.80870326791,181107.529569284,"Azores"
-76,-13000,"AP0000010",3228293763.37331,3228.29376337331,181107.529569284,"Azores"
-85,-14000,"AP0000011",3366306183.10085,3366.30618310085,181107.529569284,"Azores"
-93,-15000,"AP0000012",3467538579.06325,3467.53857906325,181107.529569284,"Azores"
-102,-16000,"AP0000013",3575000424.83485,3575.00042483485,181107.529569284,"Azores"
-109,-17000,"AP0000014",3652011498.24731,3652.01149824731,181107.529569284,"Azores"
-116,-18000,"AP0000015",3735846074.3153,3735.8460743153,181107.529569284,"Azores"
-121,-19000,"AP0000016",3792152167.98791,3792.15216798791,181107.529569284,"Azores"
-123,-20000,"AP0000017",3815680837.15549,3815.68083715549,181107.529569284,"Azores"
-122,-21000,"AP0000018",3804430152.21276,3804.43015221276,181107.529569284,"Azores"
-118,-22000,"AP0000019",3759214765.18064,3759.21476518064,181107.529569284,"Azores"
-112,-23000,"AP0000020",3687220585.90024,3687.22058590024,181107.529569284,"Azores"
-105,-24000,"AP0000021",3607478751.1706,3607.4787511706,181107.529569284,"Azores"
-98,-25000,"AP0000022",3528096546.63608,3528.09654663608,181107.529569284,"Azores"
-93,-26000,"AP0000012",3467538579.06325,3467.53857906325,181107.529569284,"Azores"
-90,-27000,"AP0000023",3430029430.14052,3430.02943014052,181107.529569284,"Azores"
-87,-28000,"AP0000024",3390332502.89311,3390.33250289311,181107.529569284,"Azores"
-84,-29000,"AP0000025",3351983245.53851,3351.98324553851,181107.529569284,"Azores"
-81,-30000,"AP0000026",3308926168.19958,3308.92616819958,181107.529569284,"Azores"
-79,-31000,"AP0000027",3276635012.33706,3276.63501233706,181107.529569284,"Azores"
-76,-32000,"AP0000010",3228293763.37331,3228.29376337331,181107.529569284,"Azores"
-75,-33000,"AP0000028",3209790091.00539,3209.79009100539,181107.529569284,"Azores"
-73,-34000,"AP0000029",3180171656.76157,3180.17165676157,181107.529569284,"Azores"
-72,-35000,"AP0000030",3163712852.26053,3163.71285226053,181107.529569284,"Azores"
-72,-36000,"AP0000030",3163712852.26053,3163.71285226053,181107.529569284,"Azores"
-72,-37000,"AP0000030",3163712852.26053,3163.71285226053,181107.529569284,"Azores"
-72,-38000,"AP0000030",3163712852.26053,3163.71285226053,181107.529569284,"Azores"
-74,-39000,"AP0000031",3193954591.66729,3193.95459166729,181107.529569284,"Azores"
-76,-40000,"AP0000010",3228293763.37331,3228.29376337331,181107.529569284,"Azores"
-78,-41000,"AP0000032",3259617663.61105,3259.61766361105,181107.529569284,"Azores"
-80,-42000,"AP0000033",3290426369.45578,3290.42636945578,181107.529569284,"Azores"
-82,-43000,"AP0000034",3321875913.35797,3321.87591335797,181107.529569284,"Azores"
-84,-44000,"AP0000025",3351983245.53851,3351.98324553851,181107.529569284,"Azores"
-85,-45000,"AP0000011",3366306183.10085,3366.30618310085,181107.529569284,"Azores"
-86,-46000,"AP0000035",3378728773.99243,3378.72877399243,181107.529569284,"Azores"
-86,-47000,"AP0000035",3378728773.99243,3378.72877399243,181107.529569284,"Azores"
-86,-48000,"AP0000035",3378728773.99243,3378.72877399243,181107.529569284,"Azores"
-86,-49000,"AP0000035",3378728773.99243,3378.72877399243,181107.529569284,"Azores"
-86,-50000,"AP0000035",3378728773.99243,3378.72877399243,181107.529569284,"Azores"
-86,-51000,"AP0000035",3378728773.99243,3378.72877399243,181107.529569284,"Azores"
-85,-52000,"AP0000011",3366306183.10085,3366.30618310085,181107.529569284,"Azores"
-85,-53000,"AP0000011",3366306183.10085,3366.30618310085,181107.529569284,"Azores"
-85,-54000,"AP0000011",3366306183.10085,3366.30618310085,181107.529569284,"Azores"
-84,-55000,"AP0000025",3351983245.53851,3351.98324553851,181107.529569284,"Azores"
-83,-56000,"AP0000036",3340211410.45873,3340.21141045873,181107.529569284,"Azores"
-82,-57000,"AP0000034",3321875913.35797,3321.87591335797,181107.529569284,"Azores"
-80,-58000,"AP0000033",3290426369.45578,3290.42636945578,181107.529569284,"Azores"
-79,-59000,"AP0000027",3276635012.33706,3276.63501233706,181107.529569284,"Azores"
-78,-60000,"AP0000032",3259617663.61105,3259.61766361105,181107.529569284,"Azores"
-77,-61000,"AP0000037",3242926025.17828,3242.92602517828,181107.529569284,"Azores"
-77,-62000,"AP0000037",3242926025.17828,3242.92602517828,181107.529569284,"Azores"
-77,-63000,"AP0000037",3242926025.17828,3242.92602517828,181107.529569284,"Azores"
-78,-64000,"AP0000032",3259617663.61105,3259.61766361105,181107.529569284,"Azores"
-79,-65000,"AP0000027",3276635012.33706,3276.63501233706,181107.529569284,"Azores"
-81,-66000,"AP0000026",3308926168.19958,3308.92616819958,181107.529569284,"Azores"
-82,-67000,"AP0000034",3321875913.35797,3321.87591335797,181107.529569284,"Azores"
-82,-68000,"AP0000034",3321875913.35797,3321.87591335797,181107.529569284,"Azores"
-81,-69000,"AP0000026",3308926168.19958,3308.92616819958,181107.529569284,"Azores"
-80,-70000,"AP0000033",3290426369.45578,3290.42636945578,181107.529569284,"Azores"
-81,-71000,"AP0000026",3308926168.19958,3308.92616819958,181107.529569284,"Azores"
-83,-72000,"AP0000036",3340211410.45873,3340.21141045873,181107.529569284,"Azores"
-72,-73000,"AP0000030",3163712852.26053,3163.71285226053,181107.529569284,"Azores"
-48,-74000,"AP0000038",2790592127.26922,2790.59212726922,181107.529569284,"Azores"
-29,-75000,"AP0000039",2648750596.76035,2648.75059676035,181107.529569284,"Azores"
-20,-76000,"AP0000040",2589905931.65901,2589.90593165901,181107.529569284,"Azores"
-17,-77000,"AP0000041",2574203080.66802,2574.20308066802,181107.529569284,"Azores"
-15,-78000,"AP0000042",2564578573.14327,2564.57857314327,181107.529569284,"Azores"
-14,-79000,"AP0000043",2559857845.50953,2559.85784550953,181107.529569284,"Azores"
-13,-80000,"AP0000044",2555621849.12926,2555.62184912926,181107.529569284,"Azores"
-12,-81000,"AP0000045",2551576212.2515,2551.5762122515,181107.529569284,"Azores"
-12,-82000,"AP0000045",2551576212.2515,2551.5762122515,181107.529569284,"Azores"
-13,-83000,"AP0000044",2555621849.12926,2555.62184912926,181107.529569284,"Azores"
-15,-84000,"AP0000042",2564578573.14327,2564.57857314327,181107.529569284,"Azores"
-19,-85000,"AP0000046",2586531725.724,2586.531725724,181107.529569284,"Azores"
-26,-86000,"AP0000047",2622987340.28615,2622.98734028615,181107.529569284,"Azores"
-34,-87000,"AP0000048",2687210982.8159,2687.2109828159,181107.529569284,"Azores"
-43,-88000,"AP0000049",2755384748.86241,2755.38474886241,181107.529569284,"Azores"
-49,-89000,"AP0000050",2797997906.70945,2797.99790670945,181107.529569284,"Azores"
-52,-90000,"AP0000008",2850920431.02153,2850.92043102153,181107.529569284,"Azores"
-54,-91000,"AP0000051",2888508376.99639,2888.50837699639,181107.529569284,"Azores"
-55,-92000,"AP0000052",2901636967.08517,2901.63696708517,181107.529569284,"Azores"
-55,-93000,"AP0000052",2901636967.08517,2901.63696708517,181107.529569284,"Azores"
-56,-94000,"AP0000053",2917269207.37406,2917.26920737406,181107.529569284,"Azores"
-54,-95000,"AP0000051",2888508376.99639,2888.50837699639,181107.529569284,"Azores"
-46,-96000,"AP0000054",2774755957.32628,2774.75595732628,181107.529569284,"Azores"
-35,-97000,"AP0000055",2695665561.02358,2695.66556102358,181107.529569284,"Azores"
-24,-98000,"AP0000006",2610987531.12788,2610.98753112788,181107.529569284,"Azores"
-16,-99000,"AP0000056",2569135393.09274,2569.13539309274,181107.529569284,"Azores"
-12,-1e+05,"AP0000045",2551576212.2515,2551.5762122515,181107.529569284,"Azores"
-10,-101000,"AP0000057",2547360355.58238,2547.36035558238,181107.529569284,"Azores"
-10,-102000,"AP0000057",2547360355.58238,2547.36035558238,181107.529569284,"Azores"
-9,-103000,"AP0000058",2543820378.91823,2543.82037891823,181107.529569284,"Azores"
-8,-104000,"AP0000059",2540953991.0002,2540.9539910002,181107.529569284,"Azores"
-10,-105000,"AP0000057",2547360355.58238,2547.36035558238,181107.529569284,"Azores"
-16,-106000,"AP0000056",2569135393.09274,2569.13539309274,181107.529569284,"Azores"
-26,-107000,"AP0000047",2622987340.28615,2622.98734028615,181107.529569284,"Azores"
-31,-108000,"AP0000060",2663758646.06595,2663.75864606595,181107.529569284,"Azores"
-33,-109000,"AP0000061",2680459741.49016,2680.45974149016,181107.529569284,"Azores"
-33,-110000,"AP0000061",2680459741.49016,2680.45974149016,181107.529569284,"Azores"
-32,-111000,"AP0000062",2672025460.02993,2672.02546002993,181107.529569284,"Azores"
-32,-112000,"AP0000062",2672025460.02993,2672.02546002993,181107.529569284,"Azores"
-27,-113000,"AP0000063",2631743093.44522,2631.74309344522,181107.529569284,"Azores"
-16,-114000,"AP0000056",2569135393.09274,2569.13539309274,181107.529569284,"Azores"
-6,-115000,"AP0000064",2536396294.73184,2536.39629473184,181107.529569284,"Azores"
0,-116000,"AP0000000",2525943269.32151,2525.94326932151,181107.529569284,"Azores"
3,-117000,"AP0000065",2517865489.90652,2517.86548990651,181107.529569284,"Azores"
5,-118000,"AP0000066",2512816769.80229,2512.81676980229,181107.529569284,"Azores"
7,-119000,"AP0000067",2504889780.18973,2504.88978018973,181107.529569284,"Azores"
9,-120000,"AP0000068",2496461876.8118,2496.4618768118,181107.529569284,"Azores"
10,-121000,"AP0000069",2491583487.15207,2491.58348715207,181107.529569284,"Azores"
10,-122000,"AP0000069",2491583487.15207,2491.58348715207,181107.529569284,"Azores"
10,-123000,"AP0000069",2491583487.15207,2491.58348715207,181107.529569284,"Azores"
9,-124000,"AP0000068",2496461876.8118,2496.4618768118,181107.529569284,"Azores"
9,-125000,"AP0000068",2496461876.8118,2496.4618768118,181107.529569284,"Azores"
10,-126000,"AP0000069",2491583487.15207,2491.58348715207,181107.529569284,"Azores"
12,-127000,"AP0000070",2482645836.11865,2482.64583611865,181107.529569284,"Azores"
10,-128000,"AP0000069",2491583487.15207,2491.58348715207,181107.529569284,"Azores"
-3,-129000,"AP0000003",2532844234.54976,2532.84423454976,181107.529569284,"Azores"
-27,-130000,"AP0000063",2631743093.44522,2631.74309344522,181107.529569284,"Azores"
-28,-131000,"AP0000071",2640662696.22199,2640.66269622199,181107.529569284,"Azores"
-26,-132000,"AP0000047",2622987340.28615,2622.98734028615,181107.529569284,"Azores"
-24,-133000,"AP0000006",2610987531.12788,2610.98753112788,181107.529569284,"Azores"
-22,-134000,"AP0000072",2600697912.27398,2600.69791227398,181107.529569284,"Azores"
-20,-135000,"AP0000040",2589905931.65901,2589.90593165901,181107.529569284,"Azores"
-18,-136000,"AP0000073",2580957684.67738,2580.95768467738,181107.529569284,"Azores"
-19,-137000,"AP0000046",2586531725.724,2586.531725724,181107.529569284,"Azores"
-22,-138000,"AP0000072",2600697912.27398,2600.69791227398,181107.529569284,"Azores"
-28,-139000,"AP0000071",2640662696.22199,2640.66269622199,181107.529569284,"Azores"
-44,-140000,"AP0000074",2760940759.07888,2760.94075907888,181107.529569284,"Azores"
0,0,"AP0000000",80773544.680793,80.773544680793,4288.96967004391,"Bermuda"
-1,-1000,"AP0000001",85850465.8822868,85.8504658822868,4288.96967004391,"Bermuda"
-2,-2000,"AP0000002",90745064.424938,90.745064424938,4288.96967004391,"Bermuda"
-3,-3000,"AP0000003",96545390.9425077,96.5453909425077,4288.96967004391,"Bermuda"
-3,-4000,"AP0000003",96545390.9425077,96.5453909425077,4288.96967004391,"Bermuda"
-3,-5000,"AP0000003",96545390.9425077,96.5453909425077,4288.96967004391,"Bermuda"
-4,-6000,"AP0000004",101982898.578559,101.982898578559,4288.96967004391,"Bermuda"
-4,-7000,"AP0000004",101982898.578559,101.982898578559,4288.96967004391,"Bermuda"
-11,-8000,"AP0000005",287579633.552273,287.579633552273,4288.96967004391,"Bermuda"
-24,-9000,"AP0000006",966317264.848517,966.317264848517,4288.96967004391,"Bermuda"
-38,-10000,"AP0000007",1044944982.008,1044.944982008,4288.96967004391,"Bermuda"
-52,-11000,"AP0000008",1057453272.28261,1057.45327228261,4288.96967004391,"Bermuda"
-65,-12000,"AP0000009",1065433430.7638,1065.4334307638,4288.96967004391,"Bermuda"
-76,-13000,"AP0000010",1072688505.96309,1072.68850596309,4288.96967004391,"Bermuda"
-85,-14000,"AP0000011",1081576884.5159,1081.5768845159,4288.96967004391,"Bermuda"
-93,-15000,"AP0000012",1087019855.4236,1087.0198554236,4288.96967004391,"Bermuda"
-102,-16000,"AP0000013",1094285759.50633,1094.28575950633,4288.96967004391,"Bermuda"
-109,-17000,"AP0000014",1103005139.55486,1103.00513955486,4288.96967004391,"Bermuda"
-116,-18000,"AP0000015",1111363764.3184,1111.3637643184,4288.96967004391,"Bermuda"
-121,-19000,"AP0000016",1118086212.72038,1118.08621272038,4288.96967004391,"Bermuda"
-123,-20000,"AP0000017",1120994465.24275,1120.99446524275,4288.96967004391,"Bermuda"
-122,-21000,"AP0000018",1120085610.1056,1120.0856101056,4288.96967004391,"Bermuda"
-118,-22000,"AP0000019",1114087866.581,1114.087866581,4288.96967004391,"Bermuda"
-112,-23000,"AP0000020",1106819579.48842,1106.81957948842,4288.96967004391,"Bermuda"
-105,-24000,"AP0000021",1097553684.68523,1097.55368468523,4288.96967004391,"Bermuda"
-98,-25000,"AP0000022",1090107265.84491,1090.10726584491,4288.96967004391,"Bermuda"
-93,-26000,"AP0000012",1087019855.4236,1087.0198554236,4288.96967004391,"Bermuda"
-90,-27000,"AP0000023",1084297937.51482,1084.29793751482,4288.96967004391,"Bermuda"
-87,-28000,"AP0000024",1082847016.05284,1082.84701605284,4288.96967004391,"Bermuda"
-84,-29000,"AP0000025",1081032261.91891,1081.03226191891,4288.96967004391,"Bermuda"
-81,-30000,"AP0000026",1076315626.88474,1076.31562688474,4288.96967004391,"Bermuda"
-79,-31000,"AP0000027",1075229499.43204,1075.22949943204,4288.96967004391,"Bermuda"
-76,-32000,"AP0000010",1072688505.96309,1072.68850596309,4288.96967004391,"Bermuda"
-75,-33000,"AP0000028",1072143984.16066,1072.14398416066,4288.96967004391,"Bermuda"
-73,-34000,"AP0000029",1070693430.53021,1070.69343053021,4288.96967004391,"Bermuda"
-72,-35000,"AP0000030",1070148101.53605,1070.14810153605,4288.96967004391,"Bermuda"
-72,-36000,"AP0000030",1070148101.53605,1070.14810153605,4288.96967004391,"Bermuda"
-72,-37000,"AP0000030",1070148101.53605,1070.14810153605,4288.96967004391,"Bermuda"
-72,-38000,"AP0000030",1070148101.53605,1070.14810153605,4288.96967004391,"Bermuda"
-74,-39000,"AP0000031",1071781515.80199,1071.78151580199,4288.96967004391,"Bermuda"
-76,-40000,"AP0000010",1072688505.96309,1072.68850596309,4288.96967004391,"Bermuda"
-78,-41000,"AP0000032",1073777897.64023,1073.77789764023,4288.96967004391,"Bermuda"
-80,-42000,"AP0000033",1075591295.1325,1075.5912951325,4288.96967004391,"Bermuda"
-82,-43000,"AP0000034",1077586259.86823,1077.58625986823,4288.96967004391,"Bermuda"
-84,-44000,"AP0000025",1081032261.91891,1081.03226191891,4288.96967004391,"Bermuda"
-85,-45000,"AP0000011",1081576884.5159,1081.5768845159,4288.96967004391,"Bermuda"
-86,-46000,"AP0000035",1082121413.59695,1082.12141359695,4288.96967004391,"Bermuda"
-86,-47000,"AP0000035",1082121413.59695,1082.12141359695,4288.96967004391,"Bermuda"
-86,-48000,"AP0000035",1082121413.59695,1082.12141359695,4288.96967004391,"Bermuda"
-86,-49000,"AP0000035",1082121413.59695,1082.12141359695,4288.96967004391,"Bermuda"
-86,-50000,"AP0000035",1082121413.59695,1082.12141359695,4288.96967004391,"Bermuda"
-86,-51000,"AP0000035",1082121413.59695,1082.12141359695,4288.96967004391,"Bermuda"
-85,-52000,"AP0000011",1081576884.5159,1081.5768845159,4288.96967004391,"Bermuda"
-85,-53000,"AP0000011",1081576884.5159,1081.5768845159,4288.96967004391,"Bermuda"
-85,-54000,"AP0000011",1081576884.5159,1081.5768845159,4288.96967004391,"Bermuda"
-84,-55000,"AP0000025",1081032261.91891,1081.03226191891,4288.96967004391,"Bermuda"
-83,-56000,"AP0000036",1079581939.58763,1079.58193958763,4288.96967004391,"Bermuda"
-82,-57000,"AP0000034",1077586259.86823,1077.58625986823,4288.96967004391,"Bermuda"
-80,-58000,"AP0000033",1075591295.1325,1075.5912951325,4288.96967004391,"Bermuda"
-79,-59000,"AP0000027",1075229499.43204,1075.22949943204,4288.96967004391,"Bermuda"
-78,-60000,"AP0000032",1073777897.64023,1073.77789764023,4288.96967004391,"Bermuda"
-77,-61000,"AP0000037",1072869898.68898,1072.86989868898,4288.96967004391,"Bermuda"
-77,-62000,"AP0000037",1072869898.68898,1072.86989868898,4288.96967004391,"Bermuda"
-77,-63000,"AP0000037",1072869898.68898,1072.86989868898,4288.96967004391,"Bermuda"
-78,-64000,"AP0000032",1073777897.64023,1073.77789764023,4288.96967004391,"Bermuda"
-79,-65000,"AP0000027",1075229499.43204,1075.22949943204,4288.96967004391,"Bermuda"
-81,-66000,"AP0000026",1076315626.88474,1076.31562688474,4288.96967004391,"Bermuda"
-82,-67000,"AP0000034",1077586259.86823,1077.58625986823,4288.96967004391,"Bermuda"
-82,-68000,"AP0000034",1077586259.86823,1077.58625986823,4288.96967004391,"Bermuda"
-81,-69000,"AP0000026",1076315626.88474,1076.31562688474,4288.96967004391,"Bermuda"
-80,-70000,"AP0000033",1075591295.1325,1075.5912951325,4288.96967004391,"Bermuda"
-81,-71000,"AP0000026",1076315626.88474,1076.31562688474,4288.96967004391,"Bermuda"
-83,-72000,"AP0000036",1079581939.58763,1079.58193958763,4288.96967004391,"Bermuda"
-72,-73000,"AP0000030",1070148101.53605,1070.14810153605,4288.96967004391,"Bermuda"
-48,-74000,"AP0000038",1055096606.84298,1055.09660684298,4288.96967004391,"Bermuda"
-29,-75000,"AP0000039",1004720088.83939,1004.72008883939,4288.96967004391,"Bermuda"
-20,-76000,"AP0000040",877950137.518233,877.950137518233,4288.96967004391,"Bermuda"
-17,-77000,"AP0000041",752559893.604242,752.559893604242,4288.96967004391,"Bermuda"
-15,-78000,"AP0000042",565738260.755959,565.738260755959,4288.96967004391,"Bermuda"
-14,-79000,"AP0000043",519365292.946793,519.365292946793,4288.96967004391,"Bermuda"
-13,-80000,"AP0000044",414975976.584184,414.975976584184,4288.96967004391,"Bermuda"
-12,-81000,"AP0000045",349562383.334467,349.562383334467,4288.96967004391,"Bermuda"
-12,-82000,"AP0000045",349562383.334467,349.562383334467,4288.96967004391,"Bermuda"
-13,-83000,"AP0000044",414975976.584184,414.975976584184,4288.96967004391,"Bermuda"
-15,-84000,"AP0000042",565738260.755959,565.738260755959,4288.96967004391,"Bermuda"
-19,-85000,"AP0000046",833741662.515906,833.741662515906,4288.96967004391,"Bermuda"
-26,-86000,"AP0000047",982976598.967917,982.976598967917,4288.96967004391,"Bermuda"
-34,-87000,"AP0000048",1030267871.72369,1030.26787172369,4288.96967004391,"Bermuda"
-43,-88000,"AP0000049",1050383329.00727,1050.38332900727,4288.96967004391,"Bermuda"
-49,-89000,"AP0000050",1055277635.0418,1055.2776350418,4288.96967004391,"Bermuda"
-52,-90000,"AP0000008",1057453272.28261,1057.45327228261,4288.96967004391,"Bermuda"
-54,-91000,"AP0000051",1058903841.24098,1058.90384124098,4288.96967004391,"Bermuda"
-55,-92000,"AP0000052",1059448482.27696,1059.44848227696,4288.96967004391,"Bermuda"
-55,-93000,"AP0000052",1059448482.27696,1059.44848227696,4288.96967004391,"Bermuda"
-56,-94000,"AP0000053",1059629496.27441,1059.62949627441,4288.96967004391,"Bermuda"
-54,-95000,"AP0000051",1058903841.24098,1058.90384124098,4288.96967004391,"Bermuda"
-46,-96000,"AP0000054",1053284145.5491,1053.2841455491,4288.96967004391,"Bermuda"
-35,-97000,"AP0000055",1033893263.83849,1033.89326383849,4288.96967004391,"Bermuda"
-24,-98000,"AP0000006",966317264.848517,966.317264848517,4288.96967004391,"Bermuda"
-16,-99000,"AP0000056",686574745.663932,686.574745663932,4288.96967004391,"Bermuda"
-12,-1e+05,"AP0000045",349562383.334467,349.562383334467,4288.96967004391,"Bermuda"
-10,-101000,"AP0000057",244268447.380502,244.268447380502,4288.96967004391,"Bermuda"
-10,-102000,"AP0000057",244268447.380502,244.268447380502,4288.96967004391,"Bermuda"
-9,-103000,"AP0000058",191873994.467692,191.873994467692,4288.96967004391,"Bermuda"
-8,-104000,"AP0000059",167771891.29226,167.77189129226,4288.96967004391,"Bermuda"
-10,-105000,"AP0000057",244268447.380502,244.268447380502,4288.96967004391,"Bermuda"
-16,-106000,"AP0000056",686574745.663932,686.574745663932,4288.96967004391,"Bermuda"
-26,-107000,"AP0000047",982976598.967917,982.976598967917,4288.96967004391,"Bermuda"
-31,-108000,"AP0000060",1017039531.8824,1017.0395318824,4288.96967004391,"Bermuda"
-33,-109000,"AP0000061",1027006063.83145,1027.00606383145,4288.96967004391,"Bermuda"
-33,-110000,"AP0000061",1027006063.83145,1027.00606383145,4288.96967004391,"Bermuda"
-32,-111000,"AP0000062",1023018826.18038,1023.01882618038,4288.96967004391,"Bermuda"
-32,-112000,"AP0000062",1023018826.18038,1023.01882618038,4288.96967004391,"Bermuda"
-27,-113000,"AP0000063",989861208.962753,989.861208962753,4288.96967004391,"Bermuda"
-16,-114000,"AP0000056",686574745.663932,686.574745663932,4288.96967004391,"Bermuda"
-6,-115000,"AP0000064",128625801.000341,128.625801000341,4288.96967004391,"Bermuda"
0,-116000,"AP0000000",80773544.680793,80.773544680793,4288.96967004391,"Bermuda"
3,-117000,"AP0000065",67170290.8852258,67.1702908852258,4288.96967004391,"Bermuda"
5,-118000,"AP0000066",64447994.160332,64.447994160332,4288.96967004391,"Bermuda"
7,-119000,"AP0000067",61544223.384367,61.544223384367,4288.96967004391,"Bermuda"
9,-120000,"AP0000068",59002100.5372276,59.0021005372276,4288.96967004391,"Bermuda"
10,-121000,"AP0000069",57550714.1434889,57.5507141434889,4288.96967004391,"Bermuda"
10,-122000,"AP0000069",57550714.1434889,57.5507141434889,4288.96967004391,"Bermuda"
10,-123000,"AP0000069",57550714.1434889,57.5507141434889,4288.96967004391,"Bermuda"
9,-124000,"AP0000068",59002100.5372276,59.0021005372276,4288.96967004391,"Bermuda"
9,-125000,"AP0000068",59002100.5372276,59.0021005372276,4288.96967004391,"Bermuda"
10,-126000,"AP0000069",57550714.1434889,57.5507141434889,4288.96967004391,"Bermuda"
12,-127000,"AP0000070",54465762.3912868,54.4657623912869,4288.96967004391,"Bermuda"
10,-128000,"AP0000069",57550714.1434889,57.5507141434889,4288.96967004391,"Bermuda"
-3,-129000,"AP0000003",96545390.9425077,96.5453909425077,4288.96967004391,"Bermuda"
-27,-130000,"AP0000063",989861208.962753,989.861208962753,4288.96967004391,"Bermuda"
-28,-131000,"AP0000071",998559873.745916,998.559873745916,4288.96967004391,"Bermuda"
-26,-132000,"AP0000047",982976598.967917,982.976598967917,4288.96967004391,"Bermuda"
-24,-133000,"AP0000006",966317264.848517,966.317264848517,4288.96967004391,"Bermuda"
-22,-134000,"AP0000072",930105760.09791,930.10576009791,4288.96967004391,"Bermuda"
-20,-135000,"AP0000040",877950137.518233,877.950137518233,4288.96967004391,"Bermuda"
-18,-136000,"AP0000073",787537306.193305,787.537306193305,4288.96967004391,"Bermuda"
-19,-137000,"AP0000046",833741662.515906,833.741662515906,4288.96967004391,"Bermuda"
-22,-138000,"AP0000072",930105760.09791,930.10576009791,4288.96967004391,"Bermuda"
-28,-139000,"AP0000071",998559873.745916,998.559873745916,4288.96967004391,"Bermuda"
-44,-140000,"AP0000074",1051289619.78869,1051.28961978869,4288.96967004391,"Bermuda"
0,0,"AP0000000",7502426876.80394,7502.42687680394,105028.633128327,"Canaries"
-1,-1000,"AP0000001",7548649415.41449,7548.64941541449,105028.633128327,"Canaries"
-2,-2000,"AP0000002",7566555586.05556,7566.55558605556,105028.633128327,"Canaries"
-3,-3000,"AP0000003",7580309265.74903,7580.30926574903,105028.633128327,"Canaries"
-3,-4000,"AP0000003",7580309265.74903,7580.30926574903,105028.633128327,"Canaries"
-3,-5000,"AP0000003",7580309265.74903,7580.30926574903,105028.633128327,"Canaries"
-4,-6000,"AP0000004",7596324295.39138,7596.32429539138,105028.633128327,"Canaries"
-4,-7000,"AP0000004",7596324295.39138,7596.32429539138,105028.633128327,"Canaries"
-11,-8000,"AP0000005",7782613787.15674,7782.61378715674,105028.633128327,"Canaries"
-24,-9000,"AP0000006",8348468434.1391,8348.4684341391,105028.633128327,"Canaries"
-38,-10000,"AP0000007",9100129711.3767,9100.1297113767,105028.633128327,"Canaries"
-52,-11000,"AP0000008",9920271026.25702,9920.27102625702,105028.633128327,"Canaries"
-65,-12000,"AP0000009",10517647391.7482,10517.6473917482,105028.633128327,"Canaries"
-76,-13000,"AP0000010",10968111447.5614,10968.1114475614,105028.633128327,"Canaries"
-85,-14000,"AP0000011",11434325630.3219,11434.3256303219,105028.633128327,"Canaries"
-93,-15000,"AP0000012",11843260335.5353,11843.2603355353,105028.633128327,"Canaries"
-102,-16000,"AP0000013",12235373971.794,12235.373971794,105028.633128327,"Canaries"
-109,-17000,"AP0000014",12519050283.4359,12519.0502834359,105028.633128327,"Canaries"
-116,-18000,"AP0000015",12698192758.8051,12698.1927588051,105028.633128327,"Canaries"
-121,-19000,"AP0000016",12809443709.6886,12809.4437096886,105028.633128327,"Canaries"
-123,-20000,"AP0000017",12849986196.8805,12849.9861968805,105028.633128327,"Canaries"
-122,-21000,"AP0000018",12828110714.2342,12828.1107142342,105028.633128327,"Canaries"
-118,-22000,"AP0000019",12742496478.1,12742.4964781,105028.633128327,"Canaries"
-112,-23000,"AP0000020",12596357780.9665,12596.3577809665,105028.633128327,"Canaries"
-105,-24000,"AP0000021",12388420496.5565,12388.4204965565,105028.633128327,"Canaries"
-98,-25000,"AP0000022",12037325975.0822,12037.3259750822,105028.633128327,"Canaries"
-93,-26000,"AP0000012",11843260335.5353,11843.2603355353,105028.633128327,"Canaries"
-90,-27000,"AP0000023",11695171050.3014,11695.1710503014,105028.633128327,"Canaries"
-87,-28000,"AP0000024",11543096199.1433,11543.0961991433,105028.633128327,"Canaries"
-84,-29000,"AP0000025",11382287377.9341,11382.2873779341,105028.633128327,"Canaries"
-81,-30000,"AP0000026",11238161364.474,11238.161364474,105028.633128327,"Canaries"
-79,-31000,"AP0000027",11120446146.4233,11120.4461464233,105028.633128327,"Canaries"
-76,-32000,"AP0000010",10968111447.5614,10968.1114475614,105028.633128327,"Canaries"
-75,-33000,"AP0000028",10925178854.8341,10925.1788548341,105028.633128327,"Canaries"
-73,-34000,"AP0000029",10843121199.6902,10843.1211996902,105028.633128327,"Canaries"
-72,-35000,"AP0000030",10802094547.0331,10802.0945470331,105028.633128327,"Canaries"
-72,-36000,"AP0000030",10802094547.0331,10802.0945470331,105028.633128327,"Canaries"
-72,-37000,"AP0000030",10802094547.0331,10802.0945470331,105028.633128327,"Canaries"
-72,-38000,"AP0000030",10802094547.0331,10802.0945470331,105028.633128327,"Canaries"
-74,-39000,"AP0000031",10885080477.7668,10885.0804777668,105028.633128327,"Canaries"
-76,-40000,"AP0000010",10968111447.5614,10968.1114475614,105028.633128327,"Canaries"
-78,-41000,"AP0000032",11063271789.1786,11063.2717891786,105028.633128327,"Canaries"
-80,-42000,"AP0000033",11185369387.5967,11185.3693875967,105028.633128327,"Canaries"
-82,-43000,"AP0000034",11282991586.087,11282.991586087,105028.633128327,"Canaries"
-84,-44000,"AP0000025",11382287377.9341,11382.2873779341,105028.633128327,"Canaries"
-85,-45000,"AP0000011",11434325630.3219,11434.3256303219,105028.633128327,"Canaries"
-86,-46000,"AP0000035",11490136665.5608,11490.1366655608,105028.633128327,"Canaries"
-86,-47000,"AP0000035",11490136665.5608,11490.1366655608,105028.633128327,"Canaries"
-86,-48000,"AP0000035",11490136665.5608,11490.1366655608,105028.633128327,"Canaries"
-86,-49000,"AP0000035",11490136665.5608,11490.1366655608,105028.633128327,"Canaries"
-86,-50000,"AP0000035",11490136665.5608,11490.1366655608,105028.633128327,"Canaries"
-86,-51000,"AP0000035",11490136665.5608,11490.1366655608,105028.633128327,"Canaries"
-85,-52000,"AP0000011",11434325630.3219,11434.3256303219,105028.633128327,"Canaries"
-85,-53000,"AP0000011",11434325630.3219,11434.3256303219,105028.633128327,"Canaries"
-85,-54000,"AP0000011",11434325630.3219,11434.3256303219,105028.633128327,"Canaries"
-84,-55000,"AP0000025",11382287377.9341,11382.2873779341,105028.633128327,"Canaries"
-83,-56000,"AP0000036",11329715123.8421,11329.7151238421,105028.633128327,"Canaries"
-82,-57000,"AP0000034",11282991586.087,11282.991586087,105028.633128327,"Canaries"
-80,-58000,"AP0000033",11185369387.5967,11185.3693875967,105028.633128327,"Canaries"
-79,-59000,"AP0000027",11120446146.4233,11120.4461464233,105028.633128327,"Canaries"
-78,-60000,"AP0000032",11063271789.1786,11063.2717891786,105028.633128327,"Canaries"
-77,-61000,"AP0000037",11019732484.6082,11019.7324846082,105028.633128327,"Canaries"
-77,-62000,"AP0000037",11019732484.6082,11019.7324846082,105028.633128327,"Canaries"
-77,-63000,"AP0000037",11019732484.6082,11019.7324846082,105028.633128327,"Canaries"
-78,-64000,"AP0000032",11063271789.1786,11063.2717891786,105028.633128327,"Canaries"
-79,-65000,"AP0000027",11120446146.4233,11120.4461464233,105028.633128327,"Canaries"
-81,-66000,"AP0000026",11238161364.474,11238.161364474,105028.633128327,"Canaries"
-82,-67000,"AP0000034",11282991586.087,11282.991586087,105028.633128327,"Canaries"
-82,-68000,"AP0000034",11282991586.087,11282.991586087,105028.633128327,"Canaries"
-81,-69000,"AP0000026",11238161364.474,11238.161364474,105028.633128327,"Canaries"
-80,-70000,"AP0000033",11185369387.5967,11185.3693875967,105028.633128327,"Canaries"
-81,-71000,"AP0000026",11238161364.474,11238.161364474,105028.633128327,"Canaries"
-83,-72000,"AP0000036",11329715123.8421,11329.7151238421,105028.633128327,"Canaries"
-72,-73000,"AP0000030",10802094547.0331,10802.0945470331,105028.633128327,"Canaries"
-48,-74000,"AP0000038",9644664448.68834,9644.66444868834,105028.633128327,"Canaries"
-29,-75000,"AP0000039",8620522788.68391,8620.52278868391,105028.633128327,"Canaries"
-20,-76000,"AP0000040",8147211051.00614,8147.21105100614,105028.633128327,"Canaries"
-17,-77000,"AP0000041",8002641674.74977,8002.64167474977,105028.633128327,"Canaries"
-15,-78000,"AP0000042",7918642704.02053,7918.64270402053,105028.633128327,"Canaries"
-14,-79000,"AP0000043",7882219523.77997,7882.21952377998,105028.633128327,"Canaries"
-13,-80000,"AP0000044",7843147455.84055,7843.14745584055,105028.633128327,"Canaries"
-12,-81000,"AP0000045",7810323082.42008,7810.32308242008,105028.633128327,"Canaries"
-12,-82000,"AP0000045",7810323082.42008,7810.32308242008,105028.633128327,"Canaries"
-13,-83000,"AP0000044",7843147455.84055,7843.14745584055,105028.633128327,"Canaries"
-15,-84000,"AP0000042",7918642704.02053,7918.64270402053,105028.633128327,"Canaries"
-19,-85000,"AP0000046",8100773862.08993,8100.77386208993,105028.633128327,"Canaries"
-26,-86000,"AP0000047",8462049582.76163,8462.04958276163,105028.633128327,"Canaries"
-34,-87000,"AP0000048",8881804787.33553,8881.80478733553,105028.633128327,"Canaries"
-43,-88000,"AP0000049",9378069992.43141,9378.06999243141,105028.633128327,"Canaries"
-49,-89000,"AP0000050",9707697350.1259,9707.6973501259,105028.633128327,"Canaries"
-52,-90000,"AP0000008",9920271026.25702,9920.27102625702,105028.633128327,"Canaries"
-54,-91000,"AP0000051",10015994851.8059,10015.9948518059,105028.633128327,"Canaries"
-55,-92000,"AP0000052",10062450110.8613,10062.4501108613,105028.633128327,"Canaries"
-55,-93000,"AP0000052",10062450110.8613,10062.4501108613,105028.633128327,"Canaries"
-56,-94000,"AP0000053",10100763333.855,10100.763333855,105028.633128327,"Canaries"
-54,-95000,"AP0000051",10015994851.8059,10015.9948518059,105028.633128327,"Canaries"
-46,-96000,"AP0000054",9535720071.794,9535.720071794,105028.633128327,"Canaries"
-35,-97000,"AP0000055",8939147808.94989,8939.14780894989,105028.633128327,"Canaries"
-24,-98000,"AP0000006",8348468434.1391,8348.4684341391,105028.633128327,"Canaries"
-16,-99000,"AP0000056",7961480119.83975,7961.48011983975,105028.633128327,"Canaries"
-12,-1e+05,"AP0000045",7810323082.42008,7810.32308242008,105028.633128327,"Canaries"
-10,-101000,"AP0000057",7750922743.66271,7750.92274366271,105028.633128327,"Canaries"
-10,-102000,"AP0000057",7750922743.66271,7750.92274366271,105028.633128327,"Canaries"
-9,-103000,"AP0000058",7723206413.31254,7723.20641331254,105028.633128327,"Canaries"
-8,-104000,"AP0000059",7696440825.61913,7696.44082561913,105028.633128327,"Canaries"
-10,-105000,"AP0000057",7750922743.66271,7750.92274366271,105028.633128327,"Canaries"
-16,-106000,"AP0000056",7961480119.83975,7961.48011983975,105028.633128327,"Canaries"
-26,-107000,"AP0000047",8462049582.76163,8462.04958276163,105028.633128327,"Canaries"
-31,-108000,"AP0000060",8731644758.4553,8731.6447584553,105028.633128327,"Canaries"
-33,-109000,"AP0000061",8834655634.37087,8834.65563437087,105028.633128327,"Canaries"
-33,-110000,"AP0000061",8834655634.37087,8834.65563437087,105028.633128327,"Canaries"
-32,-111000,"AP0000062",8787303345.30726,8787.30334530726,105028.633128327,"Canaries"
-32,-112000,"AP0000062",8787303345.30726,8787.30334530726,105028.633128327,"Canaries"
-27,-113000,"AP0000063",8516187913.7957,8516.1879137957,105028.633128327,"Canaries"
-16,-114000,"AP0000056",7961480119.83975,7961.48011983975,105028.633128327,"Canaries"
-6,-115000,"AP0000064",7642703923.44209,7642.70392344209,105028.633128327,"Canaries"
0,-116000,"AP0000000",7502426876.80394,7502.42687680394,105028.633128327,"Canaries"
3,-117000,"AP0000065",7479781296.04718,7479.78129604718,105028.633128327,"Canaries"
5,-118000,"AP0000066",7459801195.36364,7459.80119536364,105028.633128327,"Canaries"
7,-119000,"AP0000067",7426612188.82106,7426.61218882106,105028.633128327,"Canaries"
9,-120000,"AP0000068",7394033730.93768,7394.03373093768,105028.633128327,"Canaries"
10,-121000,"AP0000069",7375559166.69975,7375.55916669975,105028.633128327,"Canaries"
10,-122000,"AP0000069",7375559166.69975,7375.55916669975,105028.633128327,"Canaries"
10,-123000,"AP0000069",7375559166.69975,7375.55916669975,105028.633128327,"Canaries"
9,-124000,"AP0000068",7394033730.93768,7394.03373093768,105028.633128327,"Canaries"
9,-125000,"AP0000068",7394033730.93768,7394.03373093768,105028.633128327,"Canaries"
10,-126000,"AP0000069",7375559166.69975,7375.55916669975,105028.633128327,"Canaries"
12,-127000,"AP0000070",7339010303.37586,7339.01030337586,105028.633128327,"Canaries"
10,-128000,"AP0000069",7375559166.69975,7375.55916669975,105028.633128327,"Canaries"
-3,-129000,"AP0000003",7580309265.74903,7580.30926574903,105028.633128327,"Canaries"
-27,-130000,"AP0000063",8516187913.7957,8516.1879137957,105028.633128327,"Canaries"
-28,-131000,"AP0000071",8566200668.62873,8566.20066862873,105028.633128327,"Canaries"
-26,-132000,"AP0000047",8462049582.76163,8462.04958276163,105028.633128327,"Canaries"
-24,-133000,"AP0000006",8348468434.1391,8348.4684341391,105028.633128327,"Canaries"
-22,-134000,"AP0000072",8243673278.33148,8243.67327833148,105028.633128327,"Canaries"
-20,-135000,"AP0000040",8147211051.00614,8147.21105100614,105028.633128327,"Canaries"
-18,-136000,"AP0000073",8049637009.88473,8049.63700988473,105028.633128327,"Canaries"
-19,-137000,"AP0000046",8100773862.08993,8100.77386208993,105028.633128327,"Canaries"
-22,-138000,"AP0000072",8243673278.33148,8243.67327833148,105028.633128327,"Canaries"
-28,-139000,"AP0000071",8566200668.62873,8566.20066862873,105028.633128327,"Canaries"
-44,-140000,"AP0000074",9427902582.90032,9427.90258290032,105028.633128327,"Canaries"
0,0,"AP0000000",4510227330.13061,4510.22733013061,78463.97818907,"Cape_Verde"
-1,-1000,"AP0000001",4573820142.49391,4573.82014249391,78463.97818907,"Cape_Verde"
-2,-2000,"AP0000002",4584923716.4199,4584.9237164199,78463.97818907,"Cape_Verde"
-3,-3000,"AP0000003",4601379007.13865,4601.37900713865,78463.97818907,"Cape_Verde"
-3,-4000,"AP0000003",4601379007.13865,4601.37900713865,78463.97818907,"Cape_Verde"
-3,-5000,"AP0000003",4601379007.13865,4601.37900713865,78463.97818907,"Cape_Verde"
-4,-6000,"AP0000004",4616599607.88608,4616.59960788608,78463.97818907,"Cape_Verde"
-4,-7000,"AP0000004",4616599607.88608,4616.59960788608,78463.97818907,"Cape_Verde"
-11,-8000,"AP0000005",4735658529.40852,4735.65852940852,78463.97818907,"Cape_Verde"
-24,-9000,"AP0000006",4932571267.74699,4932.57126774699,78463.97818907,"Cape_Verde"
-38,-10000,"AP0000007",5142740171.91009,5142.74017191009,78463.97818907,"Cape_Verde"
-52,-11000,"AP0000008",5350245604.12843,5350.24560412843,78463.97818907,"Cape_Verde"
-65,-12000,"AP0000009",5628733626.57316,5628.73362657316,78463.97818907,"Cape_Verde"
-76,-13000,"AP0000010",5911111498.98187,5911.11149898187,78463.97818907,"Cape_Verde"
-85,-14000,"AP0000011",6146691292.29456,6146.69129229456,78463.97818907,"Cape_Verde"
-93,-15000,"AP0000012",6312615451.9555,6312.6154519555,78463.97818907,"Cape_Verde"
-102,-16000,"AP0000013",6475267002.20977,6475.26700220977,78463.97818907,"Cape_Verde"
-109,-17000,"AP0000014",6591650839.84283,6591.65083984283,78463.97818907,"Cape_Verde"
-116,-18000,"AP0000015",6779098084.64184,6779.09808464184,78463.97818907,"Cape_Verde"
-121,-19000,"AP0000016",6848203435.62504,6848.20343562504,78463.97818907,"Cape_Verde"
-123,-20000,"AP0000017",6873906780.36722,6873.90678036722,78463.97818907,"Cape_Verde"
-122,-21000,"AP0000018",6859310858.56176,6859.31085856176,78463.97818907,"Cape_Verde"
-118,-22000,"AP0000019",6807070417.99218,6807.07041799217,78463.97818907,"Cape_Verde"
-112,-23000,"AP0000020",6722335840.75973,6722.33584075973,78463.97818907,"Cape_Verde"
-105,-24000,"AP0000021",6526062786.68636,6526.06278668636,78463.97818907,"Cape_Verde"
-98,-25000,"AP0000022",6407835414.85509,6407.83541485509,78463.97818907,"Cape_Verde"
-93,-26000,"AP0000012",6312615451.9555,6312.6154519555,78463.97818907,"Cape_Verde"
-90,-27000,"AP0000023",6252356154.89217,6252.35615489217,78463.97818907,"Cape_Verde"
-87,-28000,"AP0000024",6191720025.74656,6191.72002574656,78463.97818907,"Cape_Verde"
-84,-29000,"AP0000025",6121835291.60746,6121.83529160746,78463.97818907,"Cape_Verde"
-81,-30000,"AP0000026",6041683960.11067,6041.68396011067,78463.97818907,"Cape_Verde"
-79,-31000,"AP0000027",5987598947.97936,5987.59894797936,78463.97818907,"Cape_Verde"
-76,-32000,"AP0000010",5911111498.98187,5911.11149898187,78463.97818907,"Cape_Verde"
-75,-33000,"AP0000028",5884174610.59704,5884.17461059704,78463.97818907,"Cape_Verde"
-73,-34000,"AP0000029",5826999218.75984,5826.99921875984,78463.97818907,"Cape_Verde"
-72,-35000,"AP0000030",5798201703.21533,5798.20170321533,78463.97818907,"Cape_Verde"
-72,-36000,"AP0000030",5798201703.21533,5798.20170321533,78463.97818907,"Cape_Verde"
-72,-37000,"AP0000030",5798201703.21533,5798.20170321533,78463.97818907,"Cape_Verde"
-72,-38000,"AP0000030",5798201703.21533,5798.20170321533,78463.97818907,"Cape_Verde"
-74,-39000,"AP0000031",5851677869.34369,5851.67786934369,78463.97818907,"Cape_Verde"
-76,-40000,"AP0000010",5911111498.98187,5911.11149898187,78463.97818907,"Cape_Verde"
-78,-41000,"AP0000032",5962728236.54806,5962.72823654806,78463.97818907,"Cape_Verde"
-80,-42000,"AP0000033",6018656821.57178,6018.65682157178,78463.97818907,"Cape_Verde"
-82,-43000,"AP0000034",6068814555.08618,6068.81455508618,78463.97818907,"Cape_Verde"
-84,-44000,"AP0000025",6121835291.60746,6121.83529160746,78463.97818907,"Cape_Verde"
-85,-45000,"AP0000011",6146691292.29456,6146.69129229456,78463.97818907,"Cape_Verde"
-86,-46000,"AP0000035",6169098888.42491,6169.0988884249,78463.97818907,"Cape_Verde"
-86,-47000,"AP0000035",6169098888.42491,6169.0988884249,78463.97818907,"Cape_Verde"
-86,-48000,"AP0000035",6169098888.42491,6169.0988884249,78463.97818907,"Cape_Verde"
-86,-49000,"AP0000035",6169098888.42491,6169.0988884249,78463.97818907,"Cape_Verde"
-86,-50000,"AP0000035",6169098888.42491,6169.0988884249,78463.97818907,"Cape_Verde"
-86,-51000,"AP0000035",6169098888.42491,6169.0988884249,78463.97818907,"Cape_Verde"
-85,-52000,"AP0000011",6146691292.29456,6146.69129229456,78463.97818907,"Cape_Verde"
-85,-53000,"AP0000011",6146691292.29456,6146.69129229456,78463.97818907,"Cape_Verde"
-85,-54000,"AP0000011",6146691292.29456,6146.69129229456,78463.97818907,"Cape_Verde"
-84,-55000,"AP0000025",6121835291.60746,6121.83529160746,78463.97818907,"Cape_Verde"
-83,-56000,"AP0000036",6094920485.57041,6094.92048557041,78463.97818907,"Cape_Verde"
-82,-57000,"AP0000034",6068814555.08618,6068.81455508618,78463.97818907,"Cape_Verde"
-80,-58000,"AP0000033",6018656821.57178,6018.65682157178,78463.97818907,"Cape_Verde"
-79,-59000,"AP0000027",5987598947.97936,5987.59894797936,78463.97818907,"Cape_Verde"
-78,-60000,"AP0000032",5962728236.54806,5962.72823654806,78463.97818907,"Cape_Verde"
-77,-61000,"AP0000037",5937229486.68885,5937.22948668885,78463.97818907,"Cape_Verde"
-77,-62000,"AP0000037",5937229486.68885,5937.22948668885,78463.97818907,"Cape_Verde"
-77,-63000,"AP0000037",5937229486.68885,5937.22948668885,78463.97818907,"Cape_Verde"
-78,-64000,"AP0000032",5962728236.54806,5962.72823654806,78463.97818907,"Cape_Verde"
-79,-65000,"AP0000027",5987598947.97936,5987.59894797936,78463.97818907,"Cape_Verde"
-81,-66000,"AP0000026",6041683960.11067,6041.68396011067,78463.97818907,"Cape_Verde"
-82,-67000,"AP0000034",6068814555.08618,6068.81455508618,78463.97818907,"Cape_Verde"
-82,-68000,"AP0000034",6068814555.08618,6068.81455508618,78463.97818907,"Cape_Verde"
-81,-69000,"AP0000026",6041683960.11067,6041.68396011067,78463.97818907,"Cape_Verde"
-80,-70000,"AP0000033",6018656821.57178,6018.65682157178,78463.97818907,"Cape_Verde"
-81,-71000,"AP0000026",6041683960.11067,6041.68396011067,78463.97818907,"Cape_Verde"
-83,-72000,"AP0000036",6094920485.57041,6094.92048557041,78463.97818907,"Cape_Verde"
-72,-73000,"AP0000030",5798201703.21533,5798.20170321533,78463.97818907,"Cape_Verde"
-48,-74000,"AP0000038",5289155195.95459,5289.15519595459,78463.97818907,"Cape_Verde"
-29,-75000,"AP0000039",4998368771.45336,4998.36877145336,78463.97818907,"Cape_Verde"
-20,-76000,"AP0000040",4879732077.41466,4879.73207741466,78463.97818907,"Cape_Verde"
-17,-77000,"AP0000041",4841489457.46734,4841.48945746734,78463.97818907,"Cape_Verde"
-15,-78000,"AP0000042",4807184476.3678,4807.1844763678,78463.97818907,"Cape_Verde"
-14,-79000,"AP0000043",4787862981.52915,4787.86298152915,78463.97818907,"Cape_Verde"
-13,-80000,"AP0000044",4771624519.00394,4771.62451900394,78463.97818907,"Cape_Verde"
-12,-81000,"AP0000045",4751073255.76644,4751.07325576644,78463.97818907,"Cape_Verde"
-12,-82000,"AP0000045",4751073255.76644,4751.07325576644,78463.97818907,"Cape_Verde"
-13,-83000,"AP0000044",4771624519.00394,4771.62451900394,78463.97818907,"Cape_Verde"
-15,-84000,"AP0000042",4807184476.3678,4807.1844763678,78463.97818907,"Cape_Verde"
-19,-85000,"AP0000046",4867391790.25474,4867.39179025474,78463.97818907,"Cape_Verde"
-26,-86000,"AP0000047",4958063761.65687,4958.06376165687,78463.97818907,"Cape_Verde"
-34,-87000,"AP0000048",5068908317.73238,5068.90831773238,78463.97818907,"Cape_Verde"
-43,-88000,"AP0000049",5219235378.97087,5219.23537897087,78463.97818907,"Cape_Verde"
-49,-89000,"AP0000050",5302728507.41413,5302.72850741413,78463.97818907,"Cape_Verde"
-52,-90000,"AP0000008",5350245604.12843,5350.24560412843,78463.97818907,"Cape_Verde"
-54,-91000,"AP0000051",5385823815.1318,5385.8238151318,78463.97818907,"Cape_Verde"
-55,-92000,"AP0000052",5406598090.37416,5406.59809037416,78463.97818907,"Cape_Verde"
-55,-93000,"AP0000052",5406598090.37416,5406.59809037416,78463.97818907,"Cape_Verde"
-56,-94000,"AP0000053",5425735312.89992,5425.73531289992,78463.97818907,"Cape_Verde"
-54,-95000,"AP0000051",5385823815.1318,5385.8238151318,78463.97818907,"Cape_Verde"
-46,-96000,"AP0000054",5260980174.34313,5260.98017434313,78463.97818907,"Cape_Verde"
-35,-97000,"AP0000055",5083101296.20446,5083.10129620446,78463.97818907,"Cape_Verde"
-24,-98000,"AP0000006",4932571267.74699,4932.57126774699,78463.97818907,"Cape_Verde"
-16,-99000,"AP0000056",4821574509.63664,4821.57450963664,78463.97818907,"Cape_Verde"
-12,-1e+05,"AP0000045",4751073255.76644,4751.07325576644,78463.97818907,"Cape_Verde"
-10,-101000,"AP0000057",4719219768.72299,4719.21976872299,78463.97818907,"Cape_Verde"
-10,-102000,"AP0000057",4719219768.72299,4719.21976872299,78463.97818907,"Cape_Verde"
-9,-103000,"AP0000058",4704004699.33928,4704.00469933928,78463.97818907,"Cape_Verde"
-8,-104000,"AP0000059",4685713838.45958,4685.71383845958,78463.97818907,"Cape_Verde"
-10,-105000,"AP0000057",4719219768.72299,4719.21976872299,78463.97818907,"Cape_Verde"
-16,-106000,"AP0000056",4821574509.63664,4821.57450963664,78463.97818907,"Cape_Verde"
-26,-107000,"AP0000047",4958063761.65687,4958.06376165687,78463.97818907,"Cape_Verde"
-31,-108000,"AP0000060",5023049194.36179,5023.04919436179,78463.97818907,"Cape_Verde"
-33,-109000,"AP0000061",5051838488.96357,5051.83848896357,78463.97818907,"Cape_Verde"
-33,-110000,"AP0000061",5051838488.96357,5051.83848896357,78463.97818907,"Cape_Verde"
-32,-111000,"AP0000062",5038471946.21665,5038.47194621665,78463.97818907,"Cape_Verde"
-32,-112000,"AP0000062",5038471946.21665,5038.47194621665,78463.97818907,"Cape_Verde"
-27,-113000,"AP0000063",4971847252.61753,4971.84725261753,78463.97818907,"Cape_Verde"
-16,-114000,"AP0000056",4821574509.63664,4821.57450963664,78463.97818907,"Cape_Verde"
-6,-115000,"AP0000064",4646419867.012,4646.419867012,78463.97818907,"Cape_Verde"
0,-116000,"AP0000000",4510227330.13061,4510.22733013061,78463.97818907,"Cape_Verde"
3,-117000,"AP0000065",4403580564.34355,4403.58056434355,78463.97818907,"Cape_Verde"
5,-118000,"AP0000066",4312094462.73105,4312.09446273105,78463.97818907,"Cape_Verde"
7,-119000,"AP0000067",4232553920.16707,4232.55392016707,78463.97818907,"Cape_Verde"
9,-120000,"AP0000068",4165156855.56479,4165.15685556479,78463.97818907,"Cape_Verde"
10,-121000,"AP0000069",4134538807.7646,4134.5388077646,78463.97818907,"Cape_Verde"
10,-122000,"AP0000069",4134538807.7646,4134.5388077646,78463.97818907,"Cape_Verde"
10,-123000,"AP0000069",4134538807.7646,4134.5388077646,78463.97818907,"Cape_Verde"
9,-124000,"AP0000068",4165156855.56479,4165.15685556479,78463.97818907,"Cape_Verde"
9,-125000,"AP0000068",4165156855.56479,4165.15685556479,78463.97818907,"Cape_Verde"
10,-126000,"AP0000069",4134538807.7646,4134.5388077646,78463.97818907,"Cape_Verde"
12,-127000,"AP0000070",4069136668.85492,4069.13666885492,78463.97818907,"Cape_Verde"
10,-128000,"AP0000069",4134538807.7646,4134.5388077646,78463.97818907,"Cape_Verde"
-3,-129000,"AP0000003",4601379007.13865,4601.37900713865,78463.97818907,"Cape_Verde"
-27,-130000,"AP0000063",4971847252.61753,4971.84725261753,78463.97818907,"Cape_Verde"
-28,-131000,"AP0000071",4987061066.25665,4987.06106625665,78463.97818907,"Cape_Verde"
-26,-132000,"AP0000047",4958063761.65687,4958.06376165687,78463.97818907,"Cape_Verde"
-24,-133000,"AP0000006",4932571267.74699,4932.57126774699,78463.97818907,"Cape_Verde"
-22,-134000,"AP0000072",4904003858.98681,4904.00385898681,78463.97818907,"Cape_Verde"
-20,-135000,"AP0000040",4879732077.41466,4879.73207741466,78463.97818907,"Cape_Verde"
-18,-136000,"AP0000073",4854440067.18397,4854.44006718397,78463.97818907,"Cape_Verde"
-19,-137000,"AP0000046",4867391790.25474,4867.39179025474,78463.97818907,"Cape_Verde"
-22,-138000,"AP0000072",4904003858.98681,4904.00385898681,78463.97818907,"Cape_Verde"
-28,-139000,"AP0000071",4987061066.25665,4987.06106625665,78463.97818907,"Cape_Verde"
-44,-140000,"AP0000074",5230958311.79252,5230.95831179252,78463.97818907,"Cape_Verde"
0,0,"AP0000000",679547045.783395,679.547045783395,79633.3237677031,"Chagos"
-1,-1000,"AP0000001",699947709.283618,699.947709283618,79633.3237677031,"Chagos"
-2,-2000,"AP0000002",726501789.33709,726.50178933709,79633.3237677031,"Chagos"
-3,-3000,"AP0000003",754123929.74561,754.12392974561,79633.3237677031,"Chagos"
-3,-4000,"AP0000003",754123929.74561,754.12392974561,79633.3237677031,"Chagos"
-3,-5000,"AP0000003",754123929.74561,754.12392974561,79633.3237677031,"Chagos"
-4,-6000,"AP0000004",793856629.984035,793.856629984036,79633.3237677031,"Chagos"
-4,-7000,"AP0000004",793856629.984035,793.856629984036,79633.3237677031,"Chagos"
-11,-8000,"AP0000005",1502856803.49713,1502.85680349713,79633.3237677031,"Chagos"
-24,-9000,"AP0000006",17748341740.7495,17748.3417407495,79633.3237677031,"Chagos"
-38,-10000,"AP0000007",18184878143.6861,18184.8781436861,79633.3237677031,"Chagos"
-52,-11000,"AP0000008",18686642975.3554,18686.6429753554,79633.3237677031,"Chagos"
-65,-12000,"AP0000009",18839288875.8934,18839.2888758934,79633.3237677031,"Chagos"
-76,-13000,"AP0000010",19116194415.4572,19116.1944154572,79633.3237677031,"Chagos"
-85,-14000,"AP0000011",19355489773.6729,19355.4897736729,79633.3237677031,"Chagos"
-93,-15000,"AP0000012",19558856391.7142,19558.8563917142,79633.3237677031,"Chagos"
-102,-16000,"AP0000013",19770481247.4573,19770.4812474573,79633.3237677031,"Chagos"
-109,-17000,"AP0000014",19940926423.9027,19940.9264239027,79633.3237677031,"Chagos"
-116,-18000,"AP0000015",20112175411.8384,20112.1754118384,79633.3237677031,"Chagos"
-121,-19000,"AP0000016",20228615367.3805,20228.6153673805,79633.3237677031,"Chagos"
-123,-20000,"AP0000017",20278974512.3051,20278.9745123051,79633.3237677031,"Chagos"
-122,-21000,"AP0000018",20254537141.3956,20254.5371413956,79633.3237677031,"Chagos"
-118,-22000,"AP0000019",20157012168.3492,20157.0121683492,79633.3237677031,"Chagos"
-112,-23000,"AP0000020",20020597452.5664,20020.5974525664,79633.3237677031,"Chagos"
-105,-24000,"AP0000021",19842961489.7455,19842.9614897455,79633.3237677031,"Chagos"
-98,-25000,"AP0000022",19674231336.5377,19674.2313365377,79633.3237677031,"Chagos"
-93,-26000,"AP0000012",19558856391.7142,19558.8563917142,79633.3237677031,"Chagos"
-90,-27000,"AP0000023",19480014614.4443,19480.0146144443,79633.3237677031,"Chagos"
-87,-28000,"AP0000024",19404151773.6093,19404.1517736093,79633.3237677031,"Chagos"
-84,-29000,"AP0000025",19329775948.7324,19329.7759487324,79633.3237677031,"Chagos"
-81,-30000,"AP0000026",19249444414.1748,19249.4444141748,79633.3237677031,"Chagos"
-79,-31000,"AP0000027",19198009524.9284,19198.0095249284,79633.3237677031,"Chagos"
-76,-32000,"AP0000010",19116194415.4572,19116.1944154572,79633.3237677031,"Chagos"
-75,-33000,"AP0000028",19095152422.5411,19095.1524225411,79633.3237677031,"Chagos"
-73,-34000,"AP0000029",19045645564.2399,19045.6455642399,79633.3237677031,"Chagos"
-72,-35000,"AP0000030",19039899993.2629,19039.8999932629,79633.3237677031,"Chagos"
-72,-36000,"AP0000030",19039899993.2629,19039.8999932629,79633.3237677031,"Chagos"
-72,-37000,"AP0000030",19039899993.2629,19039.8999932629,79633.3237677031,"Chagos"
-72,-38000,"AP0000030",19039899993.2629,19039.8999932629,79633.3237677031,"Chagos"
-74,-39000,"AP0000031",19069655438.5216,19069.6554385216,79633.3237677031,"Chagos"
-76,-40000,"AP0000010",19116194415.4572,19116.1944154572,79633.3237677031,"Chagos"
-78,-41000,"AP0000032",19170596769.5531,19170.5967695531,79633.3237677031,"Chagos"
-80,-42000,"AP0000033",19220962852.4436,19220.9628524436,79633.3237677031,"Chagos"
-82,-43000,"AP0000034",19276216367.0151,19276.2163670151,79633.3237677031,"Chagos"
-84,-44000,"AP0000025",19329775948.7324,19329.7759487324,79633.3237677031,"Chagos"
-85,-45000,"AP0000011",19355489773.6729,19355.4897736729,79633.3237677031,"Chagos"
-86,-46000,"AP0000035",19379715843.4041,19379.7158434041,79633.3237677031,"Chagos"
-86,-47000,"AP0000035",19379715843.4041,19379.7158434041,79633.3237677031,"Chagos"
-86,-48000,"AP0000035",19379715843.4041,19379.7158434041,79633.3237677031,"Chagos"
-86,-49000,"AP0000035",19379715843.4041,19379.7158434041,79633.3237677031,"Chagos"
-86,-50000,"AP0000035",19379715843.4041,19379.7158434041,79633.3237677031,"Chagos"
-86,-51000,"AP0000035",19379715843.4041,19379.7158434041,79633.3237677031,"Chagos"
-85,-52000,"AP0000011",19355489773.6729,19355.4897736729,79633.3237677031,"Chagos"
-85,-53000,"AP0000011",19355489773.6729,19355.4897736729,79633.3237677031,"Chagos"
-85,-54000,"AP0000011",19355489773.6729,19355.4897736729,79633.3237677031,"Chagos"
-84,-55000,"AP0000025",19329775948.7324,19329.7759487324,79633.3237677031,"Chagos"
-83,-56000,"AP0000036",19304057037.6782,19304.0570376782,79633.3237677031,"Chagos"
-82,-57000,"AP0000034",19276216367.0151,19276.2163670151,79633.3237677031,"Chagos"
-80,-58000,"AP0000033",19220962852.4436,19220.9628524436,79633.3237677031,"Chagos"
-79,-59000,"AP0000027",19198009524.9284,19198.0095249284,79633.3237677031,"Chagos"
-78,-60000,"AP0000032",19170596769.5531,19170.5967695531,79633.3237677031,"Chagos"
-77,-61000,"AP0000037",19140635066.592,19140.635066592,79633.3237677031,"Chagos"
-77,-62000,"AP0000037",19140635066.592,19140.635066592,79633.3237677031,"Chagos"
-77,-63000,"AP0000037",19140635066.592,19140.635066592,79633.3237677031,"Chagos"
-78,-64000,"AP0000032",19170596769.5531,19170.5967695531,79633.3237677031,"Chagos"
-79,-65000,"AP0000027",19198009524.9284,19198.0095249284,79633.3237677031,"Chagos"
-81,-66000,"AP0000026",19249444414.1748,19249.4444141748,79633.3237677031,"Chagos"
-82,-67000,"AP0000034",19276216367.0151,19276.2163670151,79633.3237677031,"Chagos"
-82,-68000,"AP0000034",19276216367.0151,19276.2163670151,79633.3237677031,"Chagos"
-81,-69000,"AP0000026",19249444414.1748,19249.4444141748,79633.3237677031,"Chagos"
-80,-70000,"AP0000033",19220962852.4436,19220.9628524436,79633.3237677031,"Chagos"
-81,-71000,"AP0000026",19249444414.1748,19249.4444141748,79633.3237677031,"Chagos"
-83,-72000,"AP0000036",19304057037.6782,19304.0570376782,79633.3237677031,"Chagos"
-72,-73000,"AP0000030",19039899993.2629,19039.8999932629,79633.3237677031,"Chagos"
-48,-74000,"AP0000038",18560400147.8868,18560.4001478868,79633.3237677031,"Chagos"
-29,-75000,"AP0000039",18008459050.595,18008.459050595,79633.3237677031,"Chagos"
-20,-76000,"AP0000040",10910342097.6843,10910.3420976843,79633.3237677031,"Chagos"
-17,-77000,"AP0000041",6126493329.63267,6126.49332963267,79633.3237677031,"Chagos"
-15,-78000,"AP0000042",3709655362.23113,3709.65536223113,79633.3237677031,"Chagos"
-14,-79000,"AP0000043",2777864667.37164,2777.86466737164,79633.3237677031,"Chagos"
-13,-80000,"AP0000044",2176331145.14352,2176.33114514352,79633.3237677031,"Chagos"
-12,-81000,"AP0000045",1760296722.20783,1760.29672220783,79633.3237677031,"Chagos"
-12,-82000,"AP0000045",1760296722.20783,1760.29672220783,79633.3237677031,"Chagos"
-13,-83000,"AP0000044",2176331145.14352,2176.33114514352,79633.3237677031,"Chagos"
-15,-84000,"AP0000042",3709655362.23113,3709.65536223113,79633.3237677031,"Chagos"
-19,-85000,"AP0000046",9731697480.93216,9731.69748093216,79633.3237677031,"Chagos"
-26,-86000,"AP0000047",17866079882.7383,17866.0798827383,79633.3237677031,"Chagos"
-34,-87000,"AP0000048",18210775678.2203,18210.7756782203,79633.3237677031,"Chagos"
-43,-88000,"AP0000049",18377633704.2083,18377.6337042083,79633.3237677031,"Chagos"
-49,-89000,"AP0000050",18575291412.3123,18575.2914123123,79633.3237677031,"Chagos"
-52,-90000,"AP0000008",18686642975.3554,18686.6429753554,79633.3237677031,"Chagos"
-54,-91000,"AP0000051",18592292710.3674,18592.2927103674,79633.3237677031,"Chagos"
-55,-92000,"AP0000052",18620988396.6518,18620.9883966518,79633.3237677031,"Chagos"
-55,-93000,"AP0000052",18620988396.6518,18620.9883966518,79633.3237677031,"Chagos"
-56,-94000,"AP0000053",18646284476.4199,18646.2844764199,79633.3237677031,"Chagos"
-54,-95000,"AP0000051",18592292710.3674,18592.2927103674,79633.3237677031,"Chagos"
-46,-96000,"AP0000054",18490905259.8008,18490.9052598008,79633.3237677031,"Chagos"
-35,-97000,"AP0000055",18255188789.8736,18255.1887898736,79633.3237677031,"Chagos"
-24,-98000,"AP0000006",17748341740.7495,17748.3417407495,79633.3237677031,"Chagos"
-16,-99000,"AP0000056",4833568173.96949,4833.56817396949,79633.3237677031,"Chagos"
-12,-1e+05,"AP0000045",1760296722.20783,1760.29672220783,79633.3237677031,"Chagos"
-10,-101000,"AP0000057",1281278295.8707,1281.2782958707,79633.3237677031,"Chagos"
-10,-102000,"AP0000057",1281278295.8707,1281.2782958707,79633.3237677031,"Chagos"
-9,-103000,"AP0000058",1157540925.53621,1157.54092553621,79633.3237677031,"Chagos"
-8,-104000,"AP0000059",1061020683.95206,1061.02068395206,79633.3237677031,"Chagos"
-10,-105000,"AP0000057",1281278295.8707,1281.2782958707,79633.3237677031,"Chagos"
-16,-106000,"AP0000056",4833568173.96949,4833.56817396949,79633.3237677031,"Chagos"
-26,-107000,"AP0000047",17866079882.7383,17866.0798827383,79633.3237677031,"Chagos"
-31,-108000,"AP0000060",18073069881.6142,18073.0698816142,79633.3237677031,"Chagos"
-33,-109000,"AP0000061",18184631375.0198,18184.6313750198,79633.3237677031,"Chagos"
-33,-110000,"AP0000061",18184631375.0198,18184.6313750198,79633.3237677031,"Chagos"
-32,-111000,"AP0000062",18128746041.3201,18128.7460413201,79633.3237677031,"Chagos"
-32,-112000,"AP0000062",18128746041.3201,18128.7460413201,79633.3237677031,"Chagos"
-27,-113000,"AP0000063",17904328843.4909,17904.3288434909,79633.3237677031,"Chagos"
-16,-114000,"AP0000056",4833568173.96949,4833.56817396949,79633.3237677031,"Chagos"
-6,-115000,"AP0000064",896520562.467968,896.520562467968,79633.3237677031,"Chagos"
0,-116000,"AP0000000",679547045.783395,679.547045783395,79633.3237677031,"Chagos"
3,-117000,"AP0000065",334434890.492253,334.434890492253,79633.3237677031,"Chagos"
5,-118000,"AP0000066",237316966.029055,237.316966029055,79633.3237677031,"Chagos"
7,-119000,"AP0000067",174421183.187351,174.421183187351,79633.3237677031,"Chagos"
9,-120000,"AP0000068",123859916.262707,123.859916262707,79633.3237677031,"Chagos"
10,-121000,"AP0000069",107077044.908331,107.077044908331,79633.3237677031,"Chagos"
10,-122000,"AP0000069",107077044.908331,107.077044908331,79633.3237677031,"Chagos"
10,-123000,"AP0000069",107077044.908331,107.077044908331,79633.3237677031,"Chagos"
9,-124000,"AP0000068",123859916.262707,123.859916262707,79633.3237677031,"Chagos"
9,-125000,"AP0000068",123859916.262707,123.859916262707,79633.3237677031,"Chagos"
10,-126000,"AP0000069",107077044.908331,107.077044908331,79633.3237677031,"Chagos"
12,-127000,"AP0000070",81370250.8508411,81.3702508508411,79633.3237677031,"Chagos"
10,-128000,"AP0000069",107077044.908331,107.077044908331,79633.3237677031,"Chagos"
-3,-129000,"AP0000003",754123929.74561,754.12392974561,79633.3237677031,"Chagos"
-27,-130000,"AP0000063",17904328843.4909,17904.3288434909,79633.3237677031,"Chagos"
-28,-131000,"AP0000071",17956607152.5966,17956.6071525966,79633.3237677031,"Chagos"
-26,-132000,"AP0000047",17866079882.7383,17866.0798827383,79633.3237677031,"Chagos"
-24,-133000,"AP0000006",17748341740.7495,17748.3417407495,79633.3237677031,"Chagos"
-22,-134000,"AP0000072",17818397869.5819,17818.3978695819,79633.3237677031,"Chagos"
-20,-135000,"AP0000040",10910342097.6843,10910.3420976843,79633.3237677031,"Chagos"
-18,-136000,"AP0000073",7903613814.82037,7903.61381482037,79633.3237677031,"Chagos"
-19,-137000,"AP0000046",9731697480.93216,9731.69748093216,79633.3237677031,"Chagos"
-22,-138000,"AP0000072",17818397869.5819,17818.3978695819,79633.3237677031,"Chagos"
-28,-139000,"AP0000071",17956607152.5966,17956.6071525966,79633.3237677031,"Chagos"
-44,-140000,"AP0000074",18413552231.9597,18413.5522319597,79633.3237677031,"Chagos"
0,0,"AP0000000",1040648311.18908,1040.64831118908,17010.5364590283,"Chatham"
-1,-1000,"AP0000001",1084489535.24671,1084.48953524671,17010.5364590283,"Chatham"
-2,-2000,"AP0000002",1104801856.27336,1104.80185627336,17010.5364590283,"Chatham"
-3,-3000,"AP0000003",1119996340.0845,1119.9963400845,17010.5364590283,"Chatham"
-3,-4000,"AP0000003",1119996340.0845,1119.9963400845,17010.5364590283,"Chatham"
-3,-5000,"AP0000003",1119996340.0845,1119.9963400845,17010.5364590283,"Chatham"
-4,-6000,"AP0000004",1136577351.78587,1136.57735178587,17010.5364590283,"Chatham"
-4,-7000,"AP0000004",1136577351.78587,1136.57735178587,17010.5364590283,"Chatham"
-11,-8000,"AP0000005",1268098685.43975,1268.09868543975,17010.5364590283,"Chatham"
-24,-9000,"AP0000006",1565107965.55696,1565.10796555696,17010.5364590283,"Chatham"
-38,-10000,"AP0000007",2098004481.13835,2098.00448113835,17010.5364590283,"Chatham"
-52,-11000,"AP0000008",3175617910.4414,3175.6179104414,17010.5364590283,"Chatham"
-65,-12000,"AP0000009",4161988072.25455,4161.98807225455,17010.5364590283,"Chatham"
-76,-13000,"AP0000010",4657919596.01878,4657.91959601878,17010.5364590283,"Chatham"
-85,-14000,"AP0000011",5082484532.46776,5082.48453246776,17010.5364590283,"Chatham"
-93,-15000,"AP0000012",5517573600.58959,5517.57360058959,17010.5364590283,"Chatham"
-102,-16000,"AP0000013",6516871334.05727,6516.87133405727,17010.5364590283,"Chatham"
-109,-17000,"AP0000014",7136863849.545,7136.863849545,17010.5364590283,"Chatham"
-116,-18000,"AP0000015",7516252755.82627,7516.25275582627,17010.5364590283,"Chatham"
-121,-19000,"AP0000016",7770659246.5427,7770.6592465427,17010.5364590283,"Chatham"
-123,-20000,"AP0000017",7887457044.88172,7887.45704488172,17010.5364590283,"Chatham"
-122,-21000,"AP0000018",7826021025.24231,7826.02102524231,17010.5364590283,"Chatham"
-118,-22000,"AP0000019",7612761780.37,7612.76178037,17010.5364590283,"Chatham"
-112,-23000,"AP0000020",7304175625.21854,7304.17562521854,17010.5364590283,"Chatham"
-105,-24000,"AP0000021",6851402247.03498,6851.40224703498,17010.5364590283,"Chatham"
-98,-25000,"AP0000022",5904787339.34903,5904.78733934903,17010.5364590283,"Chatham"
-93,-26000,"AP0000012",5517573600.58959,5517.57360058959,17010.5364590283,"Chatham"
-90,-27000,"AP0000023",5331180219.22751,5331.18021922751,17010.5364590283,"Chatham"
-87,-28000,"AP0000024",5179634230.52581,5179.63423052581,17010.5364590283,"Chatham"
-84,-29000,"AP0000025",5036077782.53824,5036.07778253824,17010.5364590283,"Chatham"
-81,-30000,"AP0000026",4892977995.29985,4892.97799529985,17010.5364590283,"Chatham"
-79,-31000,"AP0000027",4801664081.01841,4801.66408101841,17010.5364590283,"Chatham"
-76,-32000,"AP0000010",4657919596.01878,4657.91959601878,17010.5364590283,"Chatham"
-75,-33000,"AP0000028",4608851794.27202,4608.85179427202,17010.5364590283,"Chatham"
-73,-34000,"AP0000029",4513702450.25324,4513.70245025324,17010.5364590283,"Chatham"
-72,-35000,"AP0000030",4467123136.71503,4467.12313671503,17010.5364590283,"Chatham"
-72,-36000,"AP0000030",4467123136.71503,4467.12313671503,17010.5364590283,"Chatham"
-72,-37000,"AP0000030",4467123136.71503,4467.12313671503,17010.5364590283,"Chatham"
-72,-38000,"AP0000030",4467123136.71503,4467.12313671503,17010.5364590283,"Chatham"
-74,-39000,"AP0000031",4559352205.51925,4559.35220551925,17010.5364590283,"Chatham"
-76,-40000,"AP0000010",4657919596.01878,4657.91959601878,17010.5364590283,"Chatham"
-78,-41000,"AP0000032",4754453668.93113,4754.45366893113,17010.5364590283,"Chatham"
-80,-42000,"AP0000033",4846541881.66719,4846.54188166719,17010.5364590283,"Chatham"
-82,-43000,"AP0000034",4940764632.09552,4940.76463209552,17010.5364590283,"Chatham"
-84,-44000,"AP0000025",5036077782.53824,5036.07778253824,17010.5364590283,"Chatham"
-85,-45000,"AP0000011",5082484532.46776,5082.48453246776,17010.5364590283,"Chatham"
-86,-46000,"AP0000035",5129976756.14335,5129.97675614335,17010.5364590283,"Chatham"
-86,-47000,"AP0000035",5129976756.14335,5129.97675614335,17010.5364590283,"Chatham"
-86,-48000,"AP0000035",5129976756.14335,5129.97675614335,17010.5364590283,"Chatham"
-86,-49000,"AP0000035",5129976756.14335,5129.97675614335,17010.5364590283,"Chatham"
-86,-50000,"AP0000035",5129976756.14335,5129.97675614335,17010.5364590283,"Chatham"
-86,-51000,"AP0000035",5129976756.14335,5129.97675614335,17010.5364590283,"Chatham"
-85,-52000,"AP0000011",5082484532.46776,5082.48453246776,17010.5364590283,"Chatham"
-85,-53000,"AP0000011",5082484532.46776,5082.48453246776,17010.5364590283,"Chatham"
-85,-54000,"AP0000011",5082484532.46776,5082.48453246776,17010.5364590283,"Chatham"
-84,-55000,"AP0000025",5036077782.53824,5036.07778253824,17010.5364590283,"Chatham"
-83,-56000,"AP0000036",4988892195.28459,4988.89219528459,17010.5364590283,"Chatham"
-82,-57000,"AP0000034",4940764632.09552,4940.76463209552,17010.5364590283,"Chatham"
-80,-58000,"AP0000033",4846541881.66719,4846.54188166719,17010.5364590283,"Chatham"
-79,-59000,"AP0000027",4801664081.01841,4801.66408101841,17010.5364590283,"Chatham"
-78,-60000,"AP0000032",4754453668.93113,4754.45366893113,17010.5364590283,"Chatham"
-77,-61000,"AP0000037",4703091208.76414,4703.09120876414,17010.5364590283,"Chatham"
-77,-62000,"AP0000037",4703091208.76414,4703.09120876414,17010.5364590283,"Chatham"
-77,-63000,"AP0000037",4703091208.76414,4703.09120876414,17010.5364590283,"Chatham"
-78,-64000,"AP0000032",4754453668.93113,4754.45366893113,17010.5364590283,"Chatham"
-79,-65000,"AP0000027",4801664081.01841,4801.66408101841,17010.5364590283,"Chatham"
-81,-66000,"AP0000026",4892977995.29985,4892.97799529985,17010.5364590283,"Chatham"
-82,-67000,"AP0000034",4940764632.09552,4940.76463209552,17010.5364590283,"Chatham"
-82,-68000,"AP0000034",4940764632.09552,4940.76463209552,17010.5364590283,"Chatham"
-81,-69000,"AP0000026",4892977995.29985,4892.97799529985,17010.5364590283,"Chatham"
-80,-70000,"AP0000033",4846541881.66719,4846.54188166719,17010.5364590283,"Chatham"
-81,-71000,"AP0000026",4892977995.29985,4892.97799529985,17010.5364590283,"Chatham"
-83,-72000,"AP0000036",4988892195.28459,4988.89219528459,17010.5364590283,"Chatham"
-72,-73000,"AP0000030",4467123136.71503,4467.12313671503,17010.5364590283,"Chatham"
-48,-74000,"AP0000038",2601284122.10569,2601.28412210569,17010.5364590283,"Chatham"
-29,-75000,"AP0000039",1712234503.78399,1712.23450378399,17010.5364590283,"Chatham"
-20,-76000,"AP0000040",1473231291.88069,1473.23129188069,17010.5364590283,"Chatham"
-17,-77000,"AP0000041",1390944767.71174,1390.94476771174,17010.5364590283,"Chatham"
-15,-78000,"AP0000042",1351759101.23716,1351.75910123716,17010.5364590283,"Chatham"
-14,-79000,"AP0000043",1331000447.46839,1331.00044746839,17010.5364590283,"Chatham"
-13,-80000,"AP0000044",1308843014.74715,1308.84301474715,17010.5364590283,"Chatham"
-12,-81000,"AP0000045",1287311110.74957,1287.31111074957,17010.5364590283,"Chatham"
-12,-82000,"AP0000045",1287311110.74957,1287.31111074957,17010.5364590283,"Chatham"
-13,-83000,"AP0000044",1308843014.74715,1308.84301474715,17010.5364590283,"Chatham"
-15,-84000,"AP0000042",1351759101.23716,1351.75910123716,17010.5364590283,"Chatham"
-19,-85000,"AP0000046",1440980175.26985,1440.98017526985,17010.5364590283,"Chatham"
-26,-86000,"AP0000047",1612194653.49579,1612.19465349579,17010.5364590283,"Chatham"
-34,-87000,"AP0000048",1944499027.05164,1944.49902705164,17010.5364590283,"Chatham"
-43,-88000,"AP0000049",2305571933.82118,2305.57193382118,17010.5364590283,"Chatham"
-49,-89000,"AP0000050",2702905807.58602,2702.90580758602,17010.5364590283,"Chatham"
-52,-90000,"AP0000008",3175617910.4414,3175.6179104414,17010.5364590283,"Chatham"
-54,-91000,"AP0000051",3399879707.84044,3399.87970784044,17010.5364590283,"Chatham"
-55,-92000,"AP0000052",3526076022.16384,3526.07602216384,17010.5364590283,"Chatham"
-55,-93000,"AP0000052",3526076022.16384,3526.07602216384,17010.5364590283,"Chatham"
-56,-94000,"AP0000053",3594328806.56813,3594.32880656813,17010.5364590283,"Chatham"
-54,-95000,"AP0000051",3399879707.84044,3399.87970784044,17010.5364590283,"Chatham"
-46,-96000,"AP0000054",2465273840.26482,2465.27384026482,17010.5364590283,"Chatham"
-35,-97000,"AP0000055",1984154533.43769,1984.15453343769,17010.5364590283,"Chatham"
-24,-98000,"AP0000006",1565107965.55696,1565.10796555696,17010.5364590283,"Chatham"
-16,-99000,"AP0000056",1372668794.9066,1372.6687949066,17010.5364590283,"Chatham"
-12,-1e+05,"AP0000045",1287311110.74957,1287.31111074957,17010.5364590283,"Chatham"
-10,-101000,"AP0000057",1247501079.56632,1247.50107956632,17010.5364590283,"Chatham"
-10,-102000,"AP0000057",1247501079.56632,1247.50107956632,17010.5364590283,"Chatham"
-9,-103000,"AP0000058",1229378254.67107,1229.37825467107,17010.5364590283,"Chatham"
-8,-104000,"AP0000059",1207694856.49929,1207.69485649929,17010.5364590283,"Chatham"
-10,-105000,"AP0000057",1247501079.56632,1247.50107956632,17010.5364590283,"Chatham"
-16,-106000,"AP0000056",1372668794.9066,1372.6687949066,17010.5364590283,"Chatham"
-26,-107000,"AP0000047",1612194653.49579,1612.19465349579,17010.5364590283,"Chatham"
-31,-108000,"AP0000060",1830001633.67863,1830.00163367863,17010.5364590283,"Chatham"
-33,-109000,"AP0000061",1907161125.92545,1907.16112592545,17010.5364590283,"Chatham"
-33,-110000,"AP0000061",1907161125.92545,1907.16112592545,17010.5364590283,"Chatham"
-32,-111000,"AP0000062",1870444402.67068,1870.44440267068,17010.5364590283,"Chatham"
-32,-112000,"AP0000062",1870444402.67068,1870.44440267068,17010.5364590283,"Chatham"
-27,-113000,"AP0000063",1637462401.90754,1637.46240190754,17010.5364590283,"Chatham"
-16,-114000,"AP0000056",1372668794.9066,1372.6687949066,17010.5364590283,"Chatham"
-6,-115000,"AP0000064",1171601803.4512,1171.6018034512,17010.5364590283,"Chatham"
0,-116000,"AP0000000",1040648311.18908,1040.64831118908,17010.5364590283,"Chatham"
3,-117000,"AP0000065",868446763.487521,868.446763487521,17010.5364590283,"Chatham"
5,-118000,"AP0000066",827343492.417129,827.343492417129,17010.5364590283,"Chatham"
7,-119000,"AP0000067",785754109.145638,785.754109145638,17010.5364590283,"Chatham"
9,-120000,"AP0000068",755181144.295366,755.181144295366,17010.5364590283,"Chatham"
10,-121000,"AP0000069",741520043.600598,741.520043600598,17010.5364590283,"Chatham"
10,-122000,"AP0000069",741520043.600598,741.520043600598,17010.5364590283,"Chatham"
10,-123000,"AP0000069",741520043.600598,741.520043600598,17010.5364590283,"Chatham"
9,-124000,"AP0000068",755181144.295366,755.181144295366,17010.5364590283,"Chatham"
9,-125000,"AP0000068",755181144.295366,755.181144295366,17010.5364590283,"Chatham"
10,-126000,"AP0000069",741520043.600598,741.520043600598,17010.5364590283,"Chatham"
12,-127000,"AP0000070",715609862.699044,715.609862699044,17010.5364590283,"Chatham"
10,-128000,"AP0000069",741520043.600598,741.520043600598,17010.5364590283,"Chatham"
-3,-129000,"AP0000003",1119996340.0845,1119.9963400845,17010.5364590283,"Chatham"
-27,-130000,"AP0000063",1637462401.90754,1637.46240190754,17010.5364590283,"Chatham"
-28,-131000,"AP0000071",1666132726.27315,1666.13272627315,17010.5364590283,"Chatham"
-26,-132000,"AP0000047",1612194653.49579,1612.19465349579,17010.5364590283,"Chatham"
-24,-133000,"AP0000006",1565107965.55696,1565.10796555696,17010.5364590283,"Chatham"
-22,-134000,"AP0000072",1516466026.27503,1516.46602627503,17010.5364590283,"Chatham"
-20,-135000,"AP0000040",1473231291.88069,1473.23129188069,17010.5364590283,"Chatham"
-18,-136000,"AP0000073",1418215962.21298,1418.21596221298,17010.5364590283,"Chatham"
-19,-137000,"AP0000046",1440980175.26985,1440.98017526985,17010.5364590283,"Chatham"
-22,-138000,"AP0000072",1516466026.27503,1516.46602627503,17010.5364590283,"Chatham"
-28,-139000,"AP0000071",1666132726.27315,1666.13272627315,17010.5364590283,"Chatham"
-44,-140000,"AP0000074",2354033686.81984,2354.03368681984,17010.5364590283,"Chatham"
0,0,"AP0000000",153463988.86882,153.46398886882,359.475164758945,"Christmas_Island"
-1,-1000,"AP0000001",153463988.86882,153.46398886882,359.475164758945,"Christmas_Island"
-2,-2000,"AP0000002",153463988.86882,153.46398886882,359.475164758945,"Christmas_Island"
-3,-3000,"AP0000003",153463988.86882,153.46398886882,359.475164758945,"Christmas_Island"
-3,-4000,"AP0000003",153463988.86882,153.46398886882,359.475164758945,"Christmas_Island"
-3,-5000,"AP0000003",153463988.86882,153.46398886882,359.475164758945,"Christmas_Island"
-4,-6000,"AP0000004",153463988.86882,153.46398886882,359.475164758945,"Christmas_Island"
-4,-7000,"AP0000004",153463988.86882,153.46398886882,359.475164758945,"Christmas_Island"
-11,-8000,"AP0000005",153463988.86882,153.46398886882,359.475164758945,"Christmas_Island"
-24,-9000,"AP0000006",153463988.86882,153.46398886882,359.475164758945,"Christmas_Island"
-38,-10000,"AP0000007",156197175.649808,156.197175649808,359.475164758945,"Christmas_Island"
-52,-11000,"AP0000008",159350723.614828,159.350723614828,359.475164758945,"Christmas_Island"
-65,-12000,"AP0000009",160401976.368131,160.401976368131,359.475164758945,"Christmas_Island"
-76,-13000,"AP0000010",161663463.953453,161.663463953453,359.475164758945,"Christmas_Island"
-85,-14000,"AP0000011",163765886.938364,163.765886938364,359.475164758945,"Christmas_Island"
-93,-15000,"AP0000012",164817057.299889,164.817057299889,359.475164758945,"Christmas_Island"
-102,-16000,"AP0000013",165658057.29502,165.65805729502,359.475164758945,"Christmas_Island"
-109,-17000,"AP0000014",166709151.55581,166.70915155581,359.475164758945,"Christmas_Island"
-116,-18000,"AP0000015",168180740.409369,168.180740409369,359.475164758945,"Christmas_Island"
-121,-19000,"AP0000016",168811385.631337,168.811385631337,359.475164758945,"Christmas_Island"
-123,-20000,"AP0000017",170282723.104821,170.282723104821,359.475164758945,"Christmas_Island"
-122,-21000,"AP0000018",170072477.219157,170.072477219157,359.475164758945,"Christmas_Island"
-118,-22000,"AP0000019",168390938.057724,168.390938057724,359.475164758945,"Christmas_Island"
-112,-23000,"AP0000020",167129593.750769,167.129593750769,359.475164758945,"Christmas_Island"
-105,-24000,"AP0000021",166078554.552171,166.078554552171,359.475164758945,"Christmas_Island"
-98,-25000,"AP0000022",165658057.29502,165.65805729502,359.475164758945,"Christmas_Island"
-93,-26000,"AP0000012",164817057.299889,164.817057299889,359.475164758945,"Christmas_Island"
-90,-27000,"AP0000023",164606811.414225,164.606811414225,359.475164758945,"Christmas_Island"
-87,-28000,"AP0000024",164396566.90654,164.39656690654,359.475164758945,"Christmas_Island"
-84,-29000,"AP0000025",163345402.108593,163.345402108593,359.475164758945,"Christmas_Island"
-81,-30000,"AP0000026",162924911.722329,162.924911722329,359.475164758945,"Christmas_Island"
-79,-31000,"AP0000027",162504417.212031,162.504417212031,359.475164758945,"Christmas_Island"
-76,-32000,"AP0000010",161663463.953453,161.663463953453,359.475164758945,"Christmas_Island"
-75,-33000,"AP0000028",161663463.953453,161.663463953453,359.475164758945,"Christmas_Island"
-73,-34000,"AP0000029",161663463.953453,161.663463953453,359.475164758945,"Christmas_Island"
-72,-35000,"AP0000030",161453204.346623,161.453204346623,359.475164758945,"Christmas_Island"
-72,-36000,"AP0000030",161453204.346623,161.453204346623,359.475164758945,"Christmas_Island"
-72,-37000,"AP0000030",161453204.346623,161.453204346623,359.475164758945,"Christmas_Island"
-72,-38000,"AP0000030",161453204.346623,161.453204346623,359.475164758945,"Christmas_Island"
-74,-39000,"AP0000031",161663463.953453,161.663463953453,359.475164758945,"Christmas_Island"
-76,-40000,"AP0000010",161663463.953453,161.663463953453,359.475164758945,"Christmas_Island"
-78,-41000,"AP0000032",162294190.588678,162.294190588678,359.475164758945,"Christmas_Island"
-80,-42000,"AP0000033",162714660.347738,162.714660347738,359.475164758945,"Christmas_Island"
-82,-43000,"AP0000034",163135161.723491,163.135161723491,359.475164758945,"Christmas_Island"
-84,-44000,"AP0000025",163345402.108593,163.345402108593,359.475164758945,"Christmas_Island"
-85,-45000,"AP0000011",163765886.938364,163.765886938364,359.475164758945,"Christmas_Island"
-86,-46000,"AP0000035",163976127.327084,163.976127327084,359.475164758945,"Christmas_Island"
-86,-47000,"AP0000035",163976127.327084,163.976127327084,359.475164758945,"Christmas_Island"
-86,-48000,"AP0000035",163976127.327084,163.976127327084,359.475164758945,"Christmas_Island"
-86,-49000,"AP0000035",163976127.327084,163.976127327084,359.475164758945,"Christmas_Island"
-86,-50000,"AP0000035",163976127.327084,163.976127327084,359.475164758945,"Christmas_Island"
-86,-51000,"AP0000035",163976127.327084,163.976127327084,359.475164758945,"Christmas_Island"
-85,-52000,"AP0000011",163765886.938364,163.765886938364,359.475164758945,"Christmas_Island"
-85,-53000,"AP0000011",163765886.938364,163.765886938364,359.475164758945,"Christmas_Island"
-85,-54000,"AP0000011",163765886.938364,163.765886938364,359.475164758945,"Christmas_Island"
-84,-55000,"AP0000025",163345402.108593,163.345402108593,359.475164758945,"Christmas_Island"
-83,-56000,"AP0000036",163135161.723491,163.135161723491,359.475164758945,"Christmas_Island"
-82,-57000,"AP0000034",163135161.723491,163.135161723491,359.475164758945,"Christmas_Island"
-80,-58000,"AP0000033",162714660.347738,162.714660347738,359.475164758945,"Christmas_Island"
-79,-59000,"AP0000027",162504417.212031,162.504417212031,359.475164758945,"Christmas_Island"
-78,-60000,"AP0000032",162294190.588678,162.294190588678,359.475164758945,"Christmas_Island"
-77,-61000,"AP0000037",161873711.208639,161.873711208639,359.475164758945,"Christmas_Island"
-77,-62000,"AP0000037",161873711.208639,161.873711208639,359.475164758945,"Christmas_Island"
-77,-63000,"AP0000037",161873711.208639,161.873711208639,359.475164758945,"Christmas_Island"
-78,-64000,"AP0000032",162294190.588678,162.294190588678,359.475164758945,"Christmas_Island"
-79,-65000,"AP0000027",162504417.212031,162.504417212031,359.475164758945,"Christmas_Island"
-81,-66000,"AP0000026",162924911.722329,162.924911722329,359.475164758945,"Christmas_Island"
-82,-67000,"AP0000034",163135161.723491,163.135161723491,359.475164758945,"Christmas_Island"
-82,-68000,"AP0000034",163135161.723491,163.135161723491,359.475164758945,"Christmas_Island"
-81,-69000,"AP0000026",162924911.722329,162.924911722329,359.475164758945,"Christmas_Island"
-80,-70000,"AP0000033",162714660.347738,162.714660347738,359.475164758945,"Christmas_Island"
-81,-71000,"AP0000026",162924911.722329,162.924911722329,359.475164758945,"Christmas_Island"
-83,-72000,"AP0000036",163135161.723491,163.135161723491,359.475164758945,"Christmas_Island"
-72,-73000,"AP0000030",161453204.346623,161.453204346623,359.475164758945,"Christmas_Island"
-48,-74000,"AP0000038",159350723.614828,159.350723614828,359.475164758945,"Christmas_Island"
-29,-75000,"AP0000039",154304990.264644,154.304990264644,359.475164758945,"Christmas_Island"
-20,-76000,"AP0000040",153463988.86882,153.46398886882,359.475164758945,"Christmas_Island"
-17,-77000,"AP0000041",153463988.86882,153.46398886882,359.475164758945,"Christmas_Island"
-15,-78000,"AP0000042",153463988.86882,153.46398886882,359.475164758945,"Christmas_Island"
-14,-79000,"AP0000043",153463988.86882,153.46398886882,359.475164758945,"Christmas_Island"
-13,-80000,"AP0000044",153463988.86882,153.46398886882,359.475164758945,"Christmas_Island"
-12,-81000,"AP0000045",153463988.86882,153.46398886882,359.475164758945,"Christmas_Island"
-12,-82000,"AP0000045",153463988.86882,153.46398886882,359.475164758945,"Christmas_Island"
-13,-83000,"AP0000044",153463988.86882,153.46398886882,359.475164758945,"Christmas_Island"
-15,-84000,"AP0000042",153463988.86882,153.46398886882,359.475164758945,"Christmas_Island"
-19,-85000,"AP0000046",153463988.86882,153.46398886882,359.475164758945,"Christmas_Island"
-26,-86000,"AP0000047",153463988.86882,153.46398886882,359.475164758945,"Christmas_Island"
-34,-87000,"AP0000048",155145966.913797,155.145966913797,359.475164758945,"Christmas_Island"
-43,-88000,"AP0000049",158089311.526231,158.089311526231,359.475164758945,"Christmas_Island"
-49,-89000,"AP0000050",159350723.614828,159.350723614828,359.475164758945,"Christmas_Island"
-52,-90000,"AP0000008",159350723.614828,159.350723614828,359.475164758945,"Christmas_Island"
-54,-91000,"AP0000051",159350723.614828,159.350723614828,359.475164758945,"Christmas_Island"
-55,-92000,"AP0000052",159350723.614828,159.350723614828,359.475164758945,"Christmas_Island"
-55,-93000,"AP0000052",159350723.614828,159.350723614828,359.475164758945,"Christmas_Island"
-56,-94000,"AP0000053",159350723.614828,159.350723614828,359.475164758945,"Christmas_Island"
-54,-95000,"AP0000051",159350723.614828,159.350723614828,359.475164758945,"Christmas_Island"
-46,-96000,"AP0000054",159140491.483518,159.140491483518,359.475164758945,"Christmas_Island"
-35,-97000,"AP0000055",155566475.152411,155.566475152411,359.475164758945,"Christmas_Island"
-24,-98000,"AP0000006",153463988.86882,153.46398886882,359.475164758945,"Christmas_Island"
-16,-99000,"AP0000056",153463988.86882,153.46398886882,359.475164758945,"Christmas_Island"
-12,-1e+05,"AP0000045",153463988.86882,153.46398886882,359.475164758945,"Christmas_Island"
-10,-101000,"AP0000057",153463988.86882,153.46398886882,359.475164758945,"Christmas_Island"
-10,-102000,"AP0000057",153463988.86882,153.46398886882,359.475164758945,"Christmas_Island"
-9,-103000,"AP0000058",153463988.86882,153.46398886882,359.475164758945,"Christmas_Island"
-8,-104000,"AP0000059",153463988.86882,153.46398886882,359.475164758945,"Christmas_Island"
-10,-105000,"AP0000057",153463988.86882,153.46398886882,359.475164758945,"Christmas_Island"
-16,-106000,"AP0000056",153463988.86882,153.46398886882,359.475164758945,"Christmas_Island"
-26,-107000,"AP0000047",153463988.86882,153.46398886882,359.475164758945,"Christmas_Island"
-31,-108000,"AP0000060",154725488.893774,154.725488893774,359.475164758945,"Christmas_Island"
-33,-109000,"AP0000061",154935730.652871,154.935730652871,359.475164758945,"Christmas_Island"
-33,-110000,"AP0000061",154935730.652871,154.935730652871,359.475164758945,"Christmas_Island"
-32,-111000,"AP0000062",154725488.893774,154.725488893774,359.475164758945,"Christmas_Island"
-32,-112000,"AP0000062",154725488.893774,154.725488893774,359.475164758945,"Christmas_Island"
-27,-113000,"AP0000063",153463988.86882,153.46398886882,359.475164758945,"Christmas_Island"
-16,-114000,"AP0000056",153463988.86882,153.46398886882,359.475164758945,"Christmas_Island"
-6,-115000,"AP0000064",153463988.86882,153.46398886882,359.475164758945,"Christmas_Island"
0,-116000,"AP0000000",153463988.86882,153.46398886882,359.475164758945,"Christmas_Island"
3,-117000,"AP0000065",153043491.610519,153.043491610519,359.475164758945,"Christmas_Island"
5,-118000,"AP0000066",153043491.610519,153.043491610519,359.475164758945,"Christmas_Island"
7,-119000,"AP0000067",152622980.612691,152.622980612691,359.475164758945,"Christmas_Island"
9,-120000,"AP0000068",152412722.373631,152.412722373631,359.475164758945,"Christmas_Island"
10,-121000,"AP0000069",151992230.606639,151.992230606639,359.475164758945,"Christmas_Island"
10,-122000,"AP0000069",151992230.606639,151.992230606639,359.475164758945,"Christmas_Island"
10,-123000,"AP0000069",151992230.606639,151.992230606639,359.475164758945,"Christmas_Island"
9,-124000,"AP0000068",152412722.373631,152.412722373631,359.475164758945,"Christmas_Island"
9,-125000,"AP0000068",152412722.373631,152.412722373631,359.475164758945,"Christmas_Island"
10,-126000,"AP0000069",151992230.606639,151.992230606639,359.475164758945,"Christmas_Island"
12,-127000,"AP0000070",150941107.332117,150.941107332117,359.475164758945,"Christmas_Island"
10,-128000,"AP0000069",151992230.606639,151.992230606639,359.475164758945,"Christmas_Island"
-3,-129000,"AP0000003",153463988.86882,153.46398886882,359.475164758945,"Christmas_Island"
-27,-130000,"AP0000063",153463988.86882,153.46398886882,359.475164758945,"Christmas_Island"
-28,-131000,"AP0000071",153884497.108724,153.884497108724,359.475164758945,"Christmas_Island"
-26,-132000,"AP0000047",153463988.86882,153.46398886882,359.475164758945,"Christmas_Island"
-24,-133000,"AP0000006",153463988.86882,153.46398886882,359.475164758945,"Christmas_Island"
-22,-134000,"AP0000072",153463988.86882,153.46398886882,359.475164758945,"Christmas_Island"
-20,-135000,"AP0000040",153463988.86882,153.46398886882,359.475164758945,"Christmas_Island"
-18,-136000,"AP0000073",153463988.86882,153.46398886882,359.475164758945,"Christmas_Island"
-19,-137000,"AP0000046",153463988.86882,153.46398886882,359.475164758945,"Christmas_Island"
-22,-138000,"AP0000072",153463988.86882,153.46398886882,359.475164758945,"Christmas_Island"
-28,-139000,"AP0000071",153884497.108724,153.884497108724,359.475164758945,"Christmas_Island"
-44,-140000,"AP0000074",158720036.80758,158.72003680758,359.475164758945,"Christmas_Island"
0,0,"AP0000000",25953187.1626479,25.9531871626479,354.192556055571,"Cocos_Costa_Rica"
-1,-1000,"AP0000001",26165907.4907324,26.1659074907324,354.192556055571,"Cocos_Costa_Rica"
-2,-2000,"AP0000002",26378630.7834011,26.3786307834011,354.192556055571,"Cocos_Costa_Rica"
-3,-3000,"AP0000003",26378630.7834011,26.3786307834011,354.192556055571,"Cocos_Costa_Rica"
-3,-4000,"AP0000003",26378630.7834011,26.3786307834011,354.192556055571,"Cocos_Costa_Rica"
-3,-5000,"AP0000003",26378630.7834011,26.3786307834011,354.192556055571,"Cocos_Costa_Rica"
-4,-6000,"AP0000004",26591360.7465322,26.5913607465322,354.192556055571,"Cocos_Costa_Rica"
-4,-7000,"AP0000004",26591360.7465322,26.5913607465322,354.192556055571,"Cocos_Costa_Rica"
-11,-8000,"AP0000005",27229550.8427828,27.2295508427828,354.192556055571,"Cocos_Costa_Rica"
-24,-9000,"AP0000006",28080454.2418512,28.0804542418512,354.192556055571,"Cocos_Costa_Rica"
-38,-10000,"AP0000007",29782299.0035795,29.7822990035795,354.192556055571,"Cocos_Costa_Rica"
-52,-11000,"AP0000008",34462378.6679699,34.4623786679699,354.192556055571,"Cocos_Costa_Rica"
-65,-12000,"AP0000009",40631703.597387,40.631703597387,354.192556055571,"Cocos_Costa_Rica"
-76,-13000,"AP0000010",49141092.5000301,49.1410925000301,354.192556055571,"Cocos_Costa_Rica"
-85,-14000,"AP0000011",62330462.8163192,62.3304628163192,354.192556055571,"Cocos_Costa_Rica"
-93,-15000,"AP0000012",90622903.0880035,90.6229030880035,354.192556055571,"Cocos_Costa_Rica"
-102,-16000,"AP0000013",128062972.632937,128.062972632937,354.192556055571,"Cocos_Costa_Rica"
-109,-17000,"AP0000014",154228103.103318,154.228103103318,354.192556055571,"Cocos_Costa_Rica"
-116,-18000,"AP0000015",168055579.86194,168.05557986194,354.192556055571,"Cocos_Costa_Rica"
-121,-19000,"AP0000016",177203102.13438,177.20310213438,354.192556055571,"Cocos_Costa_Rica"
-123,-20000,"AP0000017",179968512.437584,179.968512437584,354.192556055571,"Cocos_Costa_Rica"
-122,-21000,"AP0000018",178479495.179621,178.479495179621,354.192556055571,"Cocos_Costa_Rica"
-118,-22000,"AP0000019",172523015.416476,172.523015416476,354.192556055571,"Cocos_Costa_Rica"
-112,-23000,"AP0000020",160397238.898814,160.397238898814,354.192556055571,"Cocos_Costa_Rica"
-105,-24000,"AP0000021",140613419.949543,140.613419949543,354.192556055571,"Cocos_Costa_Rica"
-98,-25000,"AP0000022",107003217.535825,107.003217535825,354.192556055571,"Cocos_Costa_Rica"
-93,-26000,"AP0000012",90622903.0880035,90.6229030880035,354.192556055571,"Cocos_Costa_Rica"
-90,-27000,"AP0000023",77859353.0494103,77.8593530494103,354.192556055571,"Cocos_Costa_Rica"
-87,-28000,"AP0000024",67648582.0149345,67.6485820149345,354.192556055571,"Cocos_Costa_Rica"
-84,-29000,"AP0000025",59352203.9083511,59.3522039083511,354.192556055571,"Cocos_Costa_Rica"
-81,-30000,"AP0000026",54459409.0224276,54.4594090224276,354.192556055571,"Cocos_Costa_Rica"
-79,-31000,"AP0000027",52332104.0836284,52.3321040836284,354.192556055571,"Cocos_Costa_Rica"
-76,-32000,"AP0000010",49141092.5000301,49.1410925000301,354.192556055571,"Cocos_Costa_Rica"
-75,-33000,"AP0000028",48290135.0213857,48.2901350213857,354.192556055571,"Cocos_Costa_Rica"
-73,-34000,"AP0000029",46588219.804872,46.588219804872,354.192556055571,"Cocos_Costa_Rica"
-72,-35000,"AP0000030",45524526.8618929,45.5245268618929,354.192556055571,"Cocos_Costa_Rica"
-72,-36000,"AP0000030",45524526.8618929,45.5245268618929,354.192556055571,"Cocos_Costa_Rica"
-72,-37000,"AP0000030",45524526.8618929,45.5245268618929,354.192556055571,"Cocos_Costa_Rica"
-72,-38000,"AP0000030",45524526.8618929,45.5245268618929,354.192556055571,"Cocos_Costa_Rica"
-74,-39000,"AP0000031",47439163.2141181,47.4391632141181,354.192556055571,"Cocos_Costa_Rica"
-76,-40000,"AP0000010",49141092.5000301,49.1410925000301,354.192556055571,"Cocos_Costa_Rica"
-78,-41000,"AP0000032",51055726.751503,51.055726751503,354.192556055571,"Cocos_Costa_Rica"
-80,-42000,"AP0000033",52970270.183221,52.970270183221,354.192556055571,"Cocos_Costa_Rica"
-82,-43000,"AP0000034",55310324.5798672,55.3103245798672,354.192556055571,"Cocos_Costa_Rica"
-84,-44000,"AP0000025",59352203.9083511,59.3522039083511,354.192556055571,"Cocos_Costa_Rica"
-85,-45000,"AP0000011",62330462.8163192,62.3304628163192,354.192556055571,"Cocos_Costa_Rica"
-86,-46000,"AP0000035",64670444.2052707,64.6704442052707,354.192556055571,"Cocos_Costa_Rica"
-86,-47000,"AP0000035",64670444.2052707,64.6704442052707,354.192556055571,"Cocos_Costa_Rica"
-86,-48000,"AP0000035",64670444.2052707,64.6704442052707,354.192556055571,"Cocos_Costa_Rica"
-86,-49000,"AP0000035",64670444.2052707,64.6704442052707,354.192556055571,"Cocos_Costa_Rica"
-86,-50000,"AP0000035",64670444.2052707,64.6704442052707,354.192556055571,"Cocos_Costa_Rica"
-86,-51000,"AP0000035",64670444.2052707,64.6704442052707,354.192556055571,"Cocos_Costa_Rica"
-85,-52000,"AP0000011",62330462.8163192,62.3304628163192,354.192556055571,"Cocos_Costa_Rica"
-85,-53000,"AP0000011",62330462.8163192,62.3304628163192,354.192556055571,"Cocos_Costa_Rica"
-85,-54000,"AP0000011",62330462.8163192,62.3304628163192,354.192556055571,"Cocos_Costa_Rica"
-84,-55000,"AP0000025",59352203.9083511,59.3522039083511,354.192556055571,"Cocos_Costa_Rica"
-83,-56000,"AP0000036",56161233.7977108,56.1612337977108,354.192556055571,"Cocos_Costa_Rica"
-82,-57000,"AP0000034",55310324.5798672,55.3103245798672,354.192556055571,"Cocos_Costa_Rica"
-80,-58000,"AP0000033",52970270.183221,52.970270183221,354.192556055571,"Cocos_Costa_Rica"
-79,-59000,"AP0000027",52332104.0836284,52.3321040836284,354.192556055571,"Cocos_Costa_Rica"
-78,-60000,"AP0000032",51055726.751503,51.055726751503,354.192556055571,"Cocos_Costa_Rica"
-77,-61000,"AP0000037",50417526.2637752,50.4175262637752,354.192556055571,"Cocos_Costa_Rica"
-77,-62000,"AP0000037",50417526.2637752,50.4175262637752,354.192556055571,"Cocos_Costa_Rica"
-77,-63000,"AP0000037",50417526.2637752,50.4175262637752,354.192556055571,"Cocos_Costa_Rica"
-78,-64000,"AP0000032",51055726.751503,51.055726751503,354.192556055571,"Cocos_Costa_Rica"
-79,-65000,"AP0000027",52332104.0836284,52.3321040836284,354.192556055571,"Cocos_Costa_Rica"
-81,-66000,"AP0000026",54459409.0224276,54.4594090224276,354.192556055571,"Cocos_Costa_Rica"
-82,-67000,"AP0000034",55310324.5798672,55.3103245798672,354.192556055571,"Cocos_Costa_Rica"
-82,-68000,"AP0000034",55310324.5798672,55.3103245798672,354.192556055571,"Cocos_Costa_Rica"
-81,-69000,"AP0000026",54459409.0224276,54.4594090224276,354.192556055571,"Cocos_Costa_Rica"
-80,-70000,"AP0000033",52970270.183221,52.970270183221,354.192556055571,"Cocos_Costa_Rica"
-81,-71000,"AP0000026",54459409.0224276,54.4594090224276,354.192556055571,"Cocos_Costa_Rica"
-83,-72000,"AP0000036",56161233.7977108,56.1612337977108,354.192556055571,"Cocos_Costa_Rica"
-72,-73000,"AP0000030",45524526.8618929,45.5245268618929,354.192556055571,"Cocos_Costa_Rica"
-48,-74000,"AP0000038",33824198.8017923,33.8241988017923,354.192556055571,"Cocos_Costa_Rica"
-29,-75000,"AP0000039",28505908.8675412,28.5059088675412,354.192556055571,"Cocos_Costa_Rica"
-20,-76000,"AP0000040",27867723.644124,27.867723644124,354.192556055571,"Cocos_Costa_Rica"
-17,-77000,"AP0000041",27442275.5982147,27.4422755982147,354.192556055571,"Cocos_Costa_Rica"
-15,-78000,"AP0000042",27442275.5982147,27.4422755982147,354.192556055571,"Cocos_Costa_Rica"
-14,-79000,"AP0000043",27229550.8427828,27.2295508427828,354.192556055571,"Cocos_Costa_Rica"
-13,-80000,"AP0000044",27229550.8427828,27.2295508427828,354.192556055571,"Cocos_Costa_Rica"
-12,-81000,"AP0000045",27229550.8427828,27.2295508427828,354.192556055571,"Cocos_Costa_Rica"
-12,-82000,"AP0000045",27229550.8427828,27.2295508427828,354.192556055571,"Cocos_Costa_Rica"
-13,-83000,"AP0000044",27229550.8427828,27.2295508427828,354.192556055571,"Cocos_Costa_Rica"
-15,-84000,"AP0000042",27442275.5982147,27.4422755982147,354.192556055571,"Cocos_Costa_Rica"
-19,-85000,"AP0000046",27867723.644124,27.867723644124,354.192556055571,"Cocos_Costa_Rica"
-26,-86000,"AP0000047",28080454.2418512,28.0804542418512,354.192556055571,"Cocos_Costa_Rica"
-34,-87000,"AP0000048",29144109.403342,29.144109403342,354.192556055571,"Cocos_Costa_Rica"
-43,-88000,"AP0000049",31271425.4732721,31.2714254732721,354.192556055571,"Cocos_Costa_Rica"
-49,-89000,"AP0000050",34036927.9411403,34.0369279411403,354.192556055571,"Cocos_Costa_Rica"
-52,-90000,"AP0000008",34462378.6679699,34.4623786679699,354.192556055571,"Cocos_Costa_Rica"
-54,-91000,"AP0000051",35313327.1742977,35.3133271742977,354.192556055571,"Cocos_Costa_Rica"
-55,-92000,"AP0000052",35526051.2165028,35.5260512165028,354.192556055571,"Cocos_Costa_Rica"
-55,-93000,"AP0000052",35526051.2165028,35.5260512165028,354.192556055571,"Cocos_Costa_Rica"
-56,-94000,"AP0000053",36802477.3800481,36.8024773800481,354.192556055571,"Cocos_Costa_Rica"
-54,-95000,"AP0000051",35313327.1742977,35.3133271742977,354.192556055571,"Cocos_Costa_Rica"
-46,-96000,"AP0000054",32547805.484762,32.547805484762,354.192556055571,"Cocos_Costa_Rica"
-35,-97000,"AP0000055",29144109.403342,29.144109403342,354.192556055571,"Cocos_Costa_Rica"
-24,-98000,"AP0000006",28080454.2418512,28.0804542418512,354.192556055571,"Cocos_Costa_Rica"
-16,-99000,"AP0000056",27442275.5982147,27.4422755982147,354.192556055571,"Cocos_Costa_Rica"
-12,-1e+05,"AP0000045",27229550.8427828,27.2295508427828,354.192556055571,"Cocos_Costa_Rica"
-10,-101000,"AP0000057",27229550.8427828,27.2295508427828,354.192556055571,"Cocos_Costa_Rica"
-10,-102000,"AP0000057",27229550.8427828,27.2295508427828,354.192556055571,"Cocos_Costa_Rica"
-9,-103000,"AP0000058",27229550.8427828,27.2295508427828,354.192556055571,"Cocos_Costa_Rica"
-8,-104000,"AP0000059",26804086.2889113,26.8040862889113,354.192556055571,"Cocos_Costa_Rica"
-10,-105000,"AP0000057",27229550.8427828,27.2295508427828,354.192556055571,"Cocos_Costa_Rica"
-16,-106000,"AP0000056",27442275.5982147,27.4422755982147,354.192556055571,"Cocos_Costa_Rica"
-26,-107000,"AP0000047",28080454.2418512,28.0804542418512,354.192556055571,"Cocos_Costa_Rica"
-31,-108000,"AP0000060",28505908.8675412,28.5059088675412,354.192556055571,"Cocos_Costa_Rica"
-33,-109000,"AP0000061",29144109.403342,29.144109403342,354.192556055571,"Cocos_Costa_Rica"
-33,-110000,"AP0000061",29144109.403342,29.144109403342,354.192556055571,"Cocos_Costa_Rica"
-32,-111000,"AP0000062",28505908.8675412,28.5059088675412,354.192556055571,"Cocos_Costa_Rica"
-32,-112000,"AP0000062",28505908.8675412,28.5059088675412,354.192556055571,"Cocos_Costa_Rica"
-27,-113000,"AP0000063",28293175.3552421,28.2931753552421,354.192556055571,"Cocos_Costa_Rica"
-16,-114000,"AP0000056",27442275.5982147,27.4422755982147,354.192556055571,"Cocos_Costa_Rica"
-6,-115000,"AP0000064",26591360.7465322,26.5913607465322,354.192556055571,"Cocos_Costa_Rica"
0,-116000,"AP0000000",25953187.1626479,25.9531871626479,354.192556055571,"Cocos_Costa_Rica"
3,-117000,"AP0000065",25527712.8982804,25.5277128982804,354.192556055571,"Cocos_Costa_Rica"
5,-118000,"AP0000066",25527712.8982804,25.5277128982804,354.192556055571,"Cocos_Costa_Rica"
7,-119000,"AP0000067",25314976.4757939,25.3149764757939,354.192556055571,"Cocos_Costa_Rica"
9,-120000,"AP0000068",25314976.4757939,25.3149764757939,354.192556055571,"Cocos_Costa_Rica"
10,-121000,"AP0000069",25314976.4757939,25.3149764757939,354.192556055571,"Cocos_Costa_Rica"
10,-122000,"AP0000069",25314976.4757939,25.3149764757939,354.192556055571,"Cocos_Costa_Rica"
10,-123000,"AP0000069",25314976.4757939,25.3149764757939,354.192556055571,"Cocos_Costa_Rica"
9,-124000,"AP0000068",25314976.4757939,25.3149764757939,354.192556055571,"Cocos_Costa_Rica"
9,-125000,"AP0000068",25314976.4757939,25.3149764757939,354.192556055571,"Cocos_Costa_Rica"
10,-126000,"AP0000069",25314976.4757939,25.3149764757939,354.192556055571,"Cocos_Costa_Rica"
12,-127000,"AP0000070",25102235.6588913,25.1022356588913,354.192556055571,"Cocos_Costa_Rica"
10,-128000,"AP0000069",25314976.4757939,25.3149764757939,354.192556055571,"Cocos_Costa_Rica"
-3,-129000,"AP0000003",26378630.7834011,26.3786307834011,354.192556055571,"Cocos_Costa_Rica"
-27,-130000,"AP0000063",28293175.3552421,28.2931753552421,354.192556055571,"Cocos_Costa_Rica"
-28,-131000,"AP0000071",28293175.3552421,28.2931753552421,354.192556055571,"Cocos_Costa_Rica"
-26,-132000,"AP0000047",28080454.2418512,28.0804542418512,354.192556055571,"Cocos_Costa_Rica"
-24,-133000,"AP0000006",28080454.2418512,28.0804542418512,354.192556055571,"Cocos_Costa_Rica"
-22,-134000,"AP0000072",27867723.644124,27.867723644124,354.192556055571,"Cocos_Costa_Rica"
-20,-135000,"AP0000040",27867723.644124,27.867723644124,354.192556055571,"Cocos_Costa_Rica"
-18,-136000,"AP0000073",27867723.644124,27.867723644124,354.192556055571,"Cocos_Costa_Rica"
-19,-137000,"AP0000046",27867723.644124,27.867723644124,354.192556055571,"Cocos_Costa_Rica"
-22,-138000,"AP0000072",27867723.644124,27.867723644124,354.192556055571,"Cocos_Costa_Rica"
-28,-139000,"AP0000071",28293175.3552421,28.2931753552421,354.192556055571,"Cocos_Costa_Rica"
-44,-140000,"AP0000074",32122353.050557,32.122353050557,354.192556055571,"Cocos_Costa_Rica"
0,0,"AP0000000",2203324326.87587,2203.32432687587,47907.9818577258,"Comoros"
-1,-1000,"AP0000001",2224408712.5372,2224.4087125372,47907.9818577258,"Comoros"
-2,-2000,"AP0000002",2250929683.25435,2250.92968325435,47907.9818577258,"Comoros"
-3,-3000,"AP0000003",2623441249.34701,2623.44124934701,47907.9818577258,"Comoros"
-3,-4000,"AP0000003",2623441249.34701,2623.44124934701,47907.9818577258,"Comoros"
-3,-5000,"AP0000003",2623441249.34701,2623.44124934701,47907.9818577258,"Comoros"
-4,-6000,"AP0000004",2659156992.65662,2659.15699265662,47907.9818577258,"Comoros"
-4,-7000,"AP0000004",2659156992.65662,2659.15699265662,47907.9818577258,"Comoros"
-11,-8000,"AP0000005",2889919741.33347,2889.91974133347,47907.9818577258,"Comoros"
-24,-9000,"AP0000006",3254574093.12611,3254.57409312611,47907.9818577258,"Comoros"
-38,-10000,"AP0000007",3773632881.25462,3773.63288125462,47907.9818577258,"Comoros"
-52,-11000,"AP0000008",4324153530.61173,4324.15353061173,47907.9818577258,"Comoros"
-65,-12000,"AP0000009",4460349914.15104,4460.34991415104,47907.9818577258,"Comoros"
-76,-13000,"AP0000010",4521372138.57482,4521.37213857482,47907.9818577258,"Comoros"
-85,-14000,"AP0000011",4569021729.37964,4569.02172937964,47907.9818577258,"Comoros"
-93,-15000,"AP0000012",4608310159.66023,4608.31015966023,47907.9818577258,"Comoros"
-102,-16000,"AP0000013",4654918954.84554,4654.91895484554,47907.9818577258,"Comoros"
-109,-17000,"AP0000014",4688781656.55504,4688.78165655504,47907.9818577258,"Comoros"
-116,-18000,"AP0000015",4719510322.85146,4719.51032285146,47907.9818577258,"Comoros"
-121,-19000,"AP0000016",4745010773.4976,4745.0107734976,47907.9818577258,"Comoros"
-123,-20000,"AP0000017",4752744570.65423,4752.74457065423,47907.9818577258,"Comoros"
-122,-21000,"AP0000018",4748354253.0288,4748.3542530288,47907.9818577258,"Comoros"
-118,-22000,"AP0000019",4728915336.75865,4728.91533675865,47907.9818577258,"Comoros"
-112,-23000,"AP0000020",4699234708.95422,4699.23470895422,47907.9818577258,"Comoros"
-105,-24000,"AP0000021",4669339998.53946,4669.33999853946,47907.9818577258,"Comoros"
-98,-25000,"AP0000022",4634017082.22055,4634.01708222055,47907.9818577258,"Comoros"
-93,-26000,"AP0000012",4608310159.66023,4608.31015966023,47907.9818577258,"Comoros"
-90,-27000,"AP0000023",4595979240.35718,4595.97924035718,47907.9818577258,"Comoros"
-87,-28000,"AP0000024",4578636660.87714,4578.63666087714,47907.9818577258,"Comoros"
-84,-29000,"AP0000025",4563588787.93154,4563.58878793154,47907.9818577258,"Comoros"
-81,-30000,"AP0000026",4548540683.94518,4548.54068394518,47907.9818577258,"Comoros"
-79,-31000,"AP0000027",4538720061.97588,4538.72006197588,47907.9818577258,"Comoros"
-76,-32000,"AP0000010",4521372138.57482,4521.37213857482,47907.9818577258,"Comoros"
-75,-33000,"AP0000028",4516356242.6667,4516.3562426667,47907.9818577258,"Comoros"
-73,-34000,"AP0000029",4504445613.25132,4504.44561325132,47907.9818577258,"Comoros"
-72,-35000,"AP0000030",4500265397.81251,4500.26539781251,47907.9818577258,"Comoros"
-72,-36000,"AP0000030",4500265397.81251,4500.26539781251,47907.9818577258,"Comoros"
-72,-37000,"AP0000030",4500265397.81251,4500.26539781251,47907.9818577258,"Comoros"
-72,-38000,"AP0000030",4500265397.81251,4500.26539781251,47907.9818577258,"Comoros"
-74,-39000,"AP0000031",4510298309.42265,4510.29830942265,47907.9818577258,"Comoros"
-76,-40000,"AP0000010",4521372138.57482,4521.37213857482,47907.9818577258,"Comoros"
-78,-41000,"AP0000032",4533912101.52379,4533.91210152379,47907.9818577258,"Comoros"
-80,-42000,"AP0000033",4543108756.39687,4543.10875639687,47907.9818577258,"Comoros"
-82,-43000,"AP0000034",4552512751.53768,4552.51275153768,47907.9818577258,"Comoros"
-84,-44000,"AP0000025",4563588787.93154,4563.58878793154,47907.9818577258,"Comoros"
-85,-45000,"AP0000011",4569021729.37964,4569.02172937964,47907.9818577258,"Comoros"
-86,-46000,"AP0000035",4575292373.05726,4575.29237305726,47907.9818577258,"Comoros"
-86,-47000,"AP0000035",4575292373.05726,4575.29237305726,47907.9818577258,"Comoros"
-86,-48000,"AP0000035",4575292373.05726,4575.29237305726,47907.9818577258,"Comoros"
-86,-49000,"AP0000035",4575292373.05726,4575.29237305726,47907.9818577258,"Comoros"
-86,-50000,"AP0000035",4575292373.05726,4575.29237305726,47907.9818577258,"Comoros"
-86,-51000,"AP0000035",4575292373.05726,4575.29237305726,47907.9818577258,"Comoros"
-85,-52000,"AP0000011",4569021729.37964,4569.02172937964,47907.9818577258,"Comoros"
-85,-53000,"AP0000011",4569021729.37964,4569.02172937964,47907.9818577258,"Comoros"
-85,-54000,"AP0000011",4569021729.37964,4569.02172937964,47907.9818577258,"Comoros"
-84,-55000,"AP0000025",4563588787.93154,4563.58878793154,47907.9818577258,"Comoros"
-83,-56000,"AP0000036",4558783180.71222,4558.78318071222,47907.9818577258,"Comoros"
-82,-57000,"AP0000034",4552512751.53768,4552.51275153768,47907.9818577258,"Comoros"
-80,-58000,"AP0000033",4543108756.39687,4543.10875639687,47907.9818577258,"Comoros"
-79,-59000,"AP0000027",4538720061.97588,4538.72006197588,47907.9818577258,"Comoros"
-78,-60000,"AP0000032",4533912101.52379,4533.91210152379,47907.9818577258,"Comoros"
-77,-61000,"AP0000037",4526178409.88408,4526.17840988408,47907.9818577258,"Comoros"
-77,-62000,"AP0000037",4526178409.88408,4526.17840988408,47907.9818577258,"Comoros"
-77,-63000,"AP0000037",4526178409.88408,4526.17840988408,47907.9818577258,"Comoros"
-78,-64000,"AP0000032",4533912101.52379,4533.91210152379,47907.9818577258,"Comoros"
-79,-65000,"AP0000027",4538720061.97588,4538.72006197588,47907.9818577258,"Comoros"
-81,-66000,"AP0000026",4548540683.94518,4548.54068394518,47907.9818577258,"Comoros"
-82,-67000,"AP0000034",4552512751.53768,4552.51275153768,47907.9818577258,"Comoros"
-82,-68000,"AP0000034",4552512751.53768,4552.51275153768,47907.9818577258,"Comoros"
-81,-69000,"AP0000026",4548540683.94518,4548.54068394518,47907.9818577258,"Comoros"
-80,-70000,"AP0000033",4543108756.39687,4543.10875639687,47907.9818577258,"Comoros"
-81,-71000,"AP0000026",4548540683.94518,4548.54068394518,47907.9818577258,"Comoros"
-83,-72000,"AP0000036",4558783180.71222,4558.78318071222,47907.9818577258,"Comoros"
-72,-73000,"AP0000030",4500265397.81251,4500.26539781251,47907.9818577258,"Comoros"
-48,-74000,"AP0000038",4281337208.92733,4281.33720892733,47907.9818577258,"Comoros"
-29,-75000,"AP0000039",3416475137.06655,3416.47513706655,47907.9818577258,"Comoros"
-20,-76000,"AP0000040",3135619515.74076,3135.61951574076,47907.9818577258,"Comoros"
-17,-77000,"AP0000041",3044820272.82433,3044.82027282433,47907.9818577258,"Comoros"
-15,-78000,"AP0000042",2998691814.72175,2998.69181472175,47907.9818577258,"Comoros"
-14,-79000,"AP0000043",2973430502.03063,2973.43050203063,47907.9818577258,"Comoros"
-13,-80000,"AP0000044",2949001723.88963,2949.00172388963,47907.9818577258,"Comoros"
-12,-81000,"AP0000045",2922072060.10396,2922.07206010396,47907.9818577258,"Comoros"
-12,-82000,"AP0000045",2922072060.10396,2922.07206010396,47907.9818577258,"Comoros"
-13,-83000,"AP0000044",2949001723.88963,2949.00172388963,47907.9818577258,"Comoros"
-15,-84000,"AP0000042",2998691814.72175,2998.69181472175,47907.9818577258,"Comoros"
-19,-85000,"AP0000046",3103053496.4248,3103.0534964248,47907.9818577258,"Comoros"
-26,-86000,"AP0000047",3322176848.76296,3322.17684876296,47907.9818577258,"Comoros"
-34,-87000,"AP0000048",3601521243.83303,3601.52124383303,47907.9818577258,"Comoros"
-43,-88000,"AP0000049",3941160851.94966,3941.16085194966,47907.9818577258,"Comoros"
-49,-89000,"AP0000050",4291987326.46144,4291.98732646144,47907.9818577258,"Comoros"
-52,-90000,"AP0000008",4324153530.61173,4324.15353061173,47907.9818577258,"Comoros"
-54,-91000,"AP0000051",4347126329.10776,4347.12632910776,47907.9818577258,"Comoros"
-55,-92000,"AP0000052",4360910593.07128,4360.91059307128,47907.9818577258,"Comoros"
-55,-93000,"AP0000052",4360910593.07128,4360.91059307128,47907.9818577258,"Comoros"
-56,-94000,"AP0000053",4441058913.97828,4441.05891397828,47907.9818577258,"Comoros"
-54,-95000,"AP0000051",4347126329.10776,4347.12632910776,47907.9818577258,"Comoros"
-46,-96000,"AP0000054",4258360466.68503,4258.36046668503,47907.9818577258,"Comoros"
-35,-97000,"AP0000055",3670781959.00187,3670.78195900187,47907.9818577258,"Comoros"
-24,-98000,"AP0000006",3254574093.12611,3254.57409312611,47907.9818577258,"Comoros"
-16,-99000,"AP0000056",3022071827.41901,3022.07182741901,47907.9818577258,"Comoros"
-12,-1e+05,"AP0000045",2922072060.10396,2922.07206010396,47907.9818577258,"Comoros"
-10,-101000,"AP0000057",2867993679.36367,2867.99367936367,47907.9818577258,"Comoros"
-10,-102000,"AP0000057",2867993679.36367,2867.99367936367,47907.9818577258,"Comoros"
-9,-103000,"AP0000058",2845652608.98155,2845.65260898155,47907.9818577258,"Comoros"
-8,-104000,"AP0000059",2812450463.89088,2812.45046389088,47907.9818577258,"Comoros"
-10,-105000,"AP0000057",2867993679.36367,2867.99367936367,47907.9818577258,"Comoros"
-16,-106000,"AP0000056",3022071827.41901,3022.07182741901,47907.9818577258,"Comoros"
-26,-107000,"AP0000047",3322176848.76296,3322.17684876296,47907.9818577258,"Comoros"
-31,-108000,"AP0000060",3499707098.39962,3499.70709839963,47907.9818577258,"Comoros"
-33,-109000,"AP0000061",3565845631.17608,3565.84563117608,47907.9818577258,"Comoros"
-33,-110000,"AP0000061",3565845631.17608,3565.84563117608,47907.9818577258,"Comoros"
-32,-111000,"AP0000062",3531214715.80138,3531.21471580138,47907.9818577258,"Comoros"
-32,-112000,"AP0000062",3531214715.80138,3531.21471580138,47907.9818577258,"Comoros"
-27,-113000,"AP0000063",3351390115.91979,3351.39011591979,47907.9818577258,"Comoros"
-16,-114000,"AP0000056",3022071827.41901,3022.07182741901,47907.9818577258,"Comoros"
-6,-115000,"AP0000064",2727663105.10578,2727.66310510578,47907.9818577258,"Comoros"
0,-116000,"AP0000000",2203324326.87587,2203.32432687587,47907.9818577258,"Comoros"
3,-117000,"AP0000065",2164059065.93099,2164.05906593099,47907.9818577258,"Comoros"
5,-118000,"AP0000066",2144188976.99943,2144.18897699943,47907.9818577258,"Comoros"
7,-119000,"AP0000067",2125779534.26403,2125.77953426403,47907.9818577258,"Comoros"
9,-120000,"AP0000068",2109882368.09524,2109.88236809525,47907.9818577258,"Comoros"
10,-121000,"AP0000069",2103604315.90462,2103.60431590462,47907.9818577258,"Comoros"
10,-122000,"AP0000069",2103604315.90462,2103.60431590462,47907.9818577258,"Comoros"
10,-123000,"AP0000069",2103604315.90462,2103.60431590462,47907.9818577258,"Comoros"
9,-124000,"AP0000068",2109882368.09524,2109.88236809525,47907.9818577258,"Comoros"
9,-125000,"AP0000068",2109882368.09524,2109.88236809525,47907.9818577258,"Comoros"
10,-126000,"AP0000069",2103604315.90462,2103.60431590462,47907.9818577258,"Comoros"
12,-127000,"AP0000070",2080168307.85671,2080.16830785671,47907.9818577258,"Comoros"
10,-128000,"AP0000069",2103604315.90462,2103.60431590462,47907.9818577258,"Comoros"
-3,-129000,"AP0000003",2623441249.34701,2623.44124934701,47907.9818577258,"Comoros"
-27,-130000,"AP0000063",3351390115.91979,3351.39011591979,47907.9818577258,"Comoros"
-28,-131000,"AP0000071",3384350702.42191,3384.35070242191,47907.9818577258,"Comoros"
-26,-132000,"AP0000047",3322176848.76296,3322.17684876296,47907.9818577258,"Comoros"
-24,-133000,"AP0000006",3254574093.12611,3254.57409312611,47907.9818577258,"Comoros"
-22,-134000,"AP0000072",3194683944.72573,3194.68394472573,47907.9818577258,"Comoros"
-20,-135000,"AP0000040",3135619515.74076,3135.61951574076,47907.9818577258,"Comoros"
-18,-136000,"AP0000073",3071744109.15334,3071.74410915334,47907.9818577258,"Comoros"
-19,-137000,"AP0000046",3103053496.4248,3103.0534964248,47907.9818577258,"Comoros"
-22,-138000,"AP0000072",3194683944.72573,3194.68394472573,47907.9818577258,"Comoros"
-28,-139000,"AP0000071",3384350702.42191,3384.35070242191,47907.9818577258,"Comoros"
-44,-140000,"AP0000074",4233506004.20761,4233.50600420761,47907.9818577258,"Comoros"
0,0,"AP0000000",20683088.1783253,20.6830881783253,127.5102884114,"Fernando_Noronha"
-1,-1000,"AP0000001",20896310.8007146,20.8963108007146,127.5102884114,"Fernando_Noronha"
-2,-2000,"AP0000002",21109533.4533395,21.1095334533395,127.5102884114,"Fernando_Noronha"
-3,-3000,"AP0000003",21109533.4533395,21.1095334533395,127.5102884114,"Fernando_Noronha"
-3,-4000,"AP0000003",21109533.4533395,21.1095334533395,127.5102884114,"Fernando_Noronha"
-3,-5000,"AP0000003",21109533.4533395,21.1095334533395,127.5102884114,"Fernando_Noronha"
-4,-6000,"AP0000004",21109533.4533395,21.1095334533395,127.5102884114,"Fernando_Noronha"
-4,-7000,"AP0000004",21109533.4533395,21.1095334533395,127.5102884114,"Fernando_Noronha"
-11,-8000,"AP0000005",21749211.0337707,21.7492110337707,127.5102884114,"Fernando_Noronha"
-24,-9000,"AP0000006",28999087.3309129,28.9990873309129,127.5102884114,"Fernando_Noronha"
-38,-10000,"AP0000007",39447428.1300135,39.4474281300135,127.5102884114,"Fernando_Noronha"
-52,-11000,"AP0000008",53307388.9874617,53.3073889874617,127.5102884114,"Fernando_Noronha"
-65,-12000,"AP0000009",60130732.532135,60.130732532135,127.5102884114,"Fernando_Noronha"
-76,-13000,"AP0000010",64608535.2109436,64.6085352109436,127.5102884114,"Fernando_Noronha"
-85,-14000,"AP0000011",66740838.7451266,66.7408387451266,127.5102884114,"Fernando_Noronha"
-93,-15000,"AP0000012",69726015.7742581,69.7260157742581,127.5102884114,"Fernando_Noronha"
-102,-16000,"AP0000013",71858355.5454681,71.8583555454681,127.5102884114,"Fernando_Noronha"
-109,-17000,"AP0000014",74417071.2729363,74.4170712729363,127.5102884114,"Fernando_Noronha"
-116,-18000,"AP0000015",75909643.4324754,75.9096434324754,127.5102884114,"Fernando_Noronha"
-121,-19000,"AP0000016",77402297.8866257,77.4022978866257,127.5102884114,"Fernando_Noronha"
-123,-20000,"AP0000017",77615516.9350809,77.6155169350809,127.5102884114,"Fernando_Noronha"
-122,-21000,"AP0000018",77402297.8866257,77.4022978866257,127.5102884114,"Fernando_Noronha"
-118,-22000,"AP0000019",76762617.1528646,76.7626171528646,127.5102884114,"Fernando_Noronha"
-112,-23000,"AP0000020",75483211.4743835,75.4832114743835,127.5102884114,"Fernando_Noronha"
-105,-24000,"AP0000021",73350938.434161,73.350938434161,127.5102884114,"Fernando_Noronha"
-98,-25000,"AP0000022",71005450.4389352,71.0054504389352,127.5102884114,"Fernando_Noronha"
-93,-26000,"AP0000012",69726015.7742581,69.7260157742581,127.5102884114,"Fernando_Noronha"
-90,-27000,"AP0000023",68659870.3494499,68.6598703494499,127.5102884114,"Fernando_Noronha"
-87,-28000,"AP0000024",67380516.2742277,67.3805162742277,127.5102884114,"Fernando_Noronha"
-84,-29000,"AP0000025",66527604.0270717,66.5276040270717,127.5102884114,"Fernando_Noronha"
-81,-30000,"AP0000026",65248230.4423715,65.2482304423715,127.5102884114,"Fernando_Noronha"
-79,-31000,"AP0000027",65248230.4423715,65.2482304423715,127.5102884114,"Fernando_Noronha"
-76,-32000,"AP0000010",64608535.2109436,64.6085352109436,127.5102884114,"Fernando_Noronha"
-75,-33000,"AP0000028",64182068.0751748,64.1820680751748,127.5102884114,"Fernando_Noronha"
-73,-34000,"AP0000029",63329137.464034,63.329137464034,127.5102884114,"Fernando_Noronha"
-72,-35000,"AP0000030",63329137.464034,63.329137464034,127.5102884114,"Fernando_Noronha"
-72,-36000,"AP0000030",63329137.464034,63.329137464034,127.5102884114,"Fernando_Noronha"
-72,-37000,"AP0000030",63329137.464034,63.329137464034,127.5102884114,"Fernando_Noronha"
-72,-38000,"AP0000030",63329137.464034,63.329137464034,127.5102884114,"Fernando_Noronha"
-74,-39000,"AP0000031",63755610.6894698,63.7556106894698,127.5102884114,"Fernando_Noronha"
-76,-40000,"AP0000010",64608535.2109436,64.6085352109436,127.5102884114,"Fernando_Noronha"
-78,-41000,"AP0000032",65034991.5859283,65.0349915859283,127.5102884114,"Fernando_Noronha"
-80,-42000,"AP0000033",65248230.4423715,65.2482304423715,127.5102884114,"Fernando_Noronha"
-82,-43000,"AP0000034",65887906.4995155,65.8879064995155,127.5102884114,"Fernando_Noronha"
-84,-44000,"AP0000025",66527604.0270717,66.5276040270717,127.5102884114,"Fernando_Noronha"
-85,-45000,"AP0000011",66740838.7451266,66.7408387451266,127.5102884114,"Fernando_Noronha"
-86,-46000,"AP0000035",66954058.8202769,66.9540588202769,127.5102884114,"Fernando_Noronha"
-86,-47000,"AP0000035",66954058.8202769,66.9540588202769,127.5102884114,"Fernando_Noronha"
-86,-48000,"AP0000035",66954058.8202769,66.9540588202769,127.5102884114,"Fernando_Noronha"
-86,-49000,"AP0000035",66954058.8202769,66.9540588202769,127.5102884114,"Fernando_Noronha"
-86,-50000,"AP0000035",66954058.8202769,66.9540588202769,127.5102884114,"Fernando_Noronha"
-86,-51000,"AP0000035",66954058.8202769,66.9540588202769,127.5102884114,"Fernando_Noronha"
-85,-52000,"AP0000011",66740838.7451266,66.7408387451266,127.5102884114,"Fernando_Noronha"
-85,-53000,"AP0000011",66740838.7451266,66.7408387451266,127.5102884114,"Fernando_Noronha"
-85,-54000,"AP0000011",66740838.7451266,66.7408387451266,127.5102884114,"Fernando_Noronha"
-84,-55000,"AP0000025",66527604.0270717,66.5276040270717,127.5102884114,"Fernando_Noronha"
-83,-56000,"AP0000036",66101138.6548002,66.1011386548002,127.5102884114,"Fernando_Noronha"
-82,-57000,"AP0000034",65887906.4995155,65.8879064995155,127.5102884114,"Fernando_Noronha"
-80,-58000,"AP0000033",65248230.4423715,65.2482304423715,127.5102884114,"Fernando_Noronha"
-79,-59000,"AP0000027",65248230.4423715,65.2482304423715,127.5102884114,"Fernando_Noronha"
-78,-60000,"AP0000032",65034991.5859283,65.0349915859283,127.5102884114,"Fernando_Noronha"
-77,-61000,"AP0000037",64821755.2860936,64.8217552860936,127.5102884114,"Fernando_Noronha"
-77,-62000,"AP0000037",64821755.2860936,64.8217552860936,127.5102884114,"Fernando_Noronha"
-77,-63000,"AP0000037",64821755.2860936,64.8217552860936,127.5102884114,"Fernando_Noronha"
-78,-64000,"AP0000032",65034991.5859283,65.0349915859283,127.5102884114,"Fernando_Noronha"
-79,-65000,"AP0000027",65248230.4423715,65.2482304423715,127.5102884114,"Fernando_Noronha"
-81,-66000,"AP0000026",65248230.4423715,65.2482304423715,127.5102884114,"Fernando_Noronha"
-82,-67000,"AP0000034",65887906.4995155,65.8879064995155,127.5102884114,"Fernando_Noronha"
-82,-68000,"AP0000034",65887906.4995155,65.8879064995155,127.5102884114,"Fernando_Noronha"
-81,-69000,"AP0000026",65248230.4423715,65.2482304423715,127.5102884114,"Fernando_Noronha"
-80,-70000,"AP0000033",65248230.4423715,65.2482304423715,127.5102884114,"Fernando_Noronha"
-81,-71000,"AP0000026",65248230.4423715,65.2482304423715,127.5102884114,"Fernando_Noronha"
-83,-72000,"AP0000036",66101138.6548002,66.1011386548002,127.5102884114,"Fernando_Noronha"
-72,-73000,"AP0000030",63329137.464034,63.329137464034,127.5102884114,"Fernando_Noronha"
-48,-74000,"AP0000038",49682483.0639693,49.6824830639693,127.5102884114,"Fernando_Noronha"
-29,-75000,"AP0000039",32837276.3020462,32.8372763020462,127.5102884114,"Fernando_Noronha"
-20,-76000,"AP0000040",26013853.8713529,26.0138538713529,127.5102884114,"Fernando_Noronha"
-17,-77000,"AP0000041",23881519.7381555,23.8815197381555,127.5102884114,"Fernando_Noronha"
-15,-78000,"AP0000042",22602123.9635337,22.6021239635337,127.5102884114,"Fernando_Noronha"
-14,-79000,"AP0000043",22388890.6412612,22.3888906412612,127.5102884114,"Fernando_Noronha"
-13,-80000,"AP0000044",22388890.6412612,22.3888906412612,127.5102884114,"Fernando_Noronha"
-12,-81000,"AP0000045",22388890.6412612,22.3888906412612,127.5102884114,"Fernando_Noronha"
-12,-82000,"AP0000045",22388890.6412612,22.3888906412612,127.5102884114,"Fernando_Noronha"
-13,-83000,"AP0000044",22388890.6412612,22.3888906412612,127.5102884114,"Fernando_Noronha"
-15,-84000,"AP0000042",22602123.9635337,22.6021239635337,127.5102884114,"Fernando_Noronha"
-19,-85000,"AP0000046",25374152.899801,25.374152899801,127.5102884114,"Fernando_Noronha"
-26,-86000,"AP0000047",29638790.3905914,29.6387903905914,127.5102884114,"Fernando_Noronha"
-34,-87000,"AP0000048",36675453.2637737,36.6754532637737,127.5102884114,"Fernando_Noronha"
-43,-88000,"AP0000049",45844348.8537863,45.8443488537863,127.5102884114,"Fernando_Noronha"
-49,-89000,"AP0000050",50748629.7931671,50.7486297931671,127.5102884114,"Fernando_Noronha"
-52,-90000,"AP0000008",53307388.9874617,53.3073889874617,127.5102884114,"Fernando_Noronha"
-54,-91000,"AP0000051",54373516.7448813,54.3735167448813,127.5102884114,"Fernando_Noronha"
-55,-92000,"AP0000052",55226421.4854566,55.2264214854566,127.5102884114,"Fernando_Noronha"
-55,-93000,"AP0000052",55226421.4854566,55.2264214854566,127.5102884114,"Fernando_Noronha"
-56,-94000,"AP0000053",55652872.8898782,55.6528728898782,127.5102884114,"Fernando_Noronha"
-54,-95000,"AP0000051",54373516.7448813,54.3735167448813,127.5102884114,"Fernando_Noronha"
-46,-96000,"AP0000054",47763411.8811043,47.7634118811043,127.5102884114,"Fernando_Noronha"
-35,-97000,"AP0000055",38168048.4285314,38.1680484285314,127.5102884114,"Fernando_Noronha"
-24,-98000,"AP0000006",28999087.3309129,28.9990873309129,127.5102884114,"Fernando_Noronha"
-16,-99000,"AP0000056",23241831.4660235,23.2418314660235,127.5102884114,"Fernando_Noronha"
-12,-1e+05,"AP0000045",22388890.6412612,22.3888906412612,127.5102884114,"Fernando_Noronha"
-10,-101000,"AP0000057",21535978.7239196,21.5359787239196,127.5102884114,"Fernando_Noronha"
-10,-102000,"AP0000057",21535978.7239196,21.5359787239196,127.5102884114,"Fernando_Noronha"
-9,-103000,"AP0000058",21322754.026709,21.322754026709,127.5102884114,"Fernando_Noronha"
-8,-104000,"AP0000059",21322754.026709,21.322754026709,127.5102884114,"Fernando_Noronha"
-10,-105000,"AP0000057",21535978.7239196,21.5359787239196,127.5102884114,"Fernando_Noronha"
-16,-106000,"AP0000056",23241831.4660235,23.2418314660235,127.5102884114,"Fernando_Noronha"
-26,-107000,"AP0000047",29638790.3905914,29.6387903905914,127.5102884114,"Fernando_Noronha"
-31,-108000,"AP0000060",33690208.0481723,33.6902080481723,127.5102884114,"Fernando_Noronha"
-33,-109000,"AP0000061",35396067.9777236,35.3960679777236,127.5102884114,"Fernando_Noronha"
-33,-110000,"AP0000061",35396067.9777236,35.3960679777236,127.5102884114,"Fernando_Noronha"
-32,-111000,"AP0000062",34756373.1324658,34.7563731324658,127.5102884114,"Fernando_Noronha"
-32,-112000,"AP0000062",34756373.1324658,34.7563731324658,127.5102884114,"Fernando_Noronha"
-27,-113000,"AP0000063",31771127.5799955,31.7711275799955,127.5102884114,"Fernando_Noronha"
-16,-114000,"AP0000056",23241831.4660235,23.2418314660235,127.5102884114,"Fernando_Noronha"
-6,-115000,"AP0000064",21322754.026709,21.322754026709,127.5102884114,"Fernando_Noronha"
0,-116000,"AP0000000",20683088.1783253,20.6830881783253,127.5102884114,"Fernando_Noronha"
3,-117000,"AP0000065",20256635.1671749,20.2566351671749,127.5102884114,"Fernando_Noronha"
5,-118000,"AP0000066",19190517.9812333,19.1905179812333,127.5102884114,"Fernando_Noronha"
7,-119000,"AP0000067",18550840.0133189,18.5508400133189,127.5102884114,"Fernando_Noronha"
9,-120000,"AP0000068",18124377.4677641,18.1243774677641,127.5102884114,"Fernando_Noronha"
10,-121000,"AP0000069",17911155.3425171,17.9111553425171,127.5102884114,"Fernando_Noronha"
10,-122000,"AP0000069",17911155.3425171,17.9111553425171,127.5102884114,"Fernando_Noronha"
10,-123000,"AP0000069",17911155.3425171,17.9111553425171,127.5102884114,"Fernando_Noronha"
9,-124000,"AP0000068",18124377.4677641,18.1243774677641,127.5102884114,"Fernando_Noronha"
9,-125000,"AP0000068",18124377.4677641,18.1243774677641,127.5102884114,"Fernando_Noronha"
10,-126000,"AP0000069",17911155.3425171,17.9111553425171,127.5102884114,"Fernando_Noronha"
12,-127000,"AP0000070",17911155.3425171,17.9111553425171,127.5102884114,"Fernando_Noronha"
10,-128000,"AP0000069",17911155.3425171,17.9111553425171,127.5102884114,"Fernando_Noronha"
-3,-129000,"AP0000003",21109533.4533395,21.1095334533395,127.5102884114,"Fernando_Noronha"
-27,-130000,"AP0000063",31771127.5799955,31.7711275799955,127.5102884114,"Fernando_Noronha"
-28,-131000,"AP0000071",32624038.2882409,32.6240382882409,127.5102884114,"Fernando_Noronha"
-26,-132000,"AP0000047",29638790.3905914,29.6387903905914,127.5102884114,"Fernando_Noronha"
-24,-133000,"AP0000006",28999087.3309129,28.9990873309129,127.5102884114,"Fernando_Noronha"
-22,-134000,"AP0000072",27506494.2506679,27.5064942506679,127.5102884114,"Fernando_Noronha"
-20,-135000,"AP0000040",26013853.8713529,26.0138538713529,127.5102884114,"Fernando_Noronha"
-18,-136000,"AP0000073",25374152.899801,25.374152899801,127.5102884114,"Fernando_Noronha"
-19,-137000,"AP0000046",25374152.899801,25.374152899801,127.5102884114,"Fernando_Noronha"
-22,-138000,"AP0000072",27506494.2506679,27.5064942506679,127.5102884114,"Fernando_Noronha"
-28,-139000,"AP0000071",32624038.2882409,32.6240382882409,127.5102884114,"Fernando_Noronha"
-44,-140000,"AP0000074",46697262.3071761,46.6972623071761,127.5102884114,"Fernando_Noronha"
0,0,"AP0000000",8282666570.40767,8282.66657040767,106945.748141075,"Galapagos"
-1,-1000,"AP0000001",8368991287.52369,8368.99128752369,106945.748141075,"Galapagos"
-2,-2000,"AP0000002",8377751955.18707,8377.75195518707,106945.748141075,"Galapagos"
-3,-3000,"AP0000003",8390999827.8118,8390.9998278118,106945.748141075,"Galapagos"
-3,-4000,"AP0000003",8390999827.8118,8390.9998278118,106945.748141075,"Galapagos"
-3,-5000,"AP0000003",8390999827.8118,8390.9998278118,106945.748141075,"Galapagos"
-4,-6000,"AP0000004",8407239346.3963,8407.2393463963,106945.748141075,"Galapagos"
-4,-7000,"AP0000004",8407239346.3963,8407.2393463963,106945.748141075,"Galapagos"
-11,-8000,"AP0000005",8517070309.20302,8517.07030920302,106945.748141075,"Galapagos"
-24,-9000,"AP0000006",8764727823.21594,8764.72782321594,106945.748141075,"Galapagos"
-38,-10000,"AP0000007",9036530541.50385,9036.53054150385,106945.748141075,"Galapagos"
-52,-11000,"AP0000008",9348715892.29436,9348.71589229436,106945.748141075,"Galapagos"
-65,-12000,"AP0000009",9714747446.89685,9714.74744689685,106945.748141075,"Galapagos"
-76,-13000,"AP0000010",10074152987.3435,10074.1529873435,106945.748141075,"Galapagos"
-85,-14000,"AP0000011",10387190134.0429,10387.1901340429,106945.748141075,"Galapagos"
-93,-15000,"AP0000012",10700228556.0236,10700.2285560236,106945.748141075,"Galapagos"
-102,-16000,"AP0000013",11072242041.4715,11072.2420414715,106945.748141075,"Galapagos"
-109,-17000,"AP0000014",11371603730.973,11371.603730973,106945.748141075,"Galapagos"
-116,-18000,"AP0000015",11690194843.8437,11690.1948438437,106945.748141075,"Galapagos"
-121,-19000,"AP0000016",11961136098.5128,11961.1360985128,106945.748141075,"Galapagos"
-123,-20000,"AP0000017",12089982882.4491,12089.9828824491,106945.748141075,"Galapagos"
-122,-21000,"AP0000018",12028443931.6155,12028.4439316155,106945.748141075,"Galapagos"
-118,-22000,"AP0000019",11789981799.2093,11789.9817992093,106945.748141075,"Galapagos"
-112,-23000,"AP0000020",11502160606.9515,11502.1606069515,106945.748141075,"Galapagos"
-105,-24000,"AP0000021",11189337032.419,11189.337032419,106945.748141075,"Galapagos"
-98,-25000,"AP0000022",10908992166.2105,10908.9921662105,106945.748141075,"Galapagos"
-93,-26000,"AP0000012",10700228556.0236,10700.2285560236,106945.748141075,"Galapagos"
-90,-27000,"AP0000023",10575012900.4925,10575.0129004925,106945.748141075,"Galapagos"
-87,-28000,"AP0000024",10460054236.3404,10460.0542363404,106945.748141075,"Galapagos"
-84,-29000,"AP0000025",10351505965.7476,10351.5059657476,106945.748141075,"Galapagos"
-81,-30000,"AP0000026",10242743722.0566,10242.7437220566,106945.748141075,"Galapagos"
-79,-31000,"AP0000027",10172871211.3896,10172.8712113896,106945.748141075,"Galapagos"
-76,-32000,"AP0000010",10074152987.3435,10074.1529873435,106945.748141075,"Galapagos"
-75,-33000,"AP0000028",10042101429.8906,10042.1014298906,106945.748141075,"Galapagos"
-73,-34000,"AP0000029",9973724191.04946,9973.72419104946,106945.748141075,"Galapagos"
-72,-35000,"AP0000030",9939963329.4929,9939.9633294929,106945.748141075,"Galapagos"
-72,-36000,"AP0000030",9939963329.4929,9939.9633294929,106945.748141075,"Galapagos"
-72,-37000,"AP0000030",9939963329.4929,9939.9633294929,106945.748141075,"Galapagos"
-72,-38000,"AP0000030",9939963329.4929,9939.9633294929,106945.748141075,"Galapagos"
-74,-39000,"AP0000031",10007485358.0814,10007.4853580814,106945.748141075,"Galapagos"
-76,-40000,"AP0000010",10074152987.3435,10074.1529873435,106945.748141075,"Galapagos"
-78,-41000,"AP0000032",10140392612.0369,10140.3926120369,106945.748141075,"Galapagos"
-80,-42000,"AP0000033",10211546712.8594,10211.5467128594,106945.748141075,"Galapagos"
-82,-43000,"AP0000034",10281633305.318,10281.633305318,106945.748141075,"Galapagos"
-84,-44000,"AP0000025",10351505965.7476,10351.5059657476,106945.748141075,"Galapagos"
-85,-45000,"AP0000011",10387190134.0429,10387.1901340429,106945.748141075,"Galapagos"
-86,-46000,"AP0000035",10425010949.6614,10425.0109496614,106945.748141075,"Galapagos"
-86,-47000,"AP0000035",10425010949.6614,10425.0109496614,106945.748141075,"Galapagos"
-86,-48000,"AP0000035",10425010949.6614,10425.0109496614,106945.748141075,"Galapagos"
-86,-49000,"AP0000035",10425010949.6614,10425.0109496614,106945.748141075,"Galapagos"
-86,-50000,"AP0000035",10425010949.6614,10425.0109496614,106945.748141075,"Galapagos"
-86,-51000,"AP0000035",10425010949.6614,10425.0109496614,106945.748141075,"Galapagos"
-85,-52000,"AP0000011",10387190134.0429,10387.1901340429,106945.748141075,"Galapagos"
-85,-53000,"AP0000011",10387190134.0429,10387.1901340429,106945.748141075,"Galapagos"
-85,-54000,"AP0000011",10387190134.0429,10387.1901340429,106945.748141075,"Galapagos"
-84,-55000,"AP0000025",10351505965.7476,10351.5059657476,106945.748141075,"Galapagos"
-83,-56000,"AP0000036",10319667965.0484,10319.6679650484,106945.748141075,"Galapagos"
-82,-57000,"AP0000034",10281633305.318,10281.633305318,106945.748141075,"Galapagos"
-80,-58000,"AP0000033",10211546712.8594,10211.5467128594,106945.748141075,"Galapagos"
-79,-59000,"AP0000027",10172871211.3896,10172.8712113896,106945.748141075,"Galapagos"
-78,-60000,"AP0000032",10140392612.0369,10140.3926120369,106945.748141075,"Galapagos"
-77,-61000,"AP0000037",10107272876.4765,10107.2728764765,106945.748141075,"Galapagos"
-77,-62000,"AP0000037",10107272876.4765,10107.2728764765,106945.748141075,"Galapagos"
-77,-63000,"AP0000037",10107272876.4765,10107.2728764765,106945.748141075,"Galapagos"
-78,-64000,"AP0000032",10140392612.0369,10140.3926120369,106945.748141075,"Galapagos"
-79,-65000,"AP0000027",10172871211.3896,10172.8712113896,106945.748141075,"Galapagos"
-81,-66000,"AP0000026",10242743722.0566,10242.7437220566,106945.748141075,"Galapagos"
-82,-67000,"AP0000034",10281633305.318,10281.633305318,106945.748141075,"Galapagos"
-82,-68000,"AP0000034",10281633305.318,10281.633305318,106945.748141075,"Galapagos"
-81,-69000,"AP0000026",10242743722.0566,10242.7437220566,106945.748141075,"Galapagos"
-80,-70000,"AP0000033",10211546712.8594,10211.5467128594,106945.748141075,"Galapagos"
-81,-71000,"AP0000026",10242743722.0566,10242.7437220566,106945.748141075,"Galapagos"
-83,-72000,"AP0000036",10319667965.0484,10319.6679650484,106945.748141075,"Galapagos"
-72,-73000,"AP0000030",9939963329.4929,9939.9633294929,106945.748141075,"Galapagos"
-48,-74000,"AP0000038",9254056933.66339,9254.05693366339,106945.748141075,"Galapagos"
-29,-75000,"AP0000039",8864730530.3399,8864.7305303399,106945.748141075,"Galapagos"
-20,-76000,"AP0000040",8695067116.36549,8695.06711636549,106945.748141075,"Galapagos"
-17,-77000,"AP0000041",8637587064.03459,8637.58706403459,106945.748141075,"Galapagos"
-15,-78000,"AP0000042",8587799021.72646,8587.79902172646,106945.748141075,"Galapagos"
-14,-79000,"AP0000043",8567712740.07435,8567.71274007435,106945.748141075,"Galapagos"
-13,-80000,"AP0000044",8547626396.26863,8547.62639626863,106945.748141075,"Galapagos"
-12,-81000,"AP0000045",8532455199.9312,8532.4551999312,106945.748141075,"Galapagos"
-12,-82000,"AP0000045",8532455199.9312,8532.4551999312,106945.748141075,"Galapagos"
-13,-83000,"AP0000044",8547626396.26863,8547.62639626863,106945.748141075,"Galapagos"
-15,-84000,"AP0000042",8587799021.72646,8587.79902172646,106945.748141075,"Galapagos"
-19,-85000,"AP0000046",8674553607.54641,8674.55360754641,106945.748141075,"Galapagos"
-26,-86000,"AP0000047",8804472634.06467,8804.47263406467,106945.748141075,"Galapagos"
-34,-87000,"AP0000048",8962383069.56128,8962.38306956128,106945.748141075,"Galapagos"
-43,-88000,"AP0000049",9143798217.11867,9143.79821711867,106945.748141075,"Galapagos"
-49,-89000,"AP0000050",9279484067.04664,9279.48406704664,106945.748141075,"Galapagos"
-52,-90000,"AP0000008",9348715892.29436,9348.71589229436,106945.748141075,"Galapagos"
-54,-91000,"AP0000051",9402349324.93475,9402.34932493475,106945.748141075,"Galapagos"
-55,-92000,"AP0000052",9429059312.57327,9429.05931257327,106945.748141075,"Galapagos"
-55,-93000,"AP0000052",9429059312.57327,9429.05931257327,106945.748141075,"Galapagos"
-56,-94000,"AP0000053",9467735832.20605,9467.73583220605,106945.748141075,"Galapagos"
-54,-95000,"AP0000051",9402349324.93475,9402.34932493475,106945.748141075,"Galapagos"
-46,-96000,"AP0000054",9206406444.43878,9206.40644443878,106945.748141075,"Galapagos"
-35,-97000,"AP0000055",8982896390.67695,8982.89639067695,106945.748141075,"Galapagos"
-24,-98000,"AP0000006",8764727823.21594,8764.72782321594,106945.748141075,"Galapagos"
-16,-99000,"AP0000056",8613654459.50379,8613.65445950379,106945.748141075,"Galapagos"
-12,-1e+05,"AP0000045",8532455199.9312,8532.4551999312,106945.748141075,"Galapagos"
-10,-101000,"AP0000057",8497198003.03411,8497.1980030341,106945.748141075,"Galapagos"
-10,-102000,"AP0000057",8497198003.03411,8497.1980030341,106945.748141075,"Galapagos"
-9,-103000,"AP0000058",8483095112.73983,8483.09511273983,106945.748141075,"Galapagos"
-8,-104000,"AP0000059",8468992419.24753,8468.99241924753,106945.748141075,"Galapagos"
-10,-105000,"AP0000057",8497198003.03411,8497.1980030341,106945.748141075,"Galapagos"
-16,-106000,"AP0000056",8613654459.50379,8613.65445950379,106945.748141075,"Galapagos"
-26,-107000,"AP0000047",8804472634.06467,8804.47263406467,106945.748141075,"Galapagos"
-31,-108000,"AP0000060",8908321454.14956,8908.32145414956,106945.748141075,"Galapagos"
-33,-109000,"AP0000061",8942938089.97602,8942.93808997602,106945.748141075,"Galapagos"
-33,-110000,"AP0000061",8942938089.97602,8942.93808997602,106945.748141075,"Galapagos"
-32,-111000,"AP0000062",8923706525.72543,8923.70652572543,106945.748141075,"Galapagos"
-32,-112000,"AP0000062",8923706525.72543,8923.70652572543,106945.748141075,"Galapagos"
-27,-113000,"AP0000063",8824986082.2822,8824.9860822822,106945.748141075,"Galapagos"
-16,-114000,"AP0000056",8613654459.50379,8613.65445950379,106945.748141075,"Galapagos"
-6,-115000,"AP0000064",8441214102.21796,8441.21410221796,106945.748141075,"Galapagos"
0,-116000,"AP0000000",8282666570.40767,8282.66657040767,106945.748141075,"Galapagos"
3,-117000,"AP0000065",8215570321.85633,8215.57032185633,106945.748141075,"Galapagos"
5,-118000,"AP0000066",8158730348.06134,8158.73034806134,106945.748141075,"Galapagos"
7,-119000,"AP0000067",8070906639.65739,8070.90663965739,106945.748141075,"Galapagos"
9,-120000,"AP0000068",7948892776.93457,7948.89277693457,106945.748141075,"Galapagos"
10,-121000,"AP0000069",7886711303.5648,7886.7113035648,106945.748141075,"Galapagos"
10,-122000,"AP0000069",7886711303.5648,7886.7113035648,106945.748141075,"Galapagos"
10,-123000,"AP0000069",7886711303.5648,7886.7113035648,106945.748141075,"Galapagos"
9,-124000,"AP0000068",7948892776.93457,7948.89277693457,106945.748141075,"Galapagos"
9,-125000,"AP0000068",7948892776.93457,7948.89277693457,106945.748141075,"Galapagos"
10,-126000,"AP0000069",7886711303.5648,7886.7113035648,106945.748141075,"Galapagos"
12,-127000,"AP0000070",7763843397.10521,7763.84339710521,106945.748141075,"Galapagos"
10,-128000,"AP0000069",7886711303.5648,7886.7113035648,106945.748141075,"Galapagos"
-3,-129000,"AP0000003",8390999827.8118,8390.9998278118,106945.748141075,"Galapagos"
-27,-130000,"AP0000063",8824986082.2822,8824.9860822822,106945.748141075,"Galapagos"
-28,-131000,"AP0000071",8845499407.26573,8845.49940726573,106945.748141075,"Galapagos"
-26,-132000,"AP0000047",8804472634.06467,8804.47263406467,106945.748141075,"Galapagos"
-24,-133000,"AP0000006",8764727823.21594,8764.72782321594,106945.748141075,"Galapagos"
-22,-134000,"AP0000072",8723700546.00562,8723.70054600562,106945.748141075,"Galapagos"
-20,-135000,"AP0000040",8695067116.36549,8695.06711636549,106945.748141075,"Galapagos"
-18,-136000,"AP0000073",8655108523.69225,8655.10852369225,106945.748141075,"Galapagos"
-19,-137000,"AP0000046",8674553607.54641,8674.55360754641,106945.748141075,"Galapagos"
-22,-138000,"AP0000072",8723700546.00562,8723.70054600562,106945.748141075,"Galapagos"
-28,-139000,"AP0000071",8845499407.26573,8845.49940726573,106945.748141075,"Galapagos"
-44,-140000,"AP0000074",9163456697.15872,9163.45669715872,106945.748141075,"Galapagos"
0,0,"AP0000000",83894198.4715815,83.8941984715815,346.152324134003,"Gough"
-1,-1000,"AP0000001",83894198.4715815,83.8941984715815,346.152324134003,"Gough"
-2,-2000,"AP0000002",83894198.4715815,83.8941984715815,346.152324134003,"Gough"
-3,-3000,"AP0000003",83894198.4715815,83.8941984715815,346.152324134003,"Gough"
-3,-4000,"AP0000003",83894198.4715815,83.8941984715815,346.152324134003,"Gough"
-3,-5000,"AP0000003",83894198.4715815,83.8941984715815,346.152324134003,"Gough"
-4,-6000,"AP0000004",83894198.4715815,83.8941984715815,346.152324134003,"Gough"
-4,-7000,"AP0000004",83894198.4715815,83.8941984715815,346.152324134003,"Gough"
-11,-8000,"AP0000005",83894198.4715815,83.8941984715815,346.152324134003,"Gough"
-24,-9000,"AP0000006",83894198.4715815,83.8941984715815,346.152324134003,"Gough"
-38,-10000,"AP0000007",83894198.4715815,83.8941984715815,346.152324134003,"Gough"
-52,-11000,"AP0000008",83894198.4715815,83.8941984715815,346.152324134003,"Gough"
-65,-12000,"AP0000009",83894198.4715815,83.8941984715815,346.152324134003,"Gough"
-76,-13000,"AP0000010",83894198.4715815,83.8941984715815,346.152324134003,"Gough"
-85,-14000,"AP0000011",83894198.4715815,83.8941984715815,346.152324134003,"Gough"
-93,-15000,"AP0000012",84385728.958322,84.385728958322,346.152324134003,"Gough"
-102,-16000,"AP0000013",85204687.2686634,85.2046872686634,346.152324134003,"Gough"
-109,-17000,"AP0000014",85860127.6219392,85.8601276219392,346.152324134003,"Gough"
-116,-18000,"AP0000015",88973936.0604725,88.9739360604725,346.152324134003,"Gough"
-121,-19000,"AP0000016",93563230.2823083,93.5632302823083,346.152324134003,"Gough"
-123,-20000,"AP0000017",95365063.6515789,95.3650636515789,346.152324134003,"Gough"
-122,-21000,"AP0000018",95037346.8335524,95.0373468335524,346.152324134003,"Gough"
-118,-22000,"AP0000019",90777316.1385627,90.7773161385627,346.152324134003,"Gough"
-112,-23000,"AP0000020",86187854.4690793,86.1878544690793,346.152324134003,"Gough"
-105,-24000,"AP0000021",85368358.5161755,85.3683585161755,346.152324134003,"Gough"
-98,-25000,"AP0000022",84549393.1842098,84.5493931842098,346.152324134003,"Gough"
-93,-26000,"AP0000012",84385728.958322,84.385728958322,346.152324134003,"Gough"
-90,-27000,"AP0000023",83894198.4715815,83.8941984715815,346.152324134003,"Gough"
-87,-28000,"AP0000024",83894198.4715815,83.8941984715815,346.152324134003,"Gough"
-84,-29000,"AP0000025",83894198.4715815,83.8941984715815,346.152324134003,"Gough"
-81,-30000,"AP0000026",83894198.4715815,83.8941984715815,346.152324134003,"Gough"
-79,-31000,"AP0000027",83894198.4715815,83.8941984715815,346.152324134003,"Gough"
-76,-32000,"AP0000010",83894198.4715815,83.8941984715815,346.152324134003,"Gough"
-75,-33000,"AP0000028",83894198.4715815,83.8941984715815,346.152324134003,"Gough"
-73,-34000,"AP0000029",83894198.4715815,83.8941984715815,346.152324134003,"Gough"
-72,-35000,"AP0000030",83894198.4715815,83.8941984715815,346.152324134003,"Gough"
-72,-36000,"AP0000030",83894198.4715815,83.8941984715815,346.152324134003,"Gough"
-72,-37000,"AP0000030",83894198.4715815,83.8941984715815,346.152324134003,"Gough"
-72,-38000,"AP0000030",83894198.4715815,83.8941984715815,346.152324134003,"Gough"
-74,-39000,"AP0000031",83894198.4715815,83.8941984715815,346.152324134003,"Gough"
-76,-40000,"AP0000010",83894198.4715815,83.8941984715815,346.152324134003,"Gough"
-78,-41000,"AP0000032",83894198.4715815,83.8941984715815,346.152324134003,"Gough"
-80,-42000,"AP0000033",83894198.4715815,83.8941984715815,346.152324134003,"Gough"
-82,-43000,"AP0000034",83894198.4715815,83.8941984715815,346.152324134003,"Gough"
-84,-44000,"AP0000025",83894198.4715815,83.8941984715815,346.152324134003,"Gough"
-85,-45000,"AP0000011",83894198.4715815,83.8941984715815,346.152324134003,"Gough"
-86,-46000,"AP0000035",83894198.4715815,83.8941984715815,346.152324134003,"Gough"
-86,-47000,"AP0000035",83894198.4715815,83.8941984715815,346.152324134003,"Gough"
-86,-48000,"AP0000035",83894198.4715815,83.8941984715815,346.152324134003,"Gough"
-86,-49000,"AP0000035",83894198.4715815,83.8941984715815,346.152324134003,"Gough"
-86,-50000,"AP0000035",83894198.4715815,83.8941984715815,346.152324134003,"Gough"
-86,-51000,"AP0000035",83894198.4715815,83.8941984715815,346.152324134003,"Gough"
-85,-52000,"AP0000011",83894198.4715815,83.8941984715815,346.152324134003,"Gough"
-85,-53000,"AP0000011",83894198.4715815,83.8941984715815,346.152324134003,"Gough"
-85,-54000,"AP0000011",83894198.4715815,83.8941984715815,346.152324134003,"Gough"
-84,-55000,"AP0000025",83894198.4715815,83.8941984715815,346.152324134003,"Gough"
-83,-56000,"AP0000036",83894198.4715815,83.8941984715815,346.152324134003,"Gough"
-82,-57000,"AP0000034",83894198.4715815,83.8941984715815,346.152324134003,"Gough"
-80,-58000,"AP0000033",83894198.4715815,83.8941984715815,346.152324134003,"Gough"
-79,-59000,"AP0000027",83894198.4715815,83.8941984715815,346.152324134003,"Gough"
-78,-60000,"AP0000032",83894198.4715815,83.8941984715815,346.152324134003,"Gough"
-77,-61000,"AP0000037",83894198.4715815,83.8941984715815,346.152324134003,"Gough"
-77,-62000,"AP0000037",83894198.4715815,83.8941984715815,346.152324134003,"Gough"
-77,-63000,"AP0000037",83894198.4715815,83.8941984715815,346.152324134003,"Gough"
-78,-64000,"AP0000032",83894198.4715815,83.8941984715815,346.152324134003,"Gough"
-79,-65000,"AP0000027",83894198.4715815,83.8941984715815,346.152324134003,"Gough"
-81,-66000,"AP0000026",83894198.4715815,83.8941984715815,346.152324134003,"Gough"
-82,-67000,"AP0000034",83894198.4715815,83.8941984715815,346.152324134003,"Gough"
-82,-68000,"AP0000034",83894198.4715815,83.8941984715815,346.152324134003,"Gough"
-81,-69000,"AP0000026",83894198.4715815,83.8941984715815,346.152324134003,"Gough"
-80,-70000,"AP0000033",83894198.4715815,83.8941984715815,346.152324134003,"Gough"
-81,-71000,"AP0000026",83894198.4715815,83.8941984715815,346.152324134003,"Gough"
-83,-72000,"AP0000036",83894198.4715815,83.8941984715815,346.152324134003,"Gough"
-72,-73000,"AP0000030",83894198.4715815,83.8941984715815,346.152324134003,"Gough"
-48,-74000,"AP0000038",83894198.4715815,83.8941984715815,346.152324134003,"Gough"
-29,-75000,"AP0000039",83894198.4715815,83.8941984715815,346.152324134003,"Gough"
-20,-76000,"AP0000040",83894198.4715815,83.8941984715815,346.152324134003,"Gough"
-17,-77000,"AP0000041",83894198.4715815,83.8941984715815,346.152324134003,"Gough"
-15,-78000,"AP0000042",83894198.4715815,83.8941984715815,346.152324134003,"Gough"
-14,-79000,"AP0000043",83894198.4715815,83.8941984715815,346.152324134003,"Gough"
-13,-80000,"AP0000044",83894198.4715815,83.8941984715815,346.152324134003,"Gough"
-12,-81000,"AP0000045",83894198.4715815,83.8941984715815,346.152324134003,"Gough"
-12,-82000,"AP0000045",83894198.4715815,83.8941984715815,346.152324134003,"Gough"
-13,-83000,"AP0000044",83894198.4715815,83.8941984715815,346.152324134003,"Gough"
-15,-84000,"AP0000042",83894198.4715815,83.8941984715815,346.152324134003,"Gough"
-19,-85000,"AP0000046",83894198.4715815,83.8941984715815,346.152324134003,"Gough"
-26,-86000,"AP0000047",83894198.4715815,83.8941984715815,346.152324134003,"Gough"
-34,-87000,"AP0000048",83894198.4715815,83.8941984715815,346.152324134003,"Gough"
-43,-88000,"AP0000049",83894198.4715815,83.8941984715815,346.152324134003,"Gough"
-49,-89000,"AP0000050",83894198.4715815,83.8941984715815,346.152324134003,"Gough"
-52,-90000,"AP0000008",83894198.4715815,83.8941984715815,346.152324134003,"Gough"
-54,-91000,"AP0000051",83894198.4715815,83.8941984715815,346.152324134003,"Gough"
-55,-92000,"AP0000052",83894198.4715815,83.8941984715815,346.152324134003,"Gough"
-55,-93000,"AP0000052",83894198.4715815,83.8941984715815,346.152324134003,"Gough"
-56,-94000,"AP0000053",83894198.4715815,83.8941984715815,346.152324134003,"Gough"
-54,-95000,"AP0000051",83894198.4715815,83.8941984715815,346.152324134003,"Gough"
-46,-96000,"AP0000054",83894198.4715815,83.8941984715815,346.152324134003,"Gough"
-35,-97000,"AP0000055",83894198.4715815,83.8941984715815,346.152324134003,"Gough"
-24,-98000,"AP0000006",83894198.4715815,83.8941984715815,346.152324134003,"Gough"
-16,-99000,"AP0000056",83894198.4715815,83.8941984715815,346.152324134003,"Gough"
-12,-1e+05,"AP0000045",83894198.4715815,83.8941984715815,346.152324134003,"Gough"
-10,-101000,"AP0000057",83894198.4715815,83.8941984715815,346.152324134003,"Gough"
-10,-102000,"AP0000057",83894198.4715815,83.8941984715815,346.152324134003,"Gough"
-9,-103000,"AP0000058",83894198.4715815,83.8941984715815,346.152324134003,"Gough"
-8,-104000,"AP0000059",83894198.4715815,83.8941984715815,346.152324134003,"Gough"
-10,-105000,"AP0000057",83894198.4715815,83.8941984715815,346.152324134003,"Gough"
-16,-106000,"AP0000056",83894198.4715815,83.8941984715815,346.152324134003,"Gough"
-26,-107000,"AP0000047",83894198.4715815,83.8941984715815,346.152324134003,"Gough"
-31,-108000,"AP0000060",83894198.4715815,83.8941984715815,346.152324134003,"Gough"
-33,-109000,"AP0000061",83894198.4715815,83.8941984715815,346.152324134003,"Gough"
-33,-110000,"AP0000061",83894198.4715815,83.8941984715815,346.152324134003,"Gough"
-32,-111000,"AP0000062",83894198.4715815,83.8941984715815,346.152324134003,"Gough"
-32,-112000,"AP0000062",83894198.4715815,83.8941984715815,346.152324134003,"Gough"
-27,-113000,"AP0000063",83894198.4715815,83.8941984715815,346.152324134003,"Gough"
-16,-114000,"AP0000056",83894198.4715815,83.8941984715815,346.152324134003,"Gough"
-6,-115000,"AP0000064",83894198.4715815,83.8941984715815,346.152324134003,"Gough"
0,-116000,"AP0000000",83894198.4715815,83.8941984715815,346.152324134003,"Gough"
3,-117000,"AP0000065",83566608.724674,83.566608724674,346.152324134003,"Gough"
5,-118000,"AP0000066",83075390.4697192,83.0753904697192,346.152324134003,"Gough"
7,-119000,"AP0000067",82584113.890178,82.584113890178,346.152324134003,"Gough"
9,-120000,"AP0000068",82256414.7257657,82.2564147257657,346.152324134003,"Gough"
10,-121000,"AP0000069",82092541.3052619,82.0925413052618,346.152324134003,"Gough"
10,-122000,"AP0000069",82092541.3052619,82.0925413052618,346.152324134003,"Gough"
10,-123000,"AP0000069",82092541.3052619,82.0925413052618,346.152324134003,"Gough"
9,-124000,"AP0000068",82256414.7257657,82.2564147257657,346.152324134003,"Gough"
9,-125000,"AP0000068",82256414.7257657,82.2564147257657,346.152324134003,"Gough"
10,-126000,"AP0000069",82092541.3052619,82.0925413052618,346.152324134003,"Gough"
12,-127000,"AP0000070",81600851.4110935,81.6008514110935,346.152324134003,"Gough"
10,-128000,"AP0000069",82092541.3052619,82.0925413052618,346.152324134003,"Gough"
-3,-129000,"AP0000003",83894198.4715815,83.8941984715815,346.152324134003,"Gough"
-27,-130000,"AP0000063",83894198.4715815,83.8941984715815,346.152324134003,"Gough"
-28,-131000,"AP0000071",83894198.4715815,83.8941984715815,346.152324134003,"Gough"
-26,-132000,"AP0000047",83894198.4715815,83.8941984715815,346.152324134003,"Gough"
-24,-133000,"AP0000006",83894198.4715815,83.8941984715815,346.152324134003,"Gough"
-22,-134000,"AP0000072",83894198.4715815,83.8941984715815,346.152324134003,"Gough"
-20,-135000,"AP0000040",83894198.4715815,83.8941984715815,346.152324134003,"Gough"
-18,-136000,"AP0000073",83894198.4715815,83.8941984715815,346.152324134003,"Gough"
-19,-137000,"AP0000046",83894198.4715815,83.8941984715815,346.152324134003,"Gough"
-22,-138000,"AP0000072",83894198.4715815,83.8941984715815,346.152324134003,"Gough"
-28,-139000,"AP0000071",83894198.4715815,83.8941984715815,346.152324134003,"Gough"
-44,-140000,"AP0000074",83894198.4715815,83.8941984715815,346.152324134003,"Gough"
0,0,"AP0000000",272504985.25002,272.50498525002,741.583541120567,"Guadalupe"
-1,-1000,"AP0000001",300224301.472301,300.224301472301,741.583541120567,"Guadalupe"
-2,-2000,"AP0000002",300224301.472301,300.224301472301,741.583541120567,"Guadalupe"
-3,-3000,"AP0000003",300411778.029431,300.411778029431,741.583541120567,"Guadalupe"
-3,-4000,"AP0000003",300411778.029431,300.411778029431,741.583541120567,"Guadalupe"
-3,-5000,"AP0000003",300411778.029431,300.411778029431,741.583541120567,"Guadalupe"
-4,-6000,"AP0000004",300599017.106174,300.599017106174,741.583541120567,"Guadalupe"
-4,-7000,"AP0000004",300599017.106174,300.599017106174,741.583541120567,"Guadalupe"
-11,-8000,"AP0000005",302285861.520552,302.285861520552,741.583541120567,"Guadalupe"
-24,-9000,"AP0000006",305286073.31193,305.28607331193,741.583541120567,"Guadalupe"
-38,-10000,"AP0000007",310722728.566312,310.722728566312,741.583541120567,"Guadalupe"
-52,-11000,"AP0000008",316908768.804521,316.908768804521,741.583541120567,"Guadalupe"
-65,-12000,"AP0000009",325913371.258079,325.913371258079,741.583541120567,"Guadalupe"
-76,-13000,"AP0000010",332291339.45616,332.29133945616,741.583541120567,"Guadalupe"
-85,-14000,"AP0000011",341108011.129652,341.108011129652,741.583541120567,"Guadalupe"
-93,-15000,"AP0000012",350672873.545027,350.672873545027,741.583541120567,"Guadalupe"
-102,-16000,"AP0000013",362303109.901868,362.303109901868,741.583541120567,"Guadalupe"
-109,-17000,"AP0000014",372430058.690727,372.430058690727,741.583541120567,"Guadalupe"
-116,-18000,"AP0000015",382933957.295927,382.933957295927,741.583541120567,"Guadalupe"
-121,-19000,"AP0000016",387248396.770986,387.248396770986,741.583541120567,"Guadalupe"
-123,-20000,"AP0000017",390061349.501763,390.061349501763,741.583541120567,"Guadalupe"
-122,-21000,"AP0000018",387810817.091311,387.810817091311,741.583541120567,"Guadalupe"
-118,-22000,"AP0000019",384996490.187618,384.996490187618,741.583541120567,"Guadalupe"
-112,-23000,"AP0000020",377869539.913241,377.869539913241,741.583541120567,"Guadalupe"
-105,-24000,"AP0000021",365677342.431191,365.677342431191,741.583541120567,"Guadalupe"
-98,-25000,"AP0000022",357050276.0153,357.0502760153,741.583541120567,"Guadalupe"
-93,-26000,"AP0000012",350672873.545027,350.672873545027,741.583541120567,"Guadalupe"
-90,-27000,"AP0000023",345046704.678175,345.046704678175,741.583541120567,"Guadalupe"
-87,-28000,"AP0000024",342608620.275384,342.608620275384,741.583541120567,"Guadalupe"
-84,-29000,"AP0000025",340169792.046923,340.169792046923,741.583541120567,"Guadalupe"
-81,-30000,"AP0000026",336043649.265819,336.043649265819,741.583541120567,"Guadalupe"
-79,-31000,"AP0000027",334729931.854386,334.729931854386,741.583541120567,"Guadalupe"
-76,-32000,"AP0000010",332291339.45616,332.29133945616,741.583541120567,"Guadalupe"
-75,-33000,"AP0000028",331165655.425663,331.165655425663,741.583541120567,"Guadalupe"
-73,-34000,"AP0000029",329666032.772946,329.666032772946,741.583541120567,"Guadalupe"
-72,-35000,"AP0000030",329102973.614557,329.102973614557,741.583541120567,"Guadalupe"
-72,-36000,"AP0000030",329102973.614557,329.102973614557,741.583541120567,"Guadalupe"
-72,-37000,"AP0000030",329102973.614557,329.102973614557,741.583541120567,"Guadalupe"
-72,-38000,"AP0000030",329102973.614557,329.102973614557,741.583541120567,"Guadalupe"
-74,-39000,"AP0000031",330790745.053334,330.790745053334,741.583541120567,"Guadalupe"
-76,-40000,"AP0000010",332291339.45616,332.29133945616,741.583541120567,"Guadalupe"
-78,-41000,"AP0000032",333979894.235759,333.979894235759,741.583541120567,"Guadalupe"
-80,-42000,"AP0000033",335292913.863265,335.292913863265,741.583541120567,"Guadalupe"
-82,-43000,"AP0000034",337919067.104164,337.919067104164,741.583541120567,"Guadalupe"
-84,-44000,"AP0000025",340169792.046923,340.169792046923,741.583541120567,"Guadalupe"
-85,-45000,"AP0000011",341108011.129652,341.108011129652,741.583541120567,"Guadalupe"
-86,-46000,"AP0000035",342233513.513201,342.233513513201,741.583541120567,"Guadalupe"
-86,-47000,"AP0000035",342233513.513201,342.233513513201,741.583541120567,"Guadalupe"
-86,-48000,"AP0000035",342233513.513201,342.233513513201,741.583541120567,"Guadalupe"
-86,-49000,"AP0000035",342233513.513201,342.233513513201,741.583541120567,"Guadalupe"
-86,-50000,"AP0000035",342233513.513201,342.233513513201,741.583541120567,"Guadalupe"
-86,-51000,"AP0000035",342233513.513201,342.233513513201,741.583541120567,"Guadalupe"
-85,-52000,"AP0000011",341108011.129652,341.108011129652,741.583541120567,"Guadalupe"
-85,-53000,"AP0000011",341108011.129652,341.108011129652,741.583541120567,"Guadalupe"
-85,-54000,"AP0000011",341108011.129652,341.108011129652,741.583541120567,"Guadalupe"
-84,-55000,"AP0000025",340169792.046923,340.169792046923,741.583541120567,"Guadalupe"
-83,-56000,"AP0000036",338481458.419125,338.481458419125,741.583541120567,"Guadalupe"
-82,-57000,"AP0000034",337919067.104164,337.919067104164,741.583541120567,"Guadalupe"
-80,-58000,"AP0000033",335292913.863265,335.292913863265,741.583541120567,"Guadalupe"
-79,-59000,"AP0000027",334729931.854386,334.729931854386,741.583541120567,"Guadalupe"
-78,-60000,"AP0000032",333979894.235759,333.979894235759,741.583541120567,"Guadalupe"
-77,-61000,"AP0000037",333041892.065587,333.041892065587,741.583541120567,"Guadalupe"
-77,-62000,"AP0000037",333041892.065587,333.041892065587,741.583541120567,"Guadalupe"
-77,-63000,"AP0000037",333041892.065587,333.041892065587,741.583541120567,"Guadalupe"
-78,-64000,"AP0000032",333979894.235759,333.979894235759,741.583541120567,"Guadalupe"
-79,-65000,"AP0000027",334729931.854386,334.729931854386,741.583541120567,"Guadalupe"
-81,-66000,"AP0000026",336043649.265819,336.043649265819,741.583541120567,"Guadalupe"
-82,-67000,"AP0000034",337919067.104164,337.919067104164,741.583541120567,"Guadalupe"
-82,-68000,"AP0000034",337919067.104164,337.919067104164,741.583541120567,"Guadalupe"
-81,-69000,"AP0000026",336043649.265819,336.043649265819,741.583541120567,"Guadalupe"
-80,-70000,"AP0000033",335292913.863265,335.292913863265,741.583541120567,"Guadalupe"
-81,-71000,"AP0000026",336043649.265819,336.043649265819,741.583541120567,"Guadalupe"
-83,-72000,"AP0000036",338481458.419125,338.481458419125,741.583541120567,"Guadalupe"
-72,-73000,"AP0000030",329102973.614557,329.102973614557,741.583541120567,"Guadalupe"
-48,-74000,"AP0000038",314845987.69367,314.84598769367,741.583541120567,"Guadalupe"
-29,-75000,"AP0000039",306786094.002282,306.786094002282,741.583541120567,"Guadalupe"
-20,-76000,"AP0000040",304347587.044354,304.347587044354,741.583541120567,"Guadalupe"
-17,-77000,"AP0000041",303784825.058652,303.784825058652,741.583541120567,"Guadalupe"
-15,-78000,"AP0000042",303409577.777067,303.409577777067,741.583541120567,"Guadalupe"
-14,-79000,"AP0000043",303222133.756164,303.222133756164,741.583541120567,"Guadalupe"
-13,-80000,"AP0000044",303034934.788606,303.034934788606,741.583541120567,"Guadalupe"
-12,-81000,"AP0000045",302660357.2376,302.6603572376,741.583541120567,"Guadalupe"
-12,-82000,"AP0000045",302660357.2376,302.6603572376,741.583541120567,"Guadalupe"
-13,-83000,"AP0000044",303034934.788606,303.034934788606,741.583541120567,"Guadalupe"
-15,-84000,"AP0000042",303409577.777067,303.409577777067,741.583541120567,"Guadalupe"
-19,-85000,"AP0000046",304159806.361603,304.159806361603,741.583541120567,"Guadalupe"
-26,-86000,"AP0000047",305849015.722387,305.849015722387,741.583541120567,"Guadalupe"
-34,-87000,"AP0000048",308846823.13022,308.84682313022,741.583541120567,"Guadalupe"
-43,-88000,"AP0000049",312035113.680329,312.035113680329,741.583541120567,"Guadalupe"
-49,-89000,"AP0000050",314845987.69367,314.84598769367,741.583541120567,"Guadalupe"
-52,-90000,"AP0000008",316908768.804521,316.908768804521,741.583541120567,"Guadalupe"
-54,-91000,"AP0000051",318033552.259664,318.033552259664,741.583541120567,"Guadalupe"
-55,-92000,"AP0000052",318408322.252145,318.408322252145,741.583541120567,"Guadalupe"
-55,-93000,"AP0000052",318408322.252145,318.408322252145,741.583541120567,"Guadalupe"
-56,-94000,"AP0000053",319158475.767668,319.158475767668,741.583541120567,"Guadalupe"
-54,-95000,"AP0000051",318033552.259664,318.033552259664,741.583541120567,"Guadalupe"
-46,-96000,"AP0000054",313721573.350163,313.721573350163,741.583541120567,"Guadalupe"
-35,-97000,"AP0000055",309409841.978365,309.409841978365,741.583541120567,"Guadalupe"
-24,-98000,"AP0000006",305286073.31193,305.28607331193,741.583541120567,"Guadalupe"
-16,-99000,"AP0000056",303597333.692638,303.597333692638,741.583541120567,"Guadalupe"
-12,-1e+05,"AP0000045",302660357.2376,302.6603572376,741.583541120567,"Guadalupe"
-10,-101000,"AP0000057",301723568.753799,301.723568753799,741.583541120567,"Guadalupe"
-10,-102000,"AP0000057",301723568.753799,301.723568753799,741.583541120567,"Guadalupe"
-9,-103000,"AP0000058",301536084.791732,301.536084791732,741.583541120567,"Guadalupe"
-8,-104000,"AP0000059",301348472.193722,301.348472193723,741.583541120567,"Guadalupe"
-10,-105000,"AP0000057",301723568.753799,301.723568753799,741.583541120567,"Guadalupe"
-16,-106000,"AP0000056",303597333.692638,303.597333692638,741.583541120567,"Guadalupe"
-26,-107000,"AP0000047",305849015.722387,305.849015722387,741.583541120567,"Guadalupe"
-31,-108000,"AP0000060",307535451.223991,307.535451223991,741.583541120567,"Guadalupe"
-33,-109000,"AP0000061",308659408.755387,308.659408755387,741.583541120567,"Guadalupe"
-33,-110000,"AP0000061",308659408.755387,308.659408755387,741.583541120567,"Guadalupe"
-32,-111000,"AP0000062",307722557.638252,307.722557638252,741.583541120567,"Guadalupe"
-32,-112000,"AP0000062",307722557.638252,307.722557638252,741.583541120567,"Guadalupe"
-27,-113000,"AP0000063",306036472.965346,306.036472965346,741.583541120567,"Guadalupe"
-16,-114000,"AP0000056",303597333.692638,303.597333692638,741.583541120567,"Guadalupe"
-6,-115000,"AP0000064",300974065.52837,300.97406552837,741.583541120567,"Guadalupe"
0,-116000,"AP0000000",272504985.25002,272.50498525002,741.583541120567,"Guadalupe"
3,-117000,"AP0000065",271193111.909866,271.193111909866,741.583541120567,"Guadalupe"
5,-118000,"AP0000066",268945171.085611,268.945171085611,741.583541120567,"Guadalupe"
7,-119000,"AP0000067",267820676.108291,267.820676108291,741.583541120567,"Guadalupe"
9,-120000,"AP0000068",266883962.820013,266.883962820013,741.583541120567,"Guadalupe"
10,-121000,"AP0000069",266883962.820013,266.883962820013,741.583541120567,"Guadalupe"
10,-122000,"AP0000069",266883962.820013,266.883962820013,741.583541120567,"Guadalupe"
10,-123000,"AP0000069",266883962.820013,266.883962820013,741.583541120567,"Guadalupe"
9,-124000,"AP0000068",266883962.820013,266.883962820013,741.583541120567,"Guadalupe"
9,-125000,"AP0000068",266883962.820013,266.883962820013,741.583541120567,"Guadalupe"
10,-126000,"AP0000069",266883962.820013,266.883962820013,741.583541120567,"Guadalupe"
12,-127000,"AP0000070",266134434.513159,266.134434513159,741.583541120567,"Guadalupe"
10,-128000,"AP0000069",266883962.820013,266.883962820013,741.583541120567,"Guadalupe"
-3,-129000,"AP0000003",300411778.029431,300.411778029431,741.583541120567,"Guadalupe"
-27,-130000,"AP0000063",306036472.965346,306.036472965346,741.583541120567,"Guadalupe"
-28,-131000,"AP0000071",306411548.964953,306.411548964953,741.583541120567,"Guadalupe"
-26,-132000,"AP0000047",305849015.722387,305.849015722387,741.583541120567,"Guadalupe"
-24,-133000,"AP0000006",305286073.31193,305.28607331193,741.583541120567,"Guadalupe"
-22,-134000,"AP0000072",304910544.080761,304.910544080761,741.583541120567,"Guadalupe"
-20,-135000,"AP0000040",304347587.044354,304.347587044354,741.583541120567,"Guadalupe"
-18,-136000,"AP0000073",303972034.379285,303.972034379285,741.583541120567,"Guadalupe"
-19,-137000,"AP0000046",304159806.361603,304.159806361603,741.583541120567,"Guadalupe"
-22,-138000,"AP0000072",304910544.080761,304.910544080761,741.583541120567,"Guadalupe"
-28,-139000,"AP0000071",306411548.964953,306.411548964953,741.583541120567,"Guadalupe"
-44,-140000,"AP0000074",312596606.017275,312.596606017275,741.583541120567,"Guadalupe"
0,0,"AP0000000",848260272.575321,848.260272575321,65028.2833102531,"Guam_Marianas"
-1,-1000,"AP0000001",869207479.622693,869.207479622693,65028.2833102531,"Guam_Marianas"
-2,-2000,"AP0000002",877925553.790475,877.925553790475,65028.2833102531,"Guam_Marianas"
-3,-3000,"AP0000003",886013955.77755,886.01395577755,65028.2833102531,"Guam_Marianas"
-3,-4000,"AP0000003",886013955.77755,886.01395577755,65028.2833102531,"Guam_Marianas"
-3,-5000,"AP0000003",886013955.77755,886.01395577755,65028.2833102531,"Guam_Marianas"
-4,-6000,"AP0000004",896597754.191765,896.597754191765,65028.2833102531,"Guam_Marianas"
-4,-7000,"AP0000004",896597754.191765,896.597754191765,65028.2833102531,"Guam_Marianas"
-11,-8000,"AP0000005",939474481.060526,939.474481060527,65028.2833102531,"Guam_Marianas"
-24,-9000,"AP0000006",1010556084.0622,1010.5560840622,65028.2833102531,"Guam_Marianas"
-38,-10000,"AP0000007",1096112211.32563,1096.11221132563,65028.2833102531,"Guam_Marianas"
-52,-11000,"AP0000008",1166032935.23136,1166.03293523136,65028.2833102531,"Guam_Marianas"
-65,-12000,"AP0000009",1216979296.25083,1216.97929625083,65028.2833102531,"Guam_Marianas"
-76,-13000,"AP0000010",1253244719.44668,1253.24471944668,65028.2833102531,"Guam_Marianas"
-85,-14000,"AP0000011",1279961230.1511,1279.9612301511,65028.2833102531,"Guam_Marianas"
-93,-15000,"AP0000012",1299658826.39053,1299.65882639053,65028.2833102531,"Guam_Marianas"
-102,-16000,"AP0000013",1321213831.65958,1321.21383165958,65028.2833102531,"Guam_Marianas"
-109,-17000,"AP0000014",1336138762.85209,1336.1387628521,65028.2833102531,"Guam_Marianas"
-116,-18000,"AP0000015",1347751764.53974,1347.75176453974,65028.2833102531,"Guam_Marianas"
-121,-19000,"AP0000016",1354380905.31074,1354.38090531074,65028.2833102531,"Guam_Marianas"
-123,-20000,"AP0000017",1357903194.2528,1357.9031942528,65028.2833102531,"Guam_Marianas"
-122,-21000,"AP0000018",1356242649.82324,1356.24264982324,65028.2833102531,"Guam_Marianas"
-118,-22000,"AP0000019",1350444764.29909,1350.44476429909,65028.2833102531,"Guam_Marianas"
-112,-23000,"AP0000020",1340284062.80795,1340.28406280795,65028.2833102531,"Guam_Marianas"
-105,-24000,"AP0000021",1329514797.58313,1329.51479758313,65028.2833102531,"Guam_Marianas"
-98,-25000,"AP0000022",1311886662.09199,1311.88666209199,65028.2833102531,"Guam_Marianas"
-93,-26000,"AP0000012",1299658826.39053,1299.65882639053,65028.2833102531,"Guam_Marianas"
-90,-27000,"AP0000023",1293229360.43508,1293.22936043508,65028.2833102531,"Guam_Marianas"
-87,-28000,"AP0000024",1286384414.14207,1286.38441414207,65028.2833102531,"Guam_Marianas"
-84,-29000,"AP0000025",1276861010.07195,1276.86101007195,65028.2833102531,"Guam_Marianas"
-81,-30000,"AP0000026",1268778616.45409,1268.77861645409,65028.2833102531,"Guam_Marianas"
-79,-31000,"AP0000027",1261951638.26321,1261.95163826321,65028.2833102531,"Guam_Marianas"
-76,-32000,"AP0000010",1253244719.44668,1253.24471944668,65028.2833102531,"Guam_Marianas"
-75,-33000,"AP0000028",1251381256.88988,1251.38125688988,65028.2833102531,"Guam_Marianas"
-73,-34000,"AP0000029",1245364755.56367,1245.36475556367,65028.2833102531,"Guam_Marianas"
-72,-35000,"AP0000030",1242256181.37937,1242.25618137937,65028.2833102531,"Guam_Marianas"
-72,-36000,"AP0000030",1242256181.37937,1242.25618137937,65028.2833102531,"Guam_Marianas"
-72,-37000,"AP0000030",1242256181.37937,1242.25618137937,65028.2833102531,"Guam_Marianas"
-72,-38000,"AP0000030",1242256181.37937,1242.25618137937,65028.2833102531,"Guam_Marianas"
-74,-39000,"AP0000031",1247853368.21616,1247.85336821616,65028.2833102531,"Guam_Marianas"
-76,-40000,"AP0000010",1253244719.44668,1253.24471944668,65028.2833102531,"Guam_Marianas"
-78,-41000,"AP0000032",1259670639.01637,1259.67063901637,65028.2833102531,"Guam_Marianas"
-80,-42000,"AP0000033",1264845374.87575,1264.84537487575,65028.2833102531,"Guam_Marianas"
-82,-43000,"AP0000034",1271676026.67277,1271.67602667277,65028.2833102531,"Guam_Marianas"
-84,-44000,"AP0000025",1276861010.07195,1276.86101007195,65028.2833102531,"Guam_Marianas"
-85,-45000,"AP0000011",1279961230.1511,1279.9612301511,65028.2833102531,"Guam_Marianas"
-86,-46000,"AP0000035",1282655762.07578,1282.65576207578,65028.2833102531,"Guam_Marianas"
-86,-47000,"AP0000035",1282655762.07578,1282.65576207578,65028.2833102531,"Guam_Marianas"
-86,-48000,"AP0000035",1282655762.07578,1282.65576207578,65028.2833102531,"Guam_Marianas"
-86,-49000,"AP0000035",1282655762.07578,1282.65576207578,65028.2833102531,"Guam_Marianas"
-86,-50000,"AP0000035",1282655762.07578,1282.65576207578,65028.2833102531,"Guam_Marianas"
-86,-51000,"AP0000035",1282655762.07578,1282.65576207578,65028.2833102531,"Guam_Marianas"
-85,-52000,"AP0000011",1279961230.1511,1279.9612301511,65028.2833102531,"Guam_Marianas"
-85,-53000,"AP0000011",1279961230.1511,1279.9612301511,65028.2833102531,"Guam_Marianas"
-85,-54000,"AP0000011",1279961230.1511,1279.9612301511,65028.2833102531,"Guam_Marianas"
-84,-55000,"AP0000025",1276861010.07195,1276.86101007195,65028.2833102531,"Guam_Marianas"
-83,-56000,"AP0000036",1274785140.70115,1274.78514070115,65028.2833102531,"Guam_Marianas"
-82,-57000,"AP0000034",1271676026.67277,1271.67602667277,65028.2833102531,"Guam_Marianas"
-80,-58000,"AP0000033",1264845374.87575,1264.84537487575,65028.2833102531,"Guam_Marianas"
-79,-59000,"AP0000027",1261951638.26321,1261.95163826321,65028.2833102531,"Guam_Marianas"
-78,-60000,"AP0000032",1259670639.01637,1259.67063901637,65028.2833102531,"Guam_Marianas"
-77,-61000,"AP0000037",1255938515.26043,1255.93851526043,65028.2833102531,"Guam_Marianas"
-77,-62000,"AP0000037",1255938515.26043,1255.93851526043,65028.2833102531,"Guam_Marianas"
-77,-63000,"AP0000037",1255938515.26043,1255.93851526043,65028.2833102531,"Guam_Marianas"
-78,-64000,"AP0000032",1259670639.01637,1259.67063901637,65028.2833102531,"Guam_Marianas"
-79,-65000,"AP0000027",1261951638.26321,1261.95163826321,65028.2833102531,"Guam_Marianas"
-81,-66000,"AP0000026",1268778616.45409,1268.77861645409,65028.2833102531,"Guam_Marianas"
-82,-67000,"AP0000034",1271676026.67277,1271.67602667277,65028.2833102531,"Guam_Marianas"
-82,-68000,"AP0000034",1271676026.67277,1271.67602667277,65028.2833102531,"Guam_Marianas"
-81,-69000,"AP0000026",1268778616.45409,1268.77861645409,65028.2833102531,"Guam_Marianas"
-80,-70000,"AP0000033",1264845374.87575,1264.84537487575,65028.2833102531,"Guam_Marianas"
-81,-71000,"AP0000026",1268778616.45409,1268.77861645409,65028.2833102531,"Guam_Marianas"
-83,-72000,"AP0000036",1274785140.70115,1274.78514070115,65028.2833102531,"Guam_Marianas"
-72,-73000,"AP0000030",1242256181.37937,1242.25618137937,65028.2833102531,"Guam_Marianas"
-48,-74000,"AP0000038",1151513728.95311,1151.51372895311,65028.2833102531,"Guam_Marianas"
-29,-75000,"AP0000039",1040146907.51856,1040.14690751856,65028.2833102531,"Guam_Marianas"
-20,-76000,"AP0000040",988185493.431377,988.185493431377,65028.2833102531,"Guam_Marianas"
-17,-77000,"AP0000041",973255004.312045,973.255004312045,65028.2833102531,"Guam_Marianas"
-15,-78000,"AP0000042",962477680.188172,962.477680188172,65028.2833102531,"Guam_Marianas"
-14,-79000,"AP0000043",957710000.457407,957.710000457407,65028.2833102531,"Guam_Marianas"
-13,-80000,"AP0000044",951903486.47182,951.90348647182,65028.2833102531,"Guam_Marianas"
-12,-81000,"AP0000045",947134143.593372,947.134143593372,65028.2833102531,"Guam_Marianas"
-12,-82000,"AP0000045",947134143.593372,947.134143593372,65028.2833102531,"Guam_Marianas"
-13,-83000,"AP0000044",951903486.47182,951.90348647182,65028.2833102531,"Guam_Marianas"
-15,-84000,"AP0000042",962477680.188172,962.477680188172,65028.2833102531,"Guam_Marianas"
-19,-85000,"AP0000046",983834749.819509,983.834749819509,65028.2833102531,"Guam_Marianas"
-26,-86000,"AP0000047",1019868303.35471,1019.86830335471,65028.2833102531,"Guam_Marianas"
-34,-87000,"AP0000048",1073289895.1864,1073.2898951864,65028.2833102531,"Guam_Marianas"
-43,-88000,"AP0000049",1119343109.93657,1119.34310993657,65028.2833102531,"Guam_Marianas"
-49,-89000,"AP0000050",1155037365.66776,1155.03736566776,65028.2833102531,"Guam_Marianas"
-52,-90000,"AP0000008",1166032935.23136,1166.03293523136,65028.2833102531,"Guam_Marianas"
-54,-91000,"AP0000051",1173280911.47255,1173.28091147255,65028.2833102531,"Guam_Marianas"
-55,-92000,"AP0000052",1177840192.75522,1177.84019275522,65028.2833102531,"Guam_Marianas"
-55,-93000,"AP0000052",1177840192.75522,1177.84019275522,65028.2833102531,"Guam_Marianas"
-56,-94000,"AP0000053",1180950412.34905,1180.95041234905,65028.2833102531,"Guam_Marianas"
-54,-95000,"AP0000051",1173280911.47255,1173.28091147255,65028.2833102531,"Guam_Marianas"
-46,-96000,"AP0000054",1142393101.39966,1142.39310139966,65028.2833102531,"Guam_Marianas"
-35,-97000,"AP0000055",1080345704.77352,1080.34570477352,65028.2833102531,"Guam_Marianas"
-24,-98000,"AP0000006",1010556084.0622,1010.5560840622,65028.2833102531,"Guam_Marianas"
-16,-99000,"AP0000056",968900322.014606,968.900322014606,65028.2833102531,"Guam_Marianas"
-12,-1e+05,"AP0000045",947134143.593372,947.134143593372,65028.2833102531,"Guam_Marianas"
-10,-101000,"AP0000057",934916879.042675,934.916879042675,65028.2833102531,"Guam_Marianas"
-10,-102000,"AP0000057",934916879.042675,934.916879042675,65028.2833102531,"Guam_Marianas"
-9,-103000,"AP0000058",929530400.220087,929.530400220087,65028.2833102531,"Guam_Marianas"
-8,-104000,"AP0000059",923319052.504396,923.319052504396,65028.2833102531,"Guam_Marianas"
-10,-105000,"AP0000057",934916879.042675,934.916879042675,65028.2833102531,"Guam_Marianas"
-16,-106000,"AP0000056",968900322.014606,968.900322014606,65028.2833102531,"Guam_Marianas"
-26,-107000,"AP0000047",1019868303.35471,1019.86830335471,65028.2833102531,"Guam_Marianas"
-31,-108000,"AP0000060",1055050911.3586,1055.0509113586,65028.2833102531,"Guam_Marianas"
-33,-109000,"AP0000061",1064993452.6391,1064.9934526391,65028.2833102531,"Guam_Marianas"
-33,-110000,"AP0000061",1064993452.6391,1064.9934526391,65028.2833102531,"Guam_Marianas"
-32,-111000,"AP0000062",1060644443.541,1060.644443541,65028.2833102531,"Guam_Marianas"
-32,-112000,"AP0000062",1060644443.541,1060.644443541,65028.2833102531,"Guam_Marianas"
-27,-113000,"AP0000063",1026698546.8465,1026.6985468465,65028.2833102531,"Guam_Marianas"
-16,-114000,"AP0000056",968900322.014606,968.900322014606,65028.2833102531,"Guam_Marianas"
-6,-115000,"AP0000064",908195774.019934,908.195774019934,65028.2833102531,"Guam_Marianas"
0,-116000,"AP0000000",848260272.575321,848.260272575321,65028.2833102531,"Guam_Marianas"
3,-117000,"AP0000065",846386182.744122,846.386182744122,65028.2833102531,"Guam_Marianas"
5,-118000,"AP0000066",845763344.0218,845.7633440218,65028.2833102531,"Guam_Marianas"
7,-119000,"AP0000067",843476650.208021,843.476650208021,65028.2833102531,"Guam_Marianas"
9,-120000,"AP0000068",831876052.042824,831.876052042824,65028.2833102531,"Guam_Marianas"
10,-121000,"AP0000069",827723222.665068,827.723222665068,65028.2833102531,"Guam_Marianas"
10,-122000,"AP0000069",827723222.665068,827.723222665068,65028.2833102531,"Guam_Marianas"
10,-123000,"AP0000069",827723222.665068,827.723222665068,65028.2833102531,"Guam_Marianas"
9,-124000,"AP0000068",831876052.042824,831.876052042824,65028.2833102531,"Guam_Marianas"
9,-125000,"AP0000068",831876052.042824,831.876052042824,65028.2833102531,"Guam_Marianas"
10,-126000,"AP0000069",827723222.665068,827.723222665068,65028.2833102531,"Guam_Marianas"
12,-127000,"AP0000070",819415647.613104,819.415647613104,65028.2833102531,"Guam_Marianas"
10,-128000,"AP0000069",827723222.665068,827.723222665068,65028.2833102531,"Guam_Marianas"
-3,-129000,"AP0000003",886013955.77755,886.01395577755,65028.2833102531,"Guam_Marianas"
-27,-130000,"AP0000063",1026698546.8465,1026.6985468465,65028.2833102531,"Guam_Marianas"
-28,-131000,"AP0000071",1031666710.62982,1031.66671062982,65028.2833102531,"Guam_Marianas"
-26,-132000,"AP0000047",1019868303.35471,1019.86830335471,65028.2833102531,"Guam_Marianas"
-24,-133000,"AP0000006",1010556084.0622,1010.5560840622,65028.2833102531,"Guam_Marianas"
-22,-134000,"AP0000072",1000409569.47653,1000.40956947653,65028.2833102531,"Guam_Marianas"
-20,-135000,"AP0000040",988185493.431377,988.185493431377,65028.2833102531,"Guam_Marianas"
-18,-136000,"AP0000073",978649604.593836,978.649604593836,65028.2833102531,"Guam_Marianas"
-19,-137000,"AP0000046",983834749.819509,983.834749819509,65028.2833102531,"Guam_Marianas"
-22,-138000,"AP0000072",1000409569.47653,1000.40956947653,65028.2833102531,"Guam_Marianas"
-28,-139000,"AP0000071",1031666710.62982,1031.66671062982,65028.2833102531,"Guam_Marianas"
-44,-140000,"AP0000074",1124116810.44273,1124.11681044273,65028.2833102531,"Guam_Marianas"
0,0,"AP0000000",16922511333.8967,16922.5113338967,3234558.39526657,"Hawaii"
-1,-1000,"AP0000001",17370532176.4719,17370.5321764719,3234558.39526657,"Hawaii"
-2,-2000,"AP0000002",17547395676.3287,17547.3956763287,3234558.39526657,"Hawaii"
-3,-3000,"AP0000003",17734172234.6972,17734.1722346972,3234558.39526657,"Hawaii"
-3,-4000,"AP0000003",17734172234.6972,17734.1722346972,3234558.39526657,"Hawaii"
-3,-5000,"AP0000003",17734172234.6972,17734.1722346972,3234558.39526657,"Hawaii"
-4,-6000,"AP0000004",17956110901.6088,17956.1109016088,3234558.39526657,"Hawaii"
-4,-7000,"AP0000004",17956110901.6088,17956.1109016088,3234558.39526657,"Hawaii"
-11,-8000,"AP0000005",19363577115.578,19363.577115578,3234558.39526657,"Hawaii"
-24,-9000,"AP0000006",21989987825.0105,21989.9878250105,3234558.39526657,"Hawaii"
-38,-10000,"AP0000007",26356766354.8528,26356.7663548528,3234558.39526657,"Hawaii"
-52,-11000,"AP0000008",28873880517.038,28873.880517038,3234558.39526657,"Hawaii"
-65,-12000,"AP0000009",30639236534.5371,30639.2365345371,3234558.39526657,"Hawaii"
-76,-13000,"AP0000010",31806597072.3833,31806.5970723833,3234558.39526657,"Hawaii"
-85,-14000,"AP0000011",32557723268.5866,32557.7232685866,3234558.39526657,"Hawaii"
-93,-15000,"AP0000012",33101661631.1879,33101.6616311879,3234558.39526657,"Hawaii"
-102,-16000,"AP0000013",33658011760.3091,33658.0117603091,3234558.39526657,"Hawaii"
-109,-17000,"AP0000014",34067874275.7756,34067.8742757756,3234558.39526657,"Hawaii"
-116,-18000,"AP0000015",34440498146.0179,34440.4981460179,3234558.39526657,"Hawaii"
-121,-19000,"AP0000016",34689067475.9109,34689.0674759109,3234558.39526657,"Hawaii"
-123,-20000,"AP0000017",34794600417.4928,34794.6004174928,3234558.39526657,"Hawaii"
-122,-21000,"AP0000018",34741734143.5196,34741.7341435196,3234558.39526657,"Hawaii"
-118,-22000,"AP0000019",34540572093.8747,34540.5720938747,3234558.39526657,"Hawaii"
-112,-23000,"AP0000020",34219570023.1062,34219.5700231062,3234558.39526657,"Hawaii"
-105,-24000,"AP0000021",33833512196.43,33833.51219643,3234558.39526657,"Hawaii"
-98,-25000,"AP0000022",33420464614.7075,33420.4646147075,3234558.39526657,"Hawaii"
-93,-26000,"AP0000012",33101661631.1879,33101.6616311879,3234558.39526657,"Hawaii"
-90,-27000,"AP0000023",32906175844.6785,32906.1758446785,3234558.39526657,"Hawaii"
-87,-28000,"AP0000024",32693728260.8645,32693.7282608645,3234558.39526657,"Hawaii"
-84,-29000,"AP0000025",32484876416.5919,32484.8764165919,3234558.39526657,"Hawaii"
-81,-30000,"AP0000026",32229091121.0048,32229.0911210048,3234558.39526657,"Hawaii"
-79,-31000,"AP0000027",32073433089.6767,32073.4330896767,3234558.39526657,"Hawaii"
-76,-32000,"AP0000010",31806597072.3833,31806.5970723833,3234558.39526657,"Hawaii"
-75,-33000,"AP0000028",31714805089.9199,31714.8050899199,3234558.39526657,"Hawaii"
-73,-34000,"AP0000029",31529647098.0914,31529.6470980914,3234558.39526657,"Hawaii"
-72,-35000,"AP0000030",31439441554.9409,31439.4415549409,3234558.39526657,"Hawaii"
-72,-36000,"AP0000030",31439441554.9409,31439.4415549409,3234558.39526657,"Hawaii"
-72,-37000,"AP0000030",31439441554.9409,31439.4415549409,3234558.39526657,"Hawaii"
-72,-38000,"AP0000030",31439441554.9409,31439.4415549409,3234558.39526657,"Hawaii"
-74,-39000,"AP0000031",31615963035.6928,31615.9630356928,3234558.39526657,"Hawaii"
-76,-40000,"AP0000010",31806597072.3833,31806.5970723833,3234558.39526657,"Hawaii"
-78,-41000,"AP0000032",31982545416.9843,31982.5454169843,3234558.39526657,"Hawaii"
-80,-42000,"AP0000033",32157277607.2661,32157.2776072661,3234558.39526657,"Hawaii"
-82,-43000,"AP0000034",32335988123.0554,32335.9881230554,3234558.39526657,"Hawaii"
-84,-44000,"AP0000025",32484876416.5919,32484.8764165919,3234558.39526657,"Hawaii"
-85,-45000,"AP0000011",32557723268.5866,32557.7232685866,3234558.39526657,"Hawaii"
-86,-46000,"AP0000035",32624611057.3487,32624.6110573487,3234558.39526657,"Hawaii"
-86,-47000,"AP0000035",32624611057.3487,32624.6110573487,3234558.39526657,"Hawaii"
-86,-48000,"AP0000035",32624611057.3487,32624.6110573487,3234558.39526657,"Hawaii"
-86,-49000,"AP0000035",32624611057.3487,32624.6110573487,3234558.39526657,"Hawaii"
-86,-50000,"AP0000035",32624611057.3487,32624.6110573487,3234558.39526657,"Hawaii"
-86,-51000,"AP0000035",32624611057.3487,32624.6110573487,3234558.39526657,"Hawaii"
-85,-52000,"AP0000011",32557723268.5866,32557.7232685866,3234558.39526657,"Hawaii"
-85,-53000,"AP0000011",32557723268.5866,32557.7232685866,3234558.39526657,"Hawaii"
-85,-54000,"AP0000011",32557723268.5866,32557.7232685866,3234558.39526657,"Hawaii"
-84,-55000,"AP0000025",32484876416.5919,32484.8764165919,3234558.39526657,"Hawaii"
-83,-56000,"AP0000036",32410814105.4147,32410.8141054147,3234558.39526657,"Hawaii"
-82,-57000,"AP0000034",32335988123.0554,32335.9881230554,3234558.39526657,"Hawaii"
-80,-58000,"AP0000033",32157277607.2661,32157.2776072661,3234558.39526657,"Hawaii"
-79,-59000,"AP0000027",32073433089.6767,32073.4330896767,3234558.39526657,"Hawaii"
-78,-60000,"AP0000032",31982545416.9843,31982.5454169843,3234558.39526657,"Hawaii"
-77,-61000,"AP0000037",31899609723.9472,31899.6097239472,3234558.39526657,"Hawaii"
-77,-62000,"AP0000037",31899609723.9472,31899.6097239472,3234558.39526657,"Hawaii"
-77,-63000,"AP0000037",31899609723.9472,31899.6097239472,3234558.39526657,"Hawaii"
-78,-64000,"AP0000032",31982545416.9843,31982.5454169843,3234558.39526657,"Hawaii"
-79,-65000,"AP0000027",32073433089.6767,32073.4330896767,3234558.39526657,"Hawaii"
-81,-66000,"AP0000026",32229091121.0048,32229.0911210048,3234558.39526657,"Hawaii"
-82,-67000,"AP0000034",32335988123.0554,32335.9881230554,3234558.39526657,"Hawaii"
-82,-68000,"AP0000034",32335988123.0554,32335.9881230554,3234558.39526657,"Hawaii"
-81,-69000,"AP0000026",32229091121.0048,32229.0911210048,3234558.39526657,"Hawaii"
-80,-70000,"AP0000033",32157277607.2661,32157.2776072661,3234558.39526657,"Hawaii"
-81,-71000,"AP0000026",32229091121.0048,32229.0911210048,3234558.39526657,"Hawaii"
-83,-72000,"AP0000036",32410814105.4147,32410.8141054147,3234558.39526657,"Hawaii"
-72,-73000,"AP0000030",31439441554.9409,31439.4415549409,3234558.39526657,"Hawaii"
-48,-74000,"AP0000038",28247534949.0376,28247.5349490376,3234558.39526657,"Hawaii"
-29,-75000,"AP0000039",23508241508.4741,23508.2415084741,3234558.39526657,"Hawaii"
-20,-76000,"AP0000040",21122951362.7874,21122.9513627874,3234558.39526657,"Hawaii"
-17,-77000,"AP0000041",20541235671.3,20541.2356713,3234558.39526657,"Hawaii"
-15,-78000,"AP0000042",20212179267.8104,20212.1792678104,3234558.39526657,"Hawaii"
-14,-79000,"AP0000043",19999329817.035,19999.329817035,3234558.39526657,"Hawaii"
-13,-80000,"AP0000044",19756555268.7469,19756.5552687469,3234558.39526657,"Hawaii"
-12,-81000,"AP0000045",19564235321.2893,19564.2353212893,3234558.39526657,"Hawaii"
-12,-82000,"AP0000045",19564235321.2893,19564.2353212893,3234558.39526657,"Hawaii"
-13,-83000,"AP0000044",19756555268.7469,19756.5552687469,3234558.39526657,"Hawaii"
-15,-84000,"AP0000042",20212179267.8104,20212.1792678104,3234558.39526657,"Hawaii"
-19,-85000,"AP0000046",20888573210.7145,20888.5732107145,3234558.39526657,"Hawaii"
-26,-86000,"AP0000047",22642640429.5745,22642.6404295745,3234558.39526657,"Hawaii"
-34,-87000,"AP0000048",25015429191.788,25015.429191788,3234558.39526657,"Hawaii"
-43,-88000,"AP0000049",27212529702.2468,27212.5297022468,3234558.39526657,"Hawaii"
-49,-89000,"AP0000050",28409052362.0023,28409.0523620023,3234558.39526657,"Hawaii"
-52,-90000,"AP0000008",28873880517.038,28873.880517038,3234558.39526657,"Hawaii"
-54,-91000,"AP0000051",29262446256.7596,29262.4462567596,3234558.39526657,"Hawaii"
-55,-92000,"AP0000052",29412309863.7662,29412.3098637662,3234558.39526657,"Hawaii"
-55,-93000,"AP0000052",29412309863.7662,29412.3098637662,3234558.39526657,"Hawaii"
-56,-94000,"AP0000053",29533222451.9764,29533.2224519764,3234558.39526657,"Hawaii"
-54,-95000,"AP0000051",29262446256.7596,29262.4462567596,3234558.39526657,"Hawaii"
-46,-96000,"AP0000054",27753049777.4516,27753.0497774516,3234558.39526657,"Hawaii"
-35,-97000,"AP0000055",25372716750.876,25372.716750876,3234558.39526657,"Hawaii"
-24,-98000,"AP0000006",21989987825.0105,21989.9878250105,3234558.39526657,"Hawaii"
-16,-99000,"AP0000056",20390459033.531,20390.459033531,3234558.39526657,"Hawaii"
-12,-1e+05,"AP0000045",19564235321.2893,19564.2353212893,3234558.39526657,"Hawaii"
-10,-101000,"AP0000057",19167620817.4823,19167.6208174823,3234558.39526657,"Hawaii"
-10,-102000,"AP0000057",19167620817.4823,19167.6208174823,3234558.39526657,"Hawaii"
-9,-103000,"AP0000058",18974595448.9971,18974.5954489971,3234558.39526657,"Hawaii"
-8,-104000,"AP0000059",18777194009.7072,18777.1940097072,3234558.39526657,"Hawaii"
-10,-105000,"AP0000057",19167620817.4823,19167.6208174823,3234558.39526657,"Hawaii"
-16,-106000,"AP0000056",20390459033.531,20390.459033531,3234558.39526657,"Hawaii"
-26,-107000,"AP0000047",22642640429.5745,22642.6404295745,3234558.39526657,"Hawaii"
-31,-108000,"AP0000060",24159829970.8263,24159.8299708263,3234558.39526657,"Hawaii"
-33,-109000,"AP0000061",24707303038.8157,24707.3030388157,3234558.39526657,"Hawaii"
-33,-110000,"AP0000061",24707303038.8157,24707.3030388157,3234558.39526657,"Hawaii"
-32,-111000,"AP0000062",24468579409.491,24468.579409491,3234558.39526657,"Hawaii"
-32,-112000,"AP0000062",24468579409.491,24468.579409491,3234558.39526657,"Hawaii"
-27,-113000,"AP0000063",22924108430.0954,22924.1084300954,3234558.39526657,"Hawaii"
-16,-114000,"AP0000056",20390459033.531,20390.459033531,3234558.39526657,"Hawaii"
-6,-115000,"AP0000064",18367274369.1789,18367.2743691789,3234558.39526657,"Hawaii"
0,-116000,"AP0000000",16922511333.8967,16922.5113338967,3234558.39526657,"Hawaii"
3,-117000,"AP0000065",16815634730.3038,16815.6347303038,3234558.39526657,"Hawaii"
5,-118000,"AP0000066",16741186478.1993,16741.1864781993,3234558.39526657,"Hawaii"
7,-119000,"AP0000067",16648916653.0495,16648.9166530495,3234558.39526657,"Hawaii"
9,-120000,"AP0000068",16551170382.2299,16551.1703822299,3234558.39526657,"Hawaii"
10,-121000,"AP0000069",16486478145.6838,16486.4781456838,3234558.39526657,"Hawaii"
10,-122000,"AP0000069",16486478145.6838,16486.4781456838,3234558.39526657,"Hawaii"
10,-123000,"AP0000069",16486478145.6838,16486.4781456838,3234558.39526657,"Hawaii"
9,-124000,"AP0000068",16551170382.2299,16551.1703822299,3234558.39526657,"Hawaii"
9,-125000,"AP0000068",16551170382.2299,16551.1703822299,3234558.39526657,"Hawaii"
10,-126000,"AP0000069",16486478145.6838,16486.4781456838,3234558.39526657,"Hawaii"
12,-127000,"AP0000070",16386831436.4634,16386.8314364634,3234558.39526657,"Hawaii"
10,-128000,"AP0000069",16486478145.6838,16486.4781456838,3234558.39526657,"Hawaii"
-3,-129000,"AP0000003",17734172234.6972,17734.1722346972,3234558.39526657,"Hawaii"
-27,-130000,"AP0000063",22924108430.0954,22924.1084300954,3234558.39526657,"Hawaii"
-28,-131000,"AP0000071",23260221909.9198,23260.2219099198,3234558.39526657,"Hawaii"
-26,-132000,"AP0000047",22642640429.5745,22642.6404295745,3234558.39526657,"Hawaii"
-24,-133000,"AP0000006",21989987825.0105,21989.9878250105,3234558.39526657,"Hawaii"
-22,-134000,"AP0000072",21518511895.2312,21518.5118952312,3234558.39526657,"Hawaii"
-20,-135000,"AP0000040",21122951362.7874,21122.9513627874,3234558.39526657,"Hawaii"
-18,-136000,"AP0000073",20692760251.9578,20692.7602519578,3234558.39526657,"Hawaii"
-19,-137000,"AP0000046",20888573210.7145,20888.5732107145,3234558.39526657,"Hawaii"
-22,-138000,"AP0000072",21518511895.2312,21518.5118952312,3234558.39526657,"Hawaii"
-28,-139000,"AP0000071",23260221909.9198,23260.2219099198,3234558.39526657,"Hawaii"
-44,-140000,"AP0000074",27368422734.2391,27368.4227342391,3234558.39526657,"Hawaii"
0,0,"AP0000000",134054629.729839,134.054629729839,7281.7261337229,"Juan_Fernandez"
-1,-1000,"AP0000001",136373719.945106,136.373719945106,7281.7261337229,"Juan_Fernandez"
-2,-2000,"AP0000002",136730860.529929,136.730860529929,7281.7261337229,"Juan_Fernandez"
-3,-3000,"AP0000003",137088094.91065,137.08809491065,7281.7261337229,"Juan_Fernandez"
-3,-4000,"AP0000003",137088094.91065,137.08809491065,7281.7261337229,"Juan_Fernandez"
-3,-5000,"AP0000003",137088094.91065,137.08809491065,7281.7261337229,"Juan_Fernandez"
-4,-6000,"AP0000004",137802393.620504,137.802393620504,7281.7261337229,"Juan_Fernandez"
-4,-7000,"AP0000004",137802393.620504,137.802393620504,7281.7261337229,"Juan_Fernandez"
-11,-8000,"AP0000005",142802752.582157,142.802752582157,7281.7261337229,"Juan_Fernandez"
-24,-9000,"AP0000006",151551275.550098,151.551275550098,7281.7261337229,"Juan_Fernandez"
-38,-10000,"AP0000007",166545033.461104,166.545033461104,7281.7261337229,"Juan_Fernandez"
-52,-11000,"AP0000008",185108642.291149,185.108642291149,7281.7261337229,"Juan_Fernandez"
-65,-12000,"AP0000009",207778036.400054,207.778036400054,7281.7261337229,"Juan_Fernandez"
-76,-13000,"AP0000010",227415502.188806,227.415502188806,7281.7261337229,"Juan_Fernandez"
-85,-14000,"AP0000011",245802998.703781,245.802998703781,7281.7261337229,"Juan_Fernandez"
-93,-15000,"AP0000012",262225905.847759,262.225905847759,7281.7261337229,"Juan_Fernandez"
-102,-16000,"AP0000013",288290728.322879,288.290728322879,7281.7261337229,"Juan_Fernandez"
-109,-17000,"AP0000014",307569644.739236,307.569644739236,7281.7261337229,"Juan_Fernandez"
-116,-18000,"AP0000015",323994780.346954,323.994780346954,7281.7261337229,"Juan_Fernandez"
-121,-19000,"AP0000016",342741293.138162,342.741293138162,7281.7261337229,"Juan_Fernandez"
-123,-20000,"AP0000017",350775468.187144,350.775468187144,7281.7261337229,"Juan_Fernandez"
-122,-21000,"AP0000018",346668207.236163,346.668207236163,7281.7261337229,"Juan_Fernandez"
-118,-22000,"AP0000019",330063876.113238,330.063876113238,7281.7261337229,"Juan_Fernandez"
-112,-23000,"AP0000020",315604039.407827,315.604039407827,7281.7261337229,"Juan_Fernandez"
-105,-24000,"AP0000021",297393287.910844,297.393287910844,7281.7261337229,"Juan_Fernandez"
-98,-25000,"AP0000022",276509294.717388,276.509294717388,7281.7261337229,"Juan_Fernandez"
-93,-26000,"AP0000012",262225905.847759,262.225905847759,7281.7261337229,"Juan_Fernandez"
-90,-27000,"AP0000023",256869824.634279,256.869824634279,7281.7261337229,"Juan_Fernandez"
-87,-28000,"AP0000024",250444419.85129,250.44441985129,7281.7261337229,"Juan_Fernandez"
-84,-29000,"AP0000025",243839460.478809,243.839460478809,7281.7261337229,"Juan_Fernandez"
-81,-30000,"AP0000026",238126358.457683,238.126358457683,7281.7261337229,"Juan_Fernandez"
-79,-31000,"AP0000027",233129145.070658,233.129145070658,7281.7261337229,"Juan_Fernandez"
-76,-32000,"AP0000010",227415502.188806,227.415502188806,7281.7261337229,"Juan_Fernandez"
-75,-33000,"AP0000028",224915863.141261,224.915863141261,7281.7261337229,"Juan_Fernandez"
-73,-34000,"AP0000029",220453982.929871,220.453982929871,7281.7261337229,"Juan_Fernandez"
-72,-35000,"AP0000030",219740070.629097,219.740070629097,7281.7261337229,"Juan_Fernandez"
-72,-36000,"AP0000030",219740070.629097,219.740070629097,7281.7261337229,"Juan_Fernandez"
-72,-37000,"AP0000030",219740070.629097,219.740070629097,7281.7261337229,"Juan_Fernandez"
-72,-38000,"AP0000030",219740070.629097,219.740070629097,7281.7261337229,"Juan_Fernandez"
-74,-39000,"AP0000031",223131436.083837,223.131436083837,7281.7261337229,"Juan_Fernandez"
-76,-40000,"AP0000010",227415502.188806,227.415502188806,7281.7261337229,"Juan_Fernandez"
-78,-41000,"AP0000032",230807490.621274,230.807490621274,7281.7261337229,"Juan_Fernandez"
-80,-42000,"AP0000033",235627833.039282,235.627833039282,7281.7261337229,"Juan_Fernandez"
-82,-43000,"AP0000034",239733264.251844,239.733264251844,7281.7261337229,"Juan_Fernandez"
-84,-44000,"AP0000025",243839460.478809,243.839460478809,7281.7261337229,"Juan_Fernandez"
-85,-45000,"AP0000011",245802998.703781,245.802998703781,7281.7261337229,"Juan_Fernandez"
-86,-46000,"AP0000035",247409424.703668,247.409424703668,7281.7261337229,"Juan_Fernandez"
-86,-47000,"AP0000035",247409424.703668,247.409424703668,7281.7261337229,"Juan_Fernandez"
-86,-48000,"AP0000035",247409424.703668,247.409424703668,7281.7261337229,"Juan_Fernandez"
-86,-49000,"AP0000035",247409424.703668,247.409424703668,7281.7261337229,"Juan_Fernandez"
-86,-50000,"AP0000035",247409424.703668,247.409424703668,7281.7261337229,"Juan_Fernandez"
-86,-51000,"AP0000035",247409424.703668,247.409424703668,7281.7261337229,"Juan_Fernandez"
-85,-52000,"AP0000011",245802998.703781,245.802998703781,7281.7261337229,"Juan_Fernandez"
-85,-53000,"AP0000011",245802998.703781,245.802998703781,7281.7261337229,"Juan_Fernandez"
-85,-54000,"AP0000011",245802998.703781,245.802998703781,7281.7261337229,"Juan_Fernandez"
-84,-55000,"AP0000025",243839460.478809,243.839460478809,7281.7261337229,"Juan_Fernandez"
-83,-56000,"AP0000036",241518196.256096,241.518196256096,7281.7261337229,"Juan_Fernandez"
-82,-57000,"AP0000034",239733264.251844,239.733264251844,7281.7261337229,"Juan_Fernandez"
-80,-58000,"AP0000033",235627833.039282,235.627833039282,7281.7261337229,"Juan_Fernandez"
-79,-59000,"AP0000027",233129145.070658,233.129145070658,7281.7261337229,"Juan_Fernandez"
-78,-60000,"AP0000032",230807490.621274,230.807490621274,7281.7261337229,"Juan_Fernandez"
-77,-61000,"AP0000037",229379441.178779,229.379441178779,7281.7261337229,"Juan_Fernandez"
-77,-62000,"AP0000037",229379441.178779,229.379441178779,7281.7261337229,"Juan_Fernandez"
-77,-63000,"AP0000037",229379441.178779,229.379441178779,7281.7261337229,"Juan_Fernandez"
-78,-64000,"AP0000032",230807490.621274,230.807490621274,7281.7261337229,"Juan_Fernandez"
-79,-65000,"AP0000027",233129145.070658,233.129145070658,7281.7261337229,"Juan_Fernandez"
-81,-66000,"AP0000026",238126358.457683,238.126358457683,7281.7261337229,"Juan_Fernandez"
-82,-67000,"AP0000034",239733264.251844,239.733264251844,7281.7261337229,"Juan_Fernandez"
-82,-68000,"AP0000034",239733264.251844,239.733264251844,7281.7261337229,"Juan_Fernandez"
-81,-69000,"AP0000026",238126358.457683,238.126358457683,7281.7261337229,"Juan_Fernandez"
-80,-70000,"AP0000033",235627833.039282,235.627833039282,7281.7261337229,"Juan_Fernandez"
-81,-71000,"AP0000026",238126358.457683,238.126358457683,7281.7261337229,"Juan_Fernandez"
-83,-72000,"AP0000036",241518196.256096,241.518196256096,7281.7261337229,"Juan_Fernandez"
-72,-73000,"AP0000030",219740070.629097,219.740070629097,7281.7261337229,"Juan_Fernandez"
-48,-74000,"AP0000038",179575215.235475,179.575215235475,7281.7261337229,"Juan_Fernandez"
-29,-75000,"AP0000039",156191536.926268,156.191536926268,7281.7261337229,"Juan_Fernandez"
-20,-76000,"AP0000040",148873694.125445,148.873694125445,7281.7261337229,"Juan_Fernandez"
-17,-77000,"AP0000041",145838695.931235,145.838695931235,7281.7261337229,"Juan_Fernandez"
-15,-78000,"AP0000042",144767309.844814,144.767309844814,7281.7261337229,"Juan_Fernandez"
-14,-79000,"AP0000043",144052750.590456,144.052750590456,7281.7261337229,"Juan_Fernandez"
-13,-80000,"AP0000044",143695634.20463,143.69563420463,7281.7261337229,"Juan_Fernandez"
-12,-81000,"AP0000045",143338517.512688,143.338517512688,7281.7261337229,"Juan_Fernandez"
-12,-82000,"AP0000045",143338517.512688,143.338517512688,7281.7261337229,"Juan_Fernandez"
-13,-83000,"AP0000044",143695634.20463,143.69563420463,7281.7261337229,"Juan_Fernandez"
-15,-84000,"AP0000042",144767309.844814,144.767309844814,7281.7261337229,"Juan_Fernandez"
-19,-85000,"AP0000046",147981096.381732,147.981096381732,7281.7261337229,"Juan_Fernandez"
-26,-86000,"AP0000047",153335896.247412,153.335896247412,7281.7261337229,"Juan_Fernandez"
-34,-87000,"AP0000048",161010656.823692,161.010656823692,7281.7261337229,"Juan_Fernandez"
-43,-88000,"AP0000049",171720968.061957,171.720968061957,7281.7261337229,"Juan_Fernandez"
-49,-89000,"AP0000050",180645812.051469,180.645812051469,7281.7261337229,"Juan_Fernandez"
-52,-90000,"AP0000008",185108642.291149,185.108642291149,7281.7261337229,"Juan_Fernandez"
-54,-91000,"AP0000051",187249050.047158,187.249050047158,7281.7261337229,"Juan_Fernandez"
-55,-92000,"AP0000052",189034393.175969,189.034393175969,7281.7261337229,"Juan_Fernandez"
-55,-93000,"AP0000052",189034393.175969,189.034393175969,7281.7261337229,"Juan_Fernandez"
-56,-94000,"AP0000053",190462334.078218,190.462334078218,7281.7261337229,"Juan_Fernandez"
-54,-95000,"AP0000051",187249050.047158,187.249050047158,7281.7261337229,"Juan_Fernandez"
-46,-96000,"AP0000054",176005801.20643,176.00580120643,7281.7261337229,"Juan_Fernandez"
-35,-97000,"AP0000055",161367716.744952,161.367716744952,7281.7261337229,"Juan_Fernandez"
-24,-98000,"AP0000006",151551275.550098,151.551275550098,7281.7261337229,"Juan_Fernandez"
-16,-99000,"AP0000056",145124443.753163,145.124443753163,7281.7261337229,"Juan_Fernandez"
-12,-1e+05,"AP0000045",143338517.512688,143.338517512688,7281.7261337229,"Juan_Fernandez"
-10,-101000,"AP0000057",142088465.161869,142.088465161869,7281.7261337229,"Juan_Fernandez"
-10,-102000,"AP0000057",142088465.161869,142.088465161869,7281.7261337229,"Juan_Fernandez"
-9,-103000,"AP0000058",141195858.116706,141.195858116706,7281.7261337229,"Juan_Fernandez"
-8,-104000,"AP0000059",140660143.344733,140.660143344733,7281.7261337229,"Juan_Fernandez"
-10,-105000,"AP0000057",142088465.161869,142.088465161869,7281.7261337229,"Juan_Fernandez"
-16,-106000,"AP0000056",145124443.753163,145.124443753163,7281.7261337229,"Juan_Fernandez"
-26,-107000,"AP0000047",153335896.247412,153.335896247412,7281.7261337229,"Juan_Fernandez"
-31,-108000,"AP0000060",157975420.292849,157.975420292849,7281.7261337229,"Juan_Fernandez"
-33,-109000,"AP0000061",159939246.152878,159.939246152878,7281.7261337229,"Juan_Fernandez"
-33,-110000,"AP0000061",159939246.152878,159.939246152878,7281.7261337229,"Juan_Fernandez"
-32,-111000,"AP0000062",158867960.160157,158.867960160157,7281.7261337229,"Juan_Fernandez"
-32,-112000,"AP0000062",158867960.160157,158.867960160157,7281.7261337229,"Juan_Fernandez"
-27,-113000,"AP0000063",154228444.994674,154.228444994674,7281.7261337229,"Juan_Fernandez"
-16,-114000,"AP0000056",145124443.753163,145.124443753163,7281.7261337229,"Juan_Fernandez"
-6,-115000,"AP0000064",139231261.130941,139.231261130941,7281.7261337229,"Juan_Fernandez"
0,-116000,"AP0000000",134054629.729839,134.054629729839,7281.7261337229,"Juan_Fernandez"
3,-117000,"AP0000065",131735430.861023,131.735430861023,7281.7261337229,"Juan_Fernandez"
5,-118000,"AP0000066",129773357.590842,129.773357590842,7281.7261337229,"Juan_Fernandez"
7,-119000,"AP0000067",127274595.886654,127.274595886654,7281.7261337229,"Juan_Fernandez"
9,-120000,"AP0000068",124954806.675014,124.954806675014,7281.7261337229,"Juan_Fernandez"
10,-121000,"AP0000069",124419823.625201,124.419823625201,7281.7261337229,"Juan_Fernandez"
10,-122000,"AP0000069",124419823.625201,124.419823625201,7281.7261337229,"Juan_Fernandez"
10,-123000,"AP0000069",124419823.625201,124.419823625201,7281.7261337229,"Juan_Fernandez"
9,-124000,"AP0000068",124954806.675014,124.954806675014,7281.7261337229,"Juan_Fernandez"
9,-125000,"AP0000068",124954806.675014,124.954806675014,7281.7261337229,"Juan_Fernandez"
10,-126000,"AP0000069",124419823.625201,124.419823625201,7281.7261337229,"Juan_Fernandez"
12,-127000,"AP0000070",123171378.482462,123.171378482462,7281.7261337229,"Juan_Fernandez"
10,-128000,"AP0000069",124419823.625201,124.419823625201,7281.7261337229,"Juan_Fernandez"
-3,-129000,"AP0000003",137088094.91065,137.08809491065,7281.7261337229,"Juan_Fernandez"
-27,-130000,"AP0000063",154228444.994674,154.228444994674,7281.7261337229,"Juan_Fernandez"
-28,-131000,"AP0000071",155299859.89707,155.29985989707,7281.7261337229,"Juan_Fernandez"
-26,-132000,"AP0000047",153335896.247412,153.335896247412,7281.7261337229,"Juan_Fernandez"
-24,-133000,"AP0000006",151551275.550098,151.551275550098,7281.7261337229,"Juan_Fernandez"
-22,-134000,"AP0000072",149944977.306584,149.944977306584,7281.7261337229,"Juan_Fernandez"
-20,-135000,"AP0000040",148873694.125445,148.873694125445,7281.7261337229,"Juan_Fernandez"
-18,-136000,"AP0000073",146731660.119674,146.731660119674,7281.7261337229,"Juan_Fernandez"
-19,-137000,"AP0000046",147981096.381732,147.981096381732,7281.7261337229,"Juan_Fernandez"
-22,-138000,"AP0000072",149944977.306584,149.944977306584,7281.7261337229,"Juan_Fernandez"
-28,-139000,"AP0000071",155299859.89707,155.29985989707,7281.7261337229,"Juan_Fernandez"
-44,-140000,"AP0000074",172613480.426324,172.613480426324,7281.7261337229,"Juan_Fernandez"
0,0,"AP0000000",14213699.8939409,14.2136998939409,655.642005291092,"Keeling_Cocos"
-1,-1000,"AP0000001",65633125.9427023,65.6331259427023,655.642005291092,"Keeling_Cocos"
-2,-2000,"AP0000002",81311406.8301373,81.3114068301373,655.642005291092,"Keeling_Cocos"
-3,-3000,"AP0000003",89464001.2384722,89.4640012384722,655.642005291092,"Keeling_Cocos"
-3,-4000,"AP0000003",89464001.2384722,89.4640012384722,655.642005291092,"Keeling_Cocos"
-3,-5000,"AP0000003",89464001.2384722,89.4640012384722,655.642005291092,"Keeling_Cocos"
-4,-6000,"AP0000004",94272105.4468397,94.2721054468397,655.642005291092,"Keeling_Cocos"
-4,-7000,"AP0000004",94272105.4468397,94.2721054468397,655.642005291092,"Keeling_Cocos"
-11,-8000,"AP0000005",141310575.266064,141.310575266064,655.642005291092,"Keeling_Cocos"
-24,-9000,"AP0000006",148211627.098116,148.211627098116,655.642005291092,"Keeling_Cocos"
-38,-10000,"AP0000007",153855858.791004,153.855858791004,655.642005291092,"Keeling_Cocos"
-52,-11000,"AP0000008",158873243.995354,158.873243995354,655.642005291092,"Keeling_Cocos"
-65,-12000,"AP0000009",161173194.20191,161.17319420191,655.642005291092,"Keeling_Cocos"
-76,-13000,"AP0000010",162636942.367705,162.636942367705,655.642005291092,"Keeling_Cocos"
-85,-14000,"AP0000011",164727691.735475,164.727691735475,655.642005291092,"Keeling_Cocos"
-93,-15000,"AP0000012",165564329.519971,165.564329519971,655.642005291092,"Keeling_Cocos"
-102,-16000,"AP0000013",167027562.06119,167.02756206119,655.642005291092,"Keeling_Cocos"
-109,-17000,"AP0000014",167236663.503619,167.236663503619,655.642005291092,"Keeling_Cocos"
-116,-18000,"AP0000015",167654690.836564,167.654690836564,655.642005291092,"Keeling_Cocos"
-121,-19000,"AP0000016",169118713.391227,169.118713391227,655.642005291092,"Keeling_Cocos"
-123,-20000,"AP0000017",169118713.391227,169.118713391227,655.642005291092,"Keeling_Cocos"
-122,-21000,"AP0000018",169118713.391227,169.118713391227,655.642005291092,"Keeling_Cocos"
-118,-22000,"AP0000019",167654690.836564,167.654690836564,655.642005291092,"Keeling_Cocos"
-112,-23000,"AP0000020",167236663.503619,167.236663503619,655.642005291092,"Keeling_Cocos"
-105,-24000,"AP0000021",167027562.06119,167.02756206119,655.642005291092,"Keeling_Cocos"
-98,-25000,"AP0000022",165982387.642355,165.982387642355,655.642005291092,"Keeling_Cocos"
-93,-26000,"AP0000012",165564329.519971,165.564329519971,655.642005291092,"Keeling_Cocos"
-90,-27000,"AP0000023",165145780.095207,165.145780095207,655.642005291092,"Keeling_Cocos"
-87,-28000,"AP0000024",164936707.238426,164.936707238426,655.642005291092,"Keeling_Cocos"
-84,-29000,"AP0000025",164518647.511824,164.518647511824,655.642005291092,"Keeling_Cocos"
-81,-30000,"AP0000026",163682440.919713,163.682440919713,655.642005291092,"Keeling_Cocos"
-79,-31000,"AP0000027",163473166.975846,163.473166975846,655.642005291092,"Keeling_Cocos"
-76,-32000,"AP0000010",162636942.367705,162.636942367705,655.642005291092,"Keeling_Cocos"
-75,-33000,"AP0000028",162218852.623469,162.218852623469,655.642005291092,"Keeling_Cocos"
-73,-34000,"AP0000029",161800572.754069,161.800572754069,655.642005291092,"Keeling_Cocos"
-72,-35000,"AP0000030",161800572.754069,161.800572754069,655.642005291092,"Keeling_Cocos"
-72,-36000,"AP0000030",161800572.754069,161.800572754069,655.642005291092,"Keeling_Cocos"
-72,-37000,"AP0000030",161800572.754069,161.800572754069,655.642005291092,"Keeling_Cocos"
-72,-38000,"AP0000030",161800572.754069,161.800572754069,655.642005291092,"Keeling_Cocos"
-74,-39000,"AP0000031",162218852.623469,162.218852623469,655.642005291092,"Keeling_Cocos"
-76,-40000,"AP0000010",162636942.367705,162.636942367705,655.642005291092,"Keeling_Cocos"
-78,-41000,"AP0000032",163473166.975846,163.473166975846,655.642005291092,"Keeling_Cocos"
-80,-42000,"AP0000033",163473166.975846,163.473166975846,655.642005291092,"Keeling_Cocos"
-82,-43000,"AP0000034",164100470.076658,164.100470076658,655.642005291092,"Keeling_Cocos"
-84,-44000,"AP0000025",164518647.511824,164.518647511824,655.642005291092,"Keeling_Cocos"
-85,-45000,"AP0000011",164727691.735475,164.727691735475,655.642005291092,"Keeling_Cocos"
-86,-46000,"AP0000035",164936707.238426,164.936707238426,655.642005291092,"Keeling_Cocos"
-86,-47000,"AP0000035",164936707.238426,164.936707238426,655.642005291092,"Keeling_Cocos"
-86,-48000,"AP0000035",164936707.238426,164.936707238426,655.642005291092,"Keeling_Cocos"
-86,-49000,"AP0000035",164936707.238426,164.936707238426,655.642005291092,"Keeling_Cocos"
-86,-50000,"AP0000035",164936707.238426,164.936707238426,655.642005291092,"Keeling_Cocos"
-86,-51000,"AP0000035",164936707.238426,164.936707238426,655.642005291092,"Keeling_Cocos"
-85,-52000,"AP0000011",164727691.735475,164.727691735475,655.642005291092,"Keeling_Cocos"
-85,-53000,"AP0000011",164727691.735475,164.727691735475,655.642005291092,"Keeling_Cocos"
-85,-54000,"AP0000011",164727691.735475,164.727691735475,655.642005291092,"Keeling_Cocos"
-84,-55000,"AP0000025",164518647.511824,164.518647511824,655.642005291092,"Keeling_Cocos"
-83,-56000,"AP0000036",164309546.109492,164.309546109492,655.642005291092,"Keeling_Cocos"
-82,-57000,"AP0000034",164100470.076658,164.100470076658,655.642005291092,"Keeling_Cocos"
-80,-58000,"AP0000033",163473166.975846,163.473166975846,655.642005291092,"Keeling_Cocos"
-79,-59000,"AP0000027",163473166.975846,163.473166975846,655.642005291092,"Keeling_Cocos"
-78,-60000,"AP0000032",163473166.975846,163.473166975846,655.642005291092,"Keeling_Cocos"
-77,-61000,"AP0000037",163054896.786773,163.054896786773,655.642005291092,"Keeling_Cocos"
-77,-62000,"AP0000037",163054896.786773,163.054896786773,655.642005291092,"Keeling_Cocos"
-77,-63000,"AP0000037",163054896.786773,163.054896786773,655.642005291092,"Keeling_Cocos"
-78,-64000,"AP0000032",163473166.975846,163.473166975846,655.642005291092,"Keeling_Cocos"
-79,-65000,"AP0000027",163473166.975846,163.473166975846,655.642005291092,"Keeling_Cocos"
-81,-66000,"AP0000026",163682440.919713,163.682440919713,655.642005291092,"Keeling_Cocos"
-82,-67000,"AP0000034",164100470.076658,164.100470076658,655.642005291092,"Keeling_Cocos"
-82,-68000,"AP0000034",164100470.076658,164.100470076658,655.642005291092,"Keeling_Cocos"
-81,-69000,"AP0000026",163682440.919713,163.682440919713,655.642005291092,"Keeling_Cocos"
-80,-70000,"AP0000033",163473166.975846,163.473166975846,655.642005291092,"Keeling_Cocos"
-81,-71000,"AP0000026",163682440.919713,163.682440919713,655.642005291092,"Keeling_Cocos"
-83,-72000,"AP0000036",164309546.109492,164.309546109492,655.642005291092,"Keeling_Cocos"
-72,-73000,"AP0000030",161800572.754069,161.800572754069,655.642005291092,"Keeling_Cocos"
-48,-74000,"AP0000038",157409962.063858,157.409962063858,655.642005291092,"Keeling_Cocos"
-29,-75000,"AP0000039",150720563.528891,150.720563528891,655.642005291092,"Keeling_Cocos"
-20,-76000,"AP0000040",146119834.547096,146.119834547096,655.642005291092,"Keeling_Cocos"
-17,-77000,"AP0000041",144865255.988474,144.865255988474,655.642005291092,"Keeling_Cocos"
-15,-78000,"AP0000042",143401517.148757,143.401517148757,655.642005291092,"Keeling_Cocos"
-14,-79000,"AP0000043",142774357.883867,142.774357883867,655.642005291092,"Keeling_Cocos"
-13,-80000,"AP0000044",142356028.476276,142.356028476276,655.642005291092,"Keeling_Cocos"
-12,-81000,"AP0000045",141937876.414932,141.937876414932,655.642005291092,"Keeling_Cocos"
-12,-82000,"AP0000045",141937876.414932,141.937876414932,655.642005291092,"Keeling_Cocos"
-13,-83000,"AP0000044",142356028.476276,142.356028476276,655.642005291092,"Keeling_Cocos"
-15,-84000,"AP0000042",143401517.148757,143.401517148757,655.642005291092,"Keeling_Cocos"
-19,-85000,"AP0000046",145910755.33929,145.91075533929,655.642005291092,"Keeling_Cocos"
-26,-86000,"AP0000047",148838816.950245,148.838816950245,655.642005291092,"Keeling_Cocos"
-34,-87000,"AP0000048",152601162.620414,152.601162620414,655.642005291092,"Keeling_Cocos"
-43,-88000,"AP0000049",155528427.59282,155.52842759282,655.642005291092,"Keeling_Cocos"
-49,-89000,"AP0000050",158246219.702176,158.246219702176,655.642005291092,"Keeling_Cocos"
-52,-90000,"AP0000008",158873243.995354,158.873243995354,655.642005291092,"Keeling_Cocos"
-54,-91000,"AP0000051",159709611.089941,159.709611089941,655.642005291092,"Keeling_Cocos"
-55,-92000,"AP0000052",159918679.161012,159.918679161012,655.642005291092,"Keeling_Cocos"
-55,-93000,"AP0000052",159918679.161012,159.918679161012,655.642005291092,"Keeling_Cocos"
-56,-94000,"AP0000053",160127769.37931,160.12776937931,655.642005291092,"Keeling_Cocos"
-54,-95000,"AP0000051",159709611.089941,159.709611089941,655.642005291092,"Keeling_Cocos"
-46,-96000,"AP0000054",156991879.991367,156.991879991367,655.642005291092,"Keeling_Cocos"
-35,-97000,"AP0000055",153437585.096954,153.437585096954,655.642005291092,"Keeling_Cocos"
-24,-98000,"AP0000006",148211627.098116,148.211627098116,655.642005291092,"Keeling_Cocos"
-16,-99000,"AP0000056",144028616.205766,144.028616205766,655.642005291092,"Keeling_Cocos"
-12,-1e+05,"AP0000045",141937876.414932,141.937876414932,655.642005291092,"Keeling_Cocos"
-10,-101000,"AP0000057",140056094.502471,140.056094502471,655.642005291092,"Keeling_Cocos"
-10,-102000,"AP0000057",140056094.502471,140.056094502471,655.642005291092,"Keeling_Cocos"
-9,-103000,"AP0000058",139010031.869733,139.010031869733,655.642005291092,"Keeling_Cocos"
-8,-104000,"AP0000059",137964380.526838,137.964380526838,655.642005291092,"Keeling_Cocos"
-10,-105000,"AP0000057",140056094.502471,140.056094502471,655.642005291092,"Keeling_Cocos"
-16,-106000,"AP0000056",144028616.205766,144.028616205766,655.642005291092,"Keeling_Cocos"
-26,-107000,"AP0000047",148838816.950245,148.838816950245,655.642005291092,"Keeling_Cocos"
-31,-108000,"AP0000060",151974288.64841,151.97428864841,655.642005291092,"Keeling_Cocos"
-33,-109000,"AP0000061",152601162.620414,152.601162620414,655.642005291092,"Keeling_Cocos"
-33,-110000,"AP0000061",152601162.620414,152.601162620414,655.642005291092,"Keeling_Cocos"
-32,-111000,"AP0000062",152183110.896619,152.183110896619,655.642005291092,"Keeling_Cocos"
-32,-112000,"AP0000062",152183110.896619,152.183110896619,655.642005291092,"Keeling_Cocos"
-27,-113000,"AP0000063",149884313.840253,149.884313840253,655.642005291092,"Keeling_Cocos"
-16,-114000,"AP0000056",144028616.205766,144.028616205766,655.642005291092,"Keeling_Cocos"
-6,-115000,"AP0000064",107442670.098574,107.442670098574,655.642005291092,"Keeling_Cocos"
0,-116000,"AP0000000",14213699.8939409,14.2136998939409,655.642005291092,"Keeling_Cocos"
3,-117000,"AP0000065",14004422.8432456,14.0044228432456,655.642005291092,"Keeling_Cocos"
5,-118000,"AP0000066",13795420.1331574,13.7954201331574,655.642005291092,"Keeling_Cocos"
7,-119000,"AP0000067",11286979.1470121,11.2869791470121,655.642005291092,"Keeling_Cocos"
9,-120000,"AP0000068",8151673.65408623,8.15167365408623,655.642005291092,"Keeling_Cocos"
10,-121000,"AP0000069",6479497.30301213,6.47949730301213,655.642005291092,"Keeling_Cocos"
10,-122000,"AP0000069",6479497.30301213,6.47949730301213,655.642005291092,"Keeling_Cocos"
10,-123000,"AP0000069",6479497.30301213,6.47949730301213,655.642005291092,"Keeling_Cocos"
9,-124000,"AP0000068",8151673.65408623,8.15167365408623,655.642005291092,"Keeling_Cocos"
9,-125000,"AP0000068",8151673.65408623,8.15167365408623,655.642005291092,"Keeling_Cocos"
10,-126000,"AP0000069",6479497.30301213,6.47949730301213,655.642005291092,"Keeling_Cocos"
12,-127000,"AP0000070",2299195.88192427,2.29919588192427,655.642005291092,"Keeling_Cocos"
10,-128000,"AP0000069",6479497.30301213,6.47949730301213,655.642005291092,"Keeling_Cocos"
-3,-129000,"AP0000003",89464001.2384722,89.4640012384722,655.642005291092,"Keeling_Cocos"
-27,-130000,"AP0000063",149884313.840253,149.884313840253,655.642005291092,"Keeling_Cocos"
-28,-131000,"AP0000071",150302502.359964,150.302502359964,655.642005291092,"Keeling_Cocos"
-26,-132000,"AP0000047",148838816.950245,148.838816950245,655.642005291092,"Keeling_Cocos"
-24,-133000,"AP0000006",148211627.098116,148.211627098116,655.642005291092,"Keeling_Cocos"
-22,-134000,"AP0000072",146956395.944107,146.956395944107,655.642005291092,"Keeling_Cocos"
-20,-135000,"AP0000040",146119834.547096,146.119834547096,655.642005291092,"Keeling_Cocos"
-18,-136000,"AP0000073",145283409.66688,145.28340966688,655.642005291092,"Keeling_Cocos"
-19,-137000,"AP0000046",145910755.33929,145.91075533929,655.642005291092,"Keeling_Cocos"
-22,-138000,"AP0000072",146956395.944107,146.956395944107,655.642005291092,"Keeling_Cocos"
-28,-139000,"AP0000071",150302502.359964,150.302502359964,655.642005291092,"Keeling_Cocos"
-44,-140000,"AP0000074",155737709.318248,155.737709318248,655.642005291092,"Keeling_Cocos"
0,0,"AP0000000",12793299.3274064,12.7932993274064,2154.81674228799,"Lord_Howe"
-1,-1000,"AP0000001",15716748.4347963,15.7167484347963,2154.81674228799,"Lord_Howe"
-2,-2000,"AP0000002",17361563.5530615,17.3615635530615,2154.81674228799,"Lord_Howe"
-3,-3000,"AP0000003",18458178.7287846,18.4581787287846,2154.81674228799,"Lord_Howe"
-3,-4000,"AP0000003",18458178.7287846,18.4581787287846,2154.81674228799,"Lord_Howe"
-3,-5000,"AP0000003",18458178.7287846,18.4581787287846,2154.81674228799,"Lord_Howe"
-4,-6000,"AP0000004",21015295.7880838,21.0152957880838,2154.81674228799,"Lord_Howe"
-4,-7000,"AP0000004",21015295.7880838,21.0152957880838,2154.81674228799,"Lord_Howe"
-11,-8000,"AP0000005",33439716.6477146,33.4397166477146,2154.81674228799,"Lord_Howe"
-24,-9000,"AP0000006",64501446.5613408,64.5014465613408,2154.81674228799,"Lord_Howe"
-38,-10000,"AP0000007",260680945.092616,260.680945092616,2154.81674228799,"Lord_Howe"
-52,-11000,"AP0000008",515573017.589584,515.573017589584,2154.81674228799,"Lord_Howe"
-65,-12000,"AP0000009",637427707.859847,637.427707859847,2154.81674228799,"Lord_Howe"
-76,-13000,"AP0000010",668653558.375679,668.653558375679,2154.81674228799,"Lord_Howe"
-85,-14000,"AP0000011",687096029.252787,687.096029252787,2154.81674228799,"Lord_Howe"
-93,-15000,"AP0000012",700606209.331943,700.606209331943,2154.81674228799,"Lord_Howe"
-102,-16000,"AP0000013",715944470.677234,715.944470677234,2154.81674228799,"Lord_Howe"
-109,-17000,"AP0000014",723974427.691902,723.974427691902,2154.81674228799,"Lord_Howe"
-116,-18000,"AP0000015",730913232.678769,730.913232678769,2154.81674228799,"Lord_Howe"
-121,-19000,"AP0000016",734564507.790287,734.564507790287,2154.81674228799,"Lord_Howe"
-123,-20000,"AP0000017",735843380.99506,735.84338099506,2154.81674228799,"Lord_Howe"
-122,-21000,"AP0000018",735112860.36155,735.11286036155,2154.81674228799,"Lord_Howe"
-118,-22000,"AP0000019",732556440.442654,732.556440442654,2154.81674228799,"Lord_Howe"
-112,-23000,"AP0000020",726531899.226773,726.531899226773,2154.81674228799,"Lord_Howe"
-105,-24000,"AP0000021",720507089.21842,720.50708921842,2154.81674228799,"Lord_Howe"
-98,-25000,"AP0000022",709917798.304325,709.917798304325,2154.81674228799,"Lord_Howe"
-93,-26000,"AP0000012",700606209.331943,700.606209331943,2154.81674228799,"Lord_Howe"
-90,-27000,"AP0000023",696406113.514595,696.406113514595,2154.81674228799,"Lord_Howe"
-87,-28000,"AP0000024",691659429.420908,691.659429420908,2154.81674228799,"Lord_Howe"
-84,-29000,"AP0000025",684722263.215051,684.722263215051,2154.81674228799,"Lord_Howe"
-81,-30000,"AP0000026",678516806.465455,678.516806465455,2154.81674228799,"Lord_Howe"
-79,-31000,"AP0000027",674863816.383888,674.863816383888,2154.81674228799,"Lord_Howe"
-76,-32000,"AP0000010",668653558.375679,668.653558375679,2154.81674228799,"Lord_Howe"
-75,-33000,"AP0000028",666096503.290313,666.096503290313,2154.81674228799,"Lord_Howe"
-73,-34000,"AP0000029",660985902.011335,660.985902011335,2154.81674228799,"Lord_Howe"
-72,-35000,"AP0000030",659524651.09787,659.52465109787,2154.81674228799,"Lord_Howe"
-72,-36000,"AP0000030",659524651.09787,659.52465109787,2154.81674228799,"Lord_Howe"
-72,-37000,"AP0000030",659524651.09787,659.52465109787,2154.81674228799,"Lord_Howe"
-72,-38000,"AP0000030",659524651.09787,659.52465109787,2154.81674228799,"Lord_Howe"
-74,-39000,"AP0000031",664088427.211148,664.088427211148,2154.81674228799,"Lord_Howe"
-76,-40000,"AP0000010",668653558.375679,668.653558375679,2154.81674228799,"Lord_Howe"
-78,-41000,"AP0000032",673219586.578305,673.219586578305,2154.81674228799,"Lord_Howe"
-80,-42000,"AP0000033",676142490.05193,676.14249005193,2154.81674228799,"Lord_Howe"
-82,-43000,"AP0000034",681071826.22333,681.07182622333,2154.81674228799,"Lord_Howe"
-84,-44000,"AP0000025",684722263.215051,684.722263215051,2154.81674228799,"Lord_Howe"
-85,-45000,"AP0000011",687096029.252787,687.096029252787,2154.81674228799,"Lord_Howe"
-86,-46000,"AP0000035",688739265.374166,688.739265374167,2154.81674228799,"Lord_Howe"
-86,-47000,"AP0000035",688739265.374166,688.739265374167,2154.81674228799,"Lord_Howe"
-86,-48000,"AP0000035",688739265.374166,688.739265374167,2154.81674228799,"Lord_Howe"
-86,-49000,"AP0000035",688739265.374166,688.739265374167,2154.81674228799,"Lord_Howe"
-86,-50000,"AP0000035",688739265.374166,688.739265374167,2154.81674228799,"Lord_Howe"
-86,-51000,"AP0000035",688739265.374166,688.739265374167,2154.81674228799,"Lord_Howe"
-85,-52000,"AP0000011",687096029.252787,687.096029252787,2154.81674228799,"Lord_Howe"
-85,-53000,"AP0000011",687096029.252787,687.096029252787,2154.81674228799,"Lord_Howe"
-85,-54000,"AP0000011",687096029.252787,687.096029252787,2154.81674228799,"Lord_Howe"
-84,-55000,"AP0000025",684722263.215051,684.722263215051,2154.81674228799,"Lord_Howe"
-83,-56000,"AP0000036",683809930.851746,683.809930851746,2154.81674228799,"Lord_Howe"
-82,-57000,"AP0000034",681071826.22333,681.07182622333,2154.81674228799,"Lord_Howe"
-80,-58000,"AP0000033",676142490.05193,676.14249005193,2154.81674228799,"Lord_Howe"
-79,-59000,"AP0000027",674863816.383888,674.863816383888,2154.81674228799,"Lord_Howe"
-78,-60000,"AP0000032",673219586.578305,673.219586578305,2154.81674228799,"Lord_Howe"
-77,-61000,"AP0000037",671576857.895572,671.576857895572,2154.81674228799,"Lord_Howe"
-77,-62000,"AP0000037",671576857.895572,671.576857895572,2154.81674228799,"Lord_Howe"
-77,-63000,"AP0000037",671576857.895572,671.576857895572,2154.81674228799,"Lord_Howe"
-78,-64000,"AP0000032",673219586.578305,673.219586578305,2154.81674228799,"Lord_Howe"
-79,-65000,"AP0000027",674863816.383888,674.863816383888,2154.81674228799,"Lord_Howe"
-81,-66000,"AP0000026",678516806.465455,678.516806465455,2154.81674228799,"Lord_Howe"
-82,-67000,"AP0000034",681071826.22333,681.07182622333,2154.81674228799,"Lord_Howe"
-82,-68000,"AP0000034",681071826.22333,681.07182622333,2154.81674228799,"Lord_Howe"
-81,-69000,"AP0000026",678516806.465455,678.516806465455,2154.81674228799,"Lord_Howe"
-80,-70000,"AP0000033",676142490.05193,676.14249005193,2154.81674228799,"Lord_Howe"
-81,-71000,"AP0000026",678516806.465455,678.516806465455,2154.81674228799,"Lord_Howe"
-83,-72000,"AP0000036",683809930.851746,683.809930851746,2154.81674228799,"Lord_Howe"
-72,-73000,"AP0000030",659524651.09787,659.52465109787,2154.81674228799,"Lord_Howe"
-48,-74000,"AP0000038",432520289.41079,432.52028941079,2154.81674228799,"Lord_Howe"
-29,-75000,"AP0000039",80210858.7631507,80.2108587631507,2154.81674228799,"Lord_Howe"
-20,-76000,"AP0000040",54086888.2441483,54.0868882441483,2154.81674228799,"Lord_Howe"
-17,-77000,"AP0000041",48972487.1377306,48.9724871377306,2154.81674228799,"Lord_Howe"
-15,-78000,"AP0000042",46780012.9865372,46.7800129865372,2154.81674228799,"Lord_Howe"
-14,-79000,"AP0000043",45317696.3740067,45.3176963740068,2154.81674228799,"Lord_Howe"
-13,-80000,"AP0000044",43124574.1897478,43.1245741897478,2154.81674228799,"Lord_Howe"
-12,-81000,"AP0000045",34353639.5960648,34.3536395960648,2154.81674228799,"Lord_Howe"
-12,-82000,"AP0000045",34353639.5960648,34.3536395960648,2154.81674228799,"Lord_Howe"
-13,-83000,"AP0000044",43124574.1897478,43.1245741897478,2154.81674228799,"Lord_Howe"
-15,-84000,"AP0000042",46780012.9865372,46.7800129865372,2154.81674228799,"Lord_Howe"
-19,-85000,"AP0000046",51713207.4981742,51.7132074981742,2154.81674228799,"Lord_Howe"
-26,-86000,"AP0000047",69979730.5095887,69.9797305095887,2154.81674228799,"Lord_Howe"
-34,-87000,"AP0000048",156940966.642217,156.940966642217,2154.81674228799,"Lord_Howe"
-43,-88000,"AP0000049",352736653.134185,352.736653134185,2154.81674228799,"Lord_Howe"
-49,-89000,"AP0000050",455695621.667742,455.695621667743,2154.81674228799,"Lord_Howe"
-52,-90000,"AP0000008",515573017.589584,515.573017589584,2154.81674228799,"Lord_Howe"
-54,-91000,"AP0000051",546624767.296511,546.624767296511,2154.81674228799,"Lord_Howe"
-55,-92000,"AP0000052",560508451.662741,560.508451662741,2154.81674228799,"Lord_Howe"
-55,-93000,"AP0000052",560508451.662741,560.508451662741,2154.81674228799,"Lord_Howe"
-56,-94000,"AP0000053",574576235.730133,574.576235730133,2154.81674228799,"Lord_Howe"
-54,-95000,"AP0000051",546624767.296511,546.624767296511,2154.81674228799,"Lord_Howe"
-46,-96000,"AP0000054",392534811.123483,392.534811123483,2154.81674228799,"Lord_Howe"
-35,-97000,"AP0000055",188365750.889829,188.365750889829,2154.81674228799,"Lord_Howe"
-24,-98000,"AP0000006",64501446.5613408,64.5014465613408,2154.81674228799,"Lord_Howe"
-16,-99000,"AP0000056",47875630.0730822,47.8756300730822,2154.81674228799,"Lord_Howe"
-12,-1e+05,"AP0000045",34353639.5960648,34.3536395960648,2154.81674228799,"Lord_Howe"
-10,-101000,"AP0000057",32161424.1462655,32.1614241462655,2154.81674228799,"Lord_Howe"
-10,-102000,"AP0000057",32161424.1462655,32.1614241462655,2154.81674228799,"Lord_Howe"
-9,-103000,"AP0000058",30881792.6845789,30.8817926845789,2154.81674228799,"Lord_Howe"
-8,-104000,"AP0000059",29237308.1909235,29.2373081909235,2154.81674228799,"Lord_Howe"
-10,-105000,"AP0000057",32161424.1462655,32.1614241462655,2154.81674228799,"Lord_Howe"
-16,-106000,"AP0000056",47875630.0730822,47.8756300730822,2154.81674228799,"Lord_Howe"
-26,-107000,"AP0000047",69979730.5095887,69.9797305095887,2154.81674228799,"Lord_Howe"
-31,-108000,"AP0000060",107249670.592446,107.249670592446,2154.81674228799,"Lord_Howe"
-33,-109000,"AP0000061",139038345.565557,139.038345565557,2154.81674228799,"Lord_Howe"
-33,-110000,"AP0000061",139038345.565557,139.038345565557,2154.81674228799,"Lord_Howe"
-32,-111000,"AP0000062",120406013.747343,120.406013747343,2154.81674228799,"Lord_Howe"
-32,-112000,"AP0000062",120406013.747343,120.406013747343,2154.81674228799,"Lord_Howe"
-27,-113000,"AP0000063",72173163.9498403,72.1731639498403,2154.81674228799,"Lord_Howe"
-16,-114000,"AP0000056",47875630.0730822,47.8756300730822,2154.81674228799,"Lord_Howe"
-6,-115000,"AP0000064",25766556.2779965,25.7665562779965,2154.81674228799,"Lord_Howe"
0,-116000,"AP0000000",12793299.3274064,12.7932993274064,2154.81674228799,"Lord_Howe"
3,-117000,"AP0000065",12427786.6467197,12.4277866467197,2154.81674228799,"Lord_Howe"
5,-118000,"AP0000066",11513786.8898549,11.5137868898549,2154.81674228799,"Lord_Howe"
7,-119000,"AP0000067",10965534.9228125,10.9655349228125,2154.81674228799,"Lord_Howe"
9,-120000,"AP0000068",10051592.0568535,10.0515920568535,2154.81674228799,"Lord_Howe"
10,-121000,"AP0000069",9503412.0786624,9.5034120786624,2154.81674228799,"Lord_Howe"
10,-122000,"AP0000069",9503412.0786624,9.5034120786624,2154.81674228799,"Lord_Howe"
10,-123000,"AP0000069",9503412.0786624,9.5034120786624,2154.81674228799,"Lord_Howe"
9,-124000,"AP0000068",10051592.0568535,10.0515920568535,2154.81674228799,"Lord_Howe"
9,-125000,"AP0000068",10051592.0568535,10.0515920568535,2154.81674228799,"Lord_Howe"
10,-126000,"AP0000069",9503412.0786624,9.5034120786624,2154.81674228799,"Lord_Howe"
12,-127000,"AP0000070",9138027.50428963,9.13802750428963,2154.81674228799,"Lord_Howe"
10,-128000,"AP0000069",9503412.0786624,9.5034120786624,2154.81674228799,"Lord_Howe"
-3,-129000,"AP0000003",18458178.7287846,18.4581787287846,2154.81674228799,"Lord_Howe"
-27,-130000,"AP0000063",72173163.9498403,72.1731639498403,2154.81674228799,"Lord_Howe"
-28,-131000,"AP0000071",74913188.1274848,74.9131881274848,2154.81674228799,"Lord_Howe"
-26,-132000,"AP0000047",69979730.5095887,69.9797305095887,2154.81674228799,"Lord_Howe"
-24,-133000,"AP0000006",64501446.5613408,64.5014465613408,2154.81674228799,"Lord_Howe"
-22,-134000,"AP0000072",58472251.1890967,58.4722511890967,2154.81674228799,"Lord_Howe"
-20,-135000,"AP0000040",54086888.2441483,54.0868882441483,2154.81674228799,"Lord_Howe"
-18,-136000,"AP0000073",49703173.0969477,49.7031730969477,2154.81674228799,"Lord_Howe"
-19,-137000,"AP0000046",51713207.4981742,51.7132074981742,2154.81674228799,"Lord_Howe"
-22,-138000,"AP0000072",58472251.1890967,58.4722511890967,2154.81674228799,"Lord_Howe"
-28,-139000,"AP0000071",74913188.1274848,74.9131881274848,2154.81674228799,"Lord_Howe"
-44,-140000,"AP0000074",364972402.906189,364.972402906189,2154.81674228799,"Lord_Howe"
0,0,"AP0000000",849912476.996194,849.912476996194,9273.36356928723,"Madeira"
-1,-1000,"AP0000001",854781571.417649,854.781571417649,9273.36356928723,"Madeira"
-2,-2000,"AP0000002",854961465.669366,854.961465669366,9273.36356928723,"Madeira"
-3,-3000,"AP0000003",855681830.819393,855.681830819393,9273.36356928723,"Madeira"
-3,-4000,"AP0000003",855681830.819393,855.681830819393,9273.36356928723,"Madeira"
-3,-5000,"AP0000003",855681830.819393,855.681830819393,9273.36356928723,"Madeira"
-4,-6000,"AP0000004",855861511.790825,855.861511790825,9273.36356928723,"Madeira"
-4,-7000,"AP0000004",855861511.790825,855.861511790825,9273.36356928723,"Madeira"
-11,-8000,"AP0000005",866314200.642759,866.314200642759,9273.36356928723,"Madeira"
-24,-9000,"AP0000006",901650305.452207,901.650305452207,9273.36356928723,"Madeira"
-38,-10000,"AP0000007",958612893.380564,958.612893380564,9273.36356928723,"Madeira"
-52,-11000,"AP0000008",1064334674.73088,1064.33467473088,9273.36356928723,"Madeira"
-65,-12000,"AP0000009",1173343742.55372,1173.34374255372,9273.36356928723,"Madeira"
-76,-13000,"AP0000010",1245122854.84957,1245.12285484957,9273.36356928723,"Madeira"
-85,-14000,"AP0000011",1308639209.54381,1308.63920954381,9273.36356928723,"Madeira"
-93,-15000,"AP0000012",1360265372.30452,1360.26537230452,9273.36356928723,"Madeira"
-102,-16000,"AP0000013",1423109968.87731,1423.10996887731,9273.36356928723,"Madeira"
-109,-17000,"AP0000014",1474752036.05233,1474.75203605233,9273.36356928723,"Madeira"
-116,-18000,"AP0000015",1517169532.61947,1517.16953261947,9273.36356928723,"Madeira"
-121,-19000,"AP0000016",1540998145.19952,1540.99814519952,9273.36356928723,"Madeira"
-123,-20000,"AP0000017",1552910351.60649,1552.91035160649,9273.36356928723,"Madeira"
-122,-21000,"AP0000018",1546593114.76721,1546.59311476721,9273.36356928723,"Madeira"
-118,-22000,"AP0000019",1527278343.75915,1527.27834375915,9273.36356928723,"Madeira"
-112,-23000,"AP0000020",1492621278.45163,1492.62127845163,9273.36356928723,"Madeira"
-105,-24000,"AP0000021",1446405216.22852,1446.40521622852,9273.36356928723,"Madeira"
-98,-25000,"AP0000022",1394394497.6226,1394.3944976226,9273.36356928723,"Madeira"
-93,-26000,"AP0000012",1360265372.30452,1360.26537230452,9273.36356928723,"Madeira"
-90,-27000,"AP0000023",1339864262.31918,1339.86426231918,9273.36356928723,"Madeira"
-87,-28000,"AP0000024",1320911701.58823,1320.91170158823,9273.36356928723,"Madeira"
-84,-29000,"AP0000025",1302503179.00262,1302.50317900262,9273.36356928723,"Madeira"
-81,-30000,"AP0000026",1285179025.24619,1285.17902524619,9273.36356928723,"Madeira"
-79,-31000,"AP0000027",1267856279.52972,1267.85627952972,9273.36356928723,"Madeira"
-76,-32000,"AP0000010",1245122854.84957,1245.12285484957,9273.36356928723,"Madeira"
-75,-33000,"AP0000028",1238270751.79691,1238.27075179691,9273.36356928723,"Madeira"
-73,-34000,"AP0000029",1224562450.83981,1224.56245083981,9273.36356928723,"Madeira"
-72,-35000,"AP0000030",1218428132.29322,1218.42813229322,9273.36356928723,"Madeira"
-72,-36000,"AP0000030",1218428132.29322,1218.42813229322,9273.36356928723,"Madeira"
-72,-37000,"AP0000030",1218428132.29322,1218.42813229322,9273.36356928723,"Madeira"
-72,-38000,"AP0000030",1218428132.29322,1218.42813229322,9273.36356928723,"Madeira"
-74,-39000,"AP0000031",1230873520.58716,1230.87352058716,9273.36356928723,"Madeira"
-76,-40000,"AP0000010",1245122854.84957,1245.12285484957,9273.36356928723,"Madeira"
-78,-41000,"AP0000032",1260277202.57519,1260.27720257519,9273.36356928723,"Madeira"
-80,-42000,"AP0000033",1279224790.64735,1279.22479064735,9273.36356928723,"Madeira"
-82,-43000,"AP0000034",1292035163.5349,1292.0351635349,9273.36356928723,"Madeira"
-84,-44000,"AP0000025",1302503179.00262,1302.50317900262,9273.36356928723,"Madeira"
-85,-45000,"AP0000011",1308639209.54381,1308.63920954381,9273.36356928723,"Madeira"
-86,-46000,"AP0000035",1314052695.80971,1314.05269580971,9273.36356928723,"Madeira"
-86,-47000,"AP0000035",1314052695.80971,1314.05269580971,9273.36356928723,"Madeira"
-86,-48000,"AP0000035",1314052695.80971,1314.05269580971,9273.36356928723,"Madeira"
-86,-49000,"AP0000035",1314052695.80971,1314.05269580971,9273.36356928723,"Madeira"
-86,-50000,"AP0000035",1314052695.80971,1314.05269580971,9273.36356928723,"Madeira"
-86,-51000,"AP0000035",1314052695.80971,1314.05269580971,9273.36356928723,"Madeira"
-85,-52000,"AP0000011",1308639209.54381,1308.63920954381,9273.36356928723,"Madeira"
-85,-53000,"AP0000011",1308639209.54381,1308.63920954381,9273.36356928723,"Madeira"
-85,-54000,"AP0000011",1308639209.54381,1308.63920954381,9273.36356928723,"Madeira"
-84,-55000,"AP0000025",1302503179.00262,1302.50317900262,9273.36356928723,"Madeira"
-83,-56000,"AP0000036",1296909336.24737,1296.90933624737,9273.36356928723,"Madeira"
-82,-57000,"AP0000034",1292035163.5349,1292.0351635349,9273.36356928723,"Madeira"
-80,-58000,"AP0000033",1279224790.64735,1279.22479064735,9273.36356928723,"Madeira"
-79,-59000,"AP0000027",1267856279.52972,1267.85627952972,9273.36356928723,"Madeira"
-78,-60000,"AP0000032",1260277202.57519,1260.27720257519,9273.36356928723,"Madeira"
-77,-61000,"AP0000037",1253240301.34589,1253.24030134589,9273.36356928723,"Madeira"
-77,-62000,"AP0000037",1253240301.34589,1253.24030134589,9273.36356928723,"Madeira"
-77,-63000,"AP0000037",1253240301.34589,1253.24030134589,9273.36356928723,"Madeira"
-78,-64000,"AP0000032",1260277202.57519,1260.27720257519,9273.36356928723,"Madeira"
-79,-65000,"AP0000027",1267856279.52972,1267.85627952972,9273.36356928723,"Madeira"
-81,-66000,"AP0000026",1285179025.24619,1285.17902524619,9273.36356928723,"Madeira"
-82,-67000,"AP0000034",1292035163.5349,1292.0351635349,9273.36356928723,"Madeira"
-82,-68000,"AP0000034",1292035163.5349,1292.0351635349,9273.36356928723,"Madeira"
-81,-69000,"AP0000026",1285179025.24619,1285.17902524619,9273.36356928723,"Madeira"
-80,-70000,"AP0000033",1279224790.64735,1279.22479064735,9273.36356928723,"Madeira"
-81,-71000,"AP0000026",1285179025.24619,1285.17902524619,9273.36356928723,"Madeira"
-83,-72000,"AP0000036",1296909336.24737,1296.90933624737,9273.36356928723,"Madeira"
-72,-73000,"AP0000030",1218428132.29322,1218.42813229322,9273.36356928723,"Madeira"
-48,-74000,"AP0000038",1017139055.66408,1017.13905566408,9273.36356928723,"Madeira"
-29,-75000,"AP0000039",920397073.095904,920.397073095904,9273.36356928723,"Madeira"
-20,-76000,"AP0000040",887772255.200758,887.772255200758,9273.36356928723,"Madeira"
-17,-77000,"AP0000041",879658053.175203,879.658053175203,9273.36356928723,"Madeira"
-15,-78000,"AP0000042",875513842.063803,875.513842063803,9273.36356928723,"Madeira"
-14,-79000,"AP0000043",873530115.32284,873.53011532284,9273.36356928723,"Madeira"
-13,-80000,"AP0000044",871003628.466619,871.003628466619,9273.36356928723,"Madeira"
-12,-81000,"AP0000045",868118257.684186,868.118257684186,9273.36356928723,"Madeira"
-12,-82000,"AP0000045",868118257.684186,868.118257684186,9273.36356928723,"Madeira"
-13,-83000,"AP0000044",871003628.466619,871.003628466619,9273.36356928723,"Madeira"
-15,-84000,"AP0000042",875513842.063803,875.513842063803,9273.36356928723,"Madeira"
-19,-85000,"AP0000046",885068837.38661,885.06883738661,9273.36356928723,"Madeira"
-26,-86000,"AP0000047",909762543.59429,909.76254359429,9273.36356928723,"Madeira"
-34,-87000,"AP0000048",940409763.412724,940.409763412724,9273.36356928723,"Madeira"
-43,-88000,"AP0000049",987075264.102366,987.075264102366,9273.36356928723,"Madeira"
-49,-89000,"AP0000050",1024699471.36889,1024.69947136889,9273.36356928723,"Madeira"
-52,-90000,"AP0000008",1064334674.73088,1064.33467473088,9273.36356928723,"Madeira"
-54,-91000,"AP0000051",1085592321.08169,1085.59232108169,9273.36356928723,"Madeira"
-55,-92000,"AP0000052",1095864310.39796,1095.86431039796,9273.36356928723,"Madeira"
-55,-93000,"AP0000052",1095864310.39796,1095.86431039796,9273.36356928723,"Madeira"
-56,-94000,"AP0000053",1104688666.17636,1104.68866617636,9273.36356928723,"Madeira"
-54,-95000,"AP0000051",1085592321.08169,1085.59232108169,9273.36356928723,"Madeira"
-46,-96000,"AP0000054",1004897297.84554,1004.89729784554,9273.36356928723,"Madeira"
-35,-97000,"AP0000055",944915565.380292,944.915565380292,9273.36356928723,"Madeira"
-24,-98000,"AP0000006",901650305.452207,901.650305452207,9273.36356928723,"Madeira"
-16,-99000,"AP0000056",877136643.196438,877.136643196438,9273.36356928723,"Madeira"
-12,-1e+05,"AP0000045",868118257.684186,868.118257684186,9273.36356928723,"Madeira"
-10,-101000,"AP0000057",864152536.777499,864.152536777499,9273.36356928723,"Madeira"
-10,-102000,"AP0000057",864152536.777499,864.152536777499,9273.36356928723,"Madeira"
-9,-103000,"AP0000058",861988969.148089,861.988969148089,9273.36356928723,"Madeira"
-8,-104000,"AP0000059",860368317.828176,860.368317828176,9273.36356928723,"Madeira"
-10,-105000,"AP0000057",864152536.777499,864.152536777499,9273.36356928723,"Madeira"
-16,-106000,"AP0000056",877136643.196438,877.136643196438,9273.36356928723,"Madeira"
-26,-107000,"AP0000047",909762543.59429,909.76254359429,9273.36356928723,"Madeira"
-31,-108000,"AP0000060",928507752.660404,928.507752660404,9273.36356928723,"Madeira"
-33,-109000,"AP0000061",935901528.642212,935.901528642212,9273.36356928723,"Madeira"
-33,-110000,"AP0000061",935901528.642212,935.901528642212,9273.36356928723,"Madeira"
-32,-111000,"AP0000062",932115598.101413,932.115598101413,9273.36356928723,"Madeira"
-32,-112000,"AP0000062",932115598.101413,932.115598101413,9273.36356928723,"Madeira"
-27,-113000,"AP0000063",912826415.252369,912.826415252369,9273.36356928723,"Madeira"
-16,-114000,"AP0000056",877136643.196438,877.136643196438,9273.36356928723,"Madeira"
-6,-115000,"AP0000064",857483022.774713,857.483022774713,9273.36356928723,"Madeira"
0,-116000,"AP0000000",849912476.996194,849.912476996194,9273.36356928723,"Madeira"
3,-117000,"AP0000065",847751468.878106,847.751468878106,9273.36356928723,"Madeira"
5,-118000,"AP0000066",846309138.281394,846.309138281394,9273.36356928723,"Madeira"
7,-119000,"AP0000067",842701580.195998,842.701580195998,9273.36356928723,"Madeira"
9,-120000,"AP0000068",839458005.569634,839.458005569634,9273.36356928723,"Madeira"
10,-121000,"AP0000069",837658695.418977,837.658695418977,9273.36356928723,"Madeira"
10,-122000,"AP0000069",837658695.418977,837.658695418977,9273.36356928723,"Madeira"
10,-123000,"AP0000069",837658695.418977,837.658695418977,9273.36356928723,"Madeira"
9,-124000,"AP0000068",839458005.569634,839.458005569634,9273.36356928723,"Madeira"
9,-125000,"AP0000068",839458005.569634,839.458005569634,9273.36356928723,"Madeira"
10,-126000,"AP0000069",837658695.418977,837.658695418977,9273.36356928723,"Madeira"
12,-127000,"AP0000070",834415719.889565,834.415719889565,9273.36356928723,"Madeira"
10,-128000,"AP0000069",837658695.418977,837.658695418977,9273.36356928723,"Madeira"
-3,-129000,"AP0000003",855681830.819393,855.681830819393,9273.36356928723,"Madeira"
-27,-130000,"AP0000063",912826415.252369,912.826415252369,9273.36356928723,"Madeira"
-28,-131000,"AP0000071",917694077.037227,917.694077037227,9273.36356928723,"Madeira"
-26,-132000,"AP0000047",909762543.59429,909.76254359429,9273.36356928723,"Madeira"
-24,-133000,"AP0000006",901650305.452207,901.650305452207,9273.36356928723,"Madeira"
-22,-134000,"AP0000072",894980023.758853,894.980023758853,9273.36356928723,"Madeira"
-20,-135000,"AP0000040",887772255.200758,887.772255200758,9273.36356928723,"Madeira"
-18,-136000,"AP0000073",882723478.412833,882.723478412833,9273.36356928723,"Madeira"
-19,-137000,"AP0000046",885068837.38661,885.06883738661,9273.36356928723,"Madeira"
-22,-138000,"AP0000072",894980023.758853,894.980023758853,9273.36356928723,"Madeira"
-28,-139000,"AP0000071",917694077.037227,917.694077037227,9273.36356928723,"Madeira"
-44,-140000,"AP0000074",992121325.555582,992.121325555582,9273.36356928723,"Madeira"
0,0,"AP0000000",1261798178.40492,1261.79817840492,109210.830753318,"Marquesas"
-1,-1000,"AP0000001",1310906745.31833,1310.90674531833,109210.830753318,"Marquesas"
-2,-2000,"AP0000002",1317233126.79894,1317.23312679894,109210.830753318,"Marquesas"
-3,-3000,"AP0000003",1320820598.67707,1320.82059867707,109210.830753318,"Marquesas"
-3,-4000,"AP0000003",1320820598.67707,1320.82059867707,109210.830753318,"Marquesas"
-3,-5000,"AP0000003",1320820598.67707,1320.82059867707,109210.830753318,"Marquesas"
-4,-6000,"AP0000004",1325882778.86691,1325.88277886691,109210.830753318,"Marquesas"
-4,-7000,"AP0000004",1325882778.86691,1325.88277886691,109210.830753318,"Marquesas"
-11,-8000,"AP0000005",1372568159.11939,1372.56815911939,109210.830753318,"Marquesas"
-24,-9000,"AP0000006",1524582681.26977,1524.58268126977,109210.830753318,"Marquesas"
-38,-10000,"AP0000007",1624465380.31746,1624.46538031746,109210.830753318,"Marquesas"
-52,-11000,"AP0000008",1799828185.06366,1799.82818506366,109210.830753318,"Marquesas"
-65,-12000,"AP0000009",2111676193.68562,2111.67619368562,109210.830753318,"Marquesas"
-76,-13000,"AP0000010",2286015347.28925,2286.01534728925,109210.830753318,"Marquesas"
-85,-14000,"AP0000011",2443007520.13461,2443.00752013461,109210.830753318,"Marquesas"
-93,-15000,"AP0000012",2555677116.18452,2555.67711618452,109210.830753318,"Marquesas"
-102,-16000,"AP0000013",2647862823.56952,2647.86282356952,109210.830753318,"Marquesas"
-109,-17000,"AP0000014",2695761833.06336,2695.76183306336,109210.830753318,"Marquesas"
-116,-18000,"AP0000015",2729949413.30252,2729.94941330252,109210.830753318,"Marquesas"
-121,-19000,"AP0000016",2753783136.39097,2753.78313639097,109210.830753318,"Marquesas"
-123,-20000,"AP0000017",2762011085.9223,2762.0110859223,109210.830753318,"Marquesas"
-122,-21000,"AP0000018",2758002656.68561,2758.00265668561,109210.830753318,"Marquesas"
-118,-22000,"AP0000019",2738387306.21734,2738.38730621734,109210.830753318,"Marquesas"
-112,-23000,"AP0000020",2711376557.20301,2711.37655720301,109210.830753318,"Marquesas"
-105,-24000,"AP0000021",2668965275.3694,2668.9652753694,109210.830753318,"Marquesas"
-98,-25000,"AP0000022",2615373568.36357,2615.37356836357,109210.830753318,"Marquesas"
-93,-26000,"AP0000012",2555677116.18452,2555.67711618452,109210.830753318,"Marquesas"
-90,-27000,"AP0000023",2515800805.41258,2515.80080541258,109210.830753318,"Marquesas"
-87,-28000,"AP0000024",2472125791.25524,2472.12579125524,109210.830753318,"Marquesas"
-84,-29000,"AP0000025",2425493748.11738,2425.49374811738,109210.830753318,"Marquesas"
-81,-30000,"AP0000026",2372519066.02231,2372.51906602231,109210.830753318,"Marquesas"
-79,-31000,"AP0000027",2337702238.59278,2337.70223859278,109210.830753318,"Marquesas"
-76,-32000,"AP0000010",2286015347.28925,2286.01534728925,109210.830753318,"Marquesas"
-75,-33000,"AP0000028",2269982770.07293,2269.98277007293,109210.830753318,"Marquesas"
-73,-34000,"AP0000029",2240439266.73883,2240.43926673883,109210.830753318,"Marquesas"
-72,-35000,"AP0000030",2223132431.85691,2223.13243185691,109210.830753318,"Marquesas"
-72,-36000,"AP0000030",2223132431.85691,2223.13243185691,109210.830753318,"Marquesas"
-72,-37000,"AP0000030",2223132431.85691,2223.13243185691,109210.830753318,"Marquesas"
-72,-38000,"AP0000030",2223132431.85691,2223.13243185691,109210.830753318,"Marquesas"
-74,-39000,"AP0000031",2256267396.68235,2256.26739668235,109210.830753318,"Marquesas"
-76,-40000,"AP0000010",2286015347.28925,2286.01534728925,109210.830753318,"Marquesas"
-78,-41000,"AP0000032",2319984463.1063,2319.9844631063,109210.830753318,"Marquesas"
-80,-42000,"AP0000033",2353320601.26029,2353.32060126029,109210.830753318,"Marquesas"
-82,-43000,"AP0000034",2389405626.04273,2389.40562604273,109210.830753318,"Marquesas"
-84,-44000,"AP0000025",2425493748.11738,2425.49374811738,109210.830753318,"Marquesas"
-85,-45000,"AP0000011",2443007520.13461,2443.00752013461,109210.830753318,"Marquesas"
-86,-46000,"AP0000035",2459253696.03139,2459.25369603139,109210.830753318,"Marquesas"
-86,-47000,"AP0000035",2459253696.03139,2459.25369603139,109210.830753318,"Marquesas"
-86,-48000,"AP0000035",2459253696.03139,2459.25369603139,109210.830753318,"Marquesas"
-86,-49000,"AP0000035",2459253696.03139,2459.25369603139,109210.830753318,"Marquesas"
-86,-50000,"AP0000035",2459253696.03139,2459.25369603139,109210.830753318,"Marquesas"
-86,-51000,"AP0000035",2459253696.03139,2459.25369603139,109210.830753318,"Marquesas"
-85,-52000,"AP0000011",2443007520.13461,2443.00752013461,109210.830753318,"Marquesas"
-85,-53000,"AP0000011",2443007520.13461,2443.00752013461,109210.830753318,"Marquesas"
-85,-54000,"AP0000011",2443007520.13461,2443.00752013461,109210.830753318,"Marquesas"
-84,-55000,"AP0000025",2425493748.11738,2425.49374811738,109210.830753318,"Marquesas"
-83,-56000,"AP0000036",2407553149.54696,2407.55314954696,109210.830753318,"Marquesas"
-82,-57000,"AP0000034",2389405626.04273,2389.40562604273,109210.830753318,"Marquesas"
-80,-58000,"AP0000033",2353320601.26029,2353.32060126029,109210.830753318,"Marquesas"
-79,-59000,"AP0000027",2337702238.59278,2337.70223859278,109210.830753318,"Marquesas"
-78,-60000,"AP0000032",2319984463.1063,2319.9844631063,109210.830753318,"Marquesas"
-77,-61000,"AP0000037",2304372056.56528,2304.37205656528,109210.830753318,"Marquesas"
-77,-62000,"AP0000037",2304372056.56528,2304.37205656528,109210.830753318,"Marquesas"
-77,-63000,"AP0000037",2304372056.56528,2304.37205656528,109210.830753318,"Marquesas"
-78,-64000,"AP0000032",2319984463.1063,2319.9844631063,109210.830753318,"Marquesas"
-79,-65000,"AP0000027",2337702238.59278,2337.70223859278,109210.830753318,"Marquesas"
-81,-66000,"AP0000026",2372519066.02231,2372.51906602231,109210.830753318,"Marquesas"
-82,-67000,"AP0000034",2389405626.04273,2389.40562604273,109210.830753318,"Marquesas"
-82,-68000,"AP0000034",2389405626.04273,2389.40562604273,109210.830753318,"Marquesas"
-81,-69000,"AP0000026",2372519066.02231,2372.51906602231,109210.830753318,"Marquesas"
-80,-70000,"AP0000033",2353320601.26029,2353.32060126029,109210.830753318,"Marquesas"
-81,-71000,"AP0000026",2372519066.02231,2372.51906602231,109210.830753318,"Marquesas"
-83,-72000,"AP0000036",2407553149.54696,2407.55314954696,109210.830753318,"Marquesas"
-72,-73000,"AP0000030",2223132431.85691,2223.13243185691,109210.830753318,"Marquesas"
-48,-74000,"AP0000038",1721827853.03455,1721.82785303455,109210.830753318,"Marquesas"
-29,-75000,"AP0000039",1556686835.96966,1556.68683596966,109210.830753318,"Marquesas"
-20,-76000,"AP0000040",1502829498.4903,1502.8294984903,109210.830753318,"Marquesas"
-17,-77000,"AP0000041",1482348067.50672,1482.34806750672,109210.830753318,"Marquesas"
-15,-78000,"AP0000042",1458889094.69993,1458.88909469993,109210.830753318,"Marquesas"
-14,-79000,"AP0000043",1436040602.29583,1436.04060229583,109210.830753318,"Marquesas"
-13,-80000,"AP0000044",1419332239.49471,1419.33223949471,109210.830753318,"Marquesas"
-12,-81000,"AP0000045",1382716706.19502,1382.71670619502,109210.830753318,"Marquesas"
-12,-82000,"AP0000045",1382716706.19502,1382.71670619502,109210.830753318,"Marquesas"
-13,-83000,"AP0000044",1419332239.49471,1419.33223949471,109210.830753318,"Marquesas"
-15,-84000,"AP0000042",1458889094.69993,1458.88909469993,109210.830753318,"Marquesas"
-19,-85000,"AP0000046",1496912918.20128,1496.91291820128,109210.830753318,"Marquesas"
-26,-86000,"AP0000047",1536620204.24113,1536.62020424113,109210.830753318,"Marquesas"
-34,-87000,"AP0000048",1593639322.67627,1593.63932267627,109210.830753318,"Marquesas"
-43,-88000,"AP0000049",1665016100.42968,1665.01610042968,109210.830753318,"Marquesas"
-49,-89000,"AP0000050",1737252626.66544,1737.25262666544,109210.830753318,"Marquesas"
-52,-90000,"AP0000008",1799828185.06366,1799.82818506366,109210.830753318,"Marquesas"
-54,-91000,"AP0000051",1854589516.37177,1854.58951637177,109210.830753318,"Marquesas"
-55,-92000,"AP0000052",1881211133.64963,1881.21113364963,109210.830753318,"Marquesas"
-55,-93000,"AP0000052",1881211133.64963,1881.21113364963,109210.830753318,"Marquesas"
-56,-94000,"AP0000053",1911012360.44476,1911.01236044476,109210.830753318,"Marquesas"
-54,-95000,"AP0000051",1854589516.37177,1854.58951637177,109210.830753318,"Marquesas"
-46,-96000,"AP0000054",1695214856.22947,1695.21485622947,109210.830753318,"Marquesas"
-35,-97000,"AP0000055",1601872022.6895,1601.8720226895,109210.830753318,"Marquesas"
-24,-98000,"AP0000006",1524582681.26977,1524.58268126977,109210.830753318,"Marquesas"
-16,-99000,"AP0000056",1470937498.44843,1470.93749844843,109210.830753318,"Marquesas"
-12,-1e+05,"AP0000045",1382716706.19502,1382.71670619502,109210.830753318,"Marquesas"
-10,-101000,"AP0000057",1360937255.29355,1360.93725529355,109210.830753318,"Marquesas"
-10,-102000,"AP0000057",1360937255.29355,1360.93725529355,109210.830753318,"Marquesas"
-9,-103000,"AP0000058",1353540761.95723,1353.54076195723,109210.830753318,"Marquesas"
-8,-104000,"AP0000059",1348681748.66034,1348.68174866034,109210.830753318,"Marquesas"
-10,-105000,"AP0000057",1360937255.29355,1360.93725529355,109210.830753318,"Marquesas"
-16,-106000,"AP0000056",1470937498.44843,1470.93749844843,109210.830753318,"Marquesas"
-26,-107000,"AP0000047",1536620204.24113,1536.62020424113,109210.830753318,"Marquesas"
-31,-108000,"AP0000060",1571469030.21417,1571.46903021417,109210.830753318,"Marquesas"
-33,-109000,"AP0000061",1585404164.36615,1585.40416436615,109210.830753318,"Marquesas"
-33,-110000,"AP0000061",1585404164.36615,1585.40416436615,109210.830753318,"Marquesas"
-32,-111000,"AP0000062",1576958913.15538,1576.95891315538,109210.830753318,"Marquesas"
-32,-112000,"AP0000062",1576958913.15538,1576.95891315538,109210.830753318,"Marquesas"
-27,-113000,"AP0000063",1543170871.64649,1543.17087164649,109210.830753318,"Marquesas"
-16,-114000,"AP0000056",1470937498.44843,1470.93749844843,109210.830753318,"Marquesas"
-6,-115000,"AP0000064",1337491752.22526,1337.49175222526,109210.830753318,"Marquesas"
0,-116000,"AP0000000",1261798178.40492,1261.79817840492,109210.830753318,"Marquesas"
3,-117000,"AP0000065",1258209288.96115,1258.20928896115,109210.830753318,"Marquesas"
5,-118000,"AP0000066",1254412698.68139,1254.41269868139,109210.830753318,"Marquesas"
7,-119000,"AP0000067",1250401971.18591,1250.40197118591,109210.830753318,"Marquesas"
9,-120000,"AP0000068",1246604083.98363,1246.60408398363,109210.830753318,"Marquesas"
10,-121000,"AP0000069",1243227426.94126,1243.22742694126,109210.830753318,"Marquesas"
10,-122000,"AP0000069",1243227426.94126,1243.22742694126,109210.830753318,"Marquesas"
10,-123000,"AP0000069",1243227426.94126,1243.22742694126,109210.830753318,"Marquesas"
9,-124000,"AP0000068",1246604083.98363,1246.60408398363,109210.830753318,"Marquesas"
9,-125000,"AP0000068",1246604083.98363,1246.60408398363,109210.830753318,"Marquesas"
10,-126000,"AP0000069",1243227426.94126,1243.22742694126,109210.830753318,"Marquesas"
12,-127000,"AP0000070",1238797819.11179,1238.79781911179,109210.830753318,"Marquesas"
10,-128000,"AP0000069",1243227426.94126,1243.22742694126,109210.830753318,"Marquesas"
-3,-129000,"AP0000003",1320820598.67707,1320.82059867707,109210.830753318,"Marquesas"
-27,-130000,"AP0000063",1543170871.64649,1543.17087164649,109210.830753318,"Marquesas"
-28,-131000,"AP0000071",1550770290.6143,1550.7702906143,109210.830753318,"Marquesas"
-26,-132000,"AP0000047",1536620204.24113,1536.62020424113,109210.830753318,"Marquesas"
-24,-133000,"AP0000006",1524582681.26977,1524.58268126977,109210.830753318,"Marquesas"
-22,-134000,"AP0000072",1511488377.48088,1511.48837748088,109210.830753318,"Marquesas"
-20,-135000,"AP0000040",1502829498.4903,1502.8294984903,109210.830753318,"Marquesas"
-18,-136000,"AP0000073",1488260258.63218,1488.26025863218,109210.830753318,"Marquesas"
-19,-137000,"AP0000046",1496912918.20128,1496.91291820128,109210.830753318,"Marquesas"
-22,-138000,"AP0000072",1511488377.48088,1511.48837748088,109210.830753318,"Marquesas"
-28,-139000,"AP0000071",1550770290.6143,1550.7702906143,109210.830753318,"Marquesas"
-44,-140000,"AP0000074",1672194647.11637,1672.19464711637,109210.830753318,"Marquesas"
0,0,"AP0000000",1922986944.53377,1922.98694453377,5502.46386602643,"Mauritius_Island"
-1,-1000,"AP0000001",1981571618.12942,1981.57161812942,5502.46386602643,"Mauritius_Island"
-2,-2000,"AP0000002",1996834877.48352,1996.83487748352,5502.46386602643,"Mauritius_Island"
-3,-3000,"AP0000003",2232268611.02195,2232.26861102195,5502.46386602643,"Mauritius_Island"
-3,-4000,"AP0000003",2232268611.02195,2232.26861102195,5502.46386602643,"Mauritius_Island"
-3,-5000,"AP0000003",2232268611.02195,2232.26861102195,5502.46386602643,"Mauritius_Island"
-4,-6000,"AP0000004",2239303959.72961,2239.30395972961,5502.46386602643,"Mauritius_Island"
-4,-7000,"AP0000004",2239303959.72961,2239.30395972961,5502.46386602643,"Mauritius_Island"
-11,-8000,"AP0000005",2277697871.76517,2277.69787176517,5502.46386602643,"Mauritius_Island"
-24,-9000,"AP0000006",2348452304.23152,2348.45230423152,5502.46386602643,"Mauritius_Island"
-38,-10000,"AP0000007",2444169965.70419,2444.16996570419,5502.46386602643,"Mauritius_Island"
-52,-11000,"AP0000008",2627822980.90081,2627.82298090081,5502.46386602643,"Mauritius_Island"
-65,-12000,"AP0000009",2692586528.174,2692.586528174,5502.46386602643,"Mauritius_Island"
-76,-13000,"AP0000010",2737008215.36779,2737.00821536779,5502.46386602643,"Mauritius_Island"
-85,-14000,"AP0000011",2768958994.49984,2768.95899449984,5502.46386602643,"Mauritius_Island"
-93,-15000,"AP0000012",2800300332.66157,2800.30033266157,5502.46386602643,"Mauritius_Island"
-102,-16000,"AP0000013",2831445911.05489,2831.44591105489,5502.46386602643,"Mauritius_Island"
-109,-17000,"AP0000014",2859581260.66251,2859.58126066251,5502.46386602643,"Mauritius_Island"
-116,-18000,"AP0000015",2883897144.07066,2883.89714407066,5502.46386602643,"Mauritius_Island"
-121,-19000,"AP0000016",2900978221.11202,2900.97822111202,5502.46386602643,"Mauritius_Island"
-123,-20000,"AP0000017",2906604138.72899,2906.60413872899,5502.46386602643,"Mauritius_Island"
-122,-21000,"AP0000018",2903791190.2749,2903.7911902749,5502.46386602643,"Mauritius_Island"
-118,-22000,"AP0000019",2891533645.71958,2891.53364571958,5502.46386602643,"Mauritius_Island"
-112,-23000,"AP0000020",2871637161.17677,2871.63716117677,5502.46386602643,"Mauritius_Island"
-105,-24000,"AP0000021",2844707030.53954,2844.70703053954,5502.46386602643,"Mauritius_Island"
-98,-25000,"AP0000022",2815374049.85737,2815.37404985737,5502.46386602643,"Mauritius_Island"
-93,-26000,"AP0000012",2800300332.66157,2800.30033266157,5502.46386602643,"Mauritius_Island"
-90,-27000,"AP0000023",2790458916.63346,2790.45891663346,5502.46386602643,"Mauritius_Island"
-87,-28000,"AP0000024",2776393270.15684,2776.39327015684,5502.46386602643,"Mauritius_Island"
-84,-29000,"AP0000025",2766546890.80657,2766.54689080657,5502.46386602643,"Mauritius_Island"
-81,-30000,"AP0000026",2753885663.59265,2753.88566359265,5502.46386602643,"Mauritius_Island"
-79,-31000,"AP0000027",2747053129.0054,2747.0531290054,5502.46386602643,"Mauritius_Island"
-76,-32000,"AP0000010",2737008215.36779,2737.00821536779,5502.46386602643,"Mauritius_Island"
-75,-33000,"AP0000028",2732988303.40108,2732.98830340108,5502.46386602643,"Mauritius_Island"
-73,-34000,"AP0000029",2726358154.38635,2726.35815438635,5502.46386602643,"Mauritius_Island"
-72,-35000,"AP0000030",2722137698.85079,2722.13769885079,5502.46386602643,"Mauritius_Island"
-72,-36000,"AP0000030",2722137698.85079,2722.13769885079,5502.46386602643,"Mauritius_Island"
-72,-37000,"AP0000030",2722137698.85079,2722.13769885079,5502.46386602643,"Mauritius_Island"
-72,-38000,"AP0000030",2722137698.85079,2722.13769885079,5502.46386602643,"Mauritius_Island"
-74,-39000,"AP0000031",2730175433.64746,2730.17543364746,5502.46386602643,"Mauritius_Island"
-76,-40000,"AP0000010",2737008215.36779,2737.00821536779,5502.46386602643,"Mauritius_Island"
-78,-41000,"AP0000032",2743638784.83226,2743.63878483226,5502.46386602643,"Mauritius_Island"
-80,-42000,"AP0000033",2751474447.0026,2751.4744470026,5502.46386602643,"Mauritius_Island"
-82,-43000,"AP0000034",2759112514.77101,2759.11251477101,5502.46386602643,"Mauritius_Island"
-84,-44000,"AP0000025",2766546890.80657,2766.54689080657,5502.46386602643,"Mauritius_Island"
-85,-45000,"AP0000011",2768958994.49984,2768.95899449984,5502.46386602643,"Mauritius_Island"
-86,-46000,"AP0000035",2772576014.22043,2772.57601422043,5502.46386602643,"Mauritius_Island"
-86,-47000,"AP0000035",2772576014.22043,2772.57601422043,5502.46386602643,"Mauritius_Island"
-86,-48000,"AP0000035",2772576014.22043,2772.57601422043,5502.46386602643,"Mauritius_Island"
-86,-49000,"AP0000035",2772576014.22043,2772.57601422043,5502.46386602643,"Mauritius_Island"
-86,-50000,"AP0000035",2772576014.22043,2772.57601422043,5502.46386602643,"Mauritius_Island"
-86,-51000,"AP0000035",2772576014.22043,2772.57601422043,5502.46386602643,"Mauritius_Island"
-85,-52000,"AP0000011",2768958994.49984,2768.95899449984,5502.46386602643,"Mauritius_Island"
-85,-53000,"AP0000011",2768958994.49984,2768.95899449984,5502.46386602643,"Mauritius_Island"
-85,-54000,"AP0000011",2768958994.49984,2768.95899449984,5502.46386602643,"Mauritius_Island"
-84,-55000,"AP0000025",2766546890.80657,2766.54689080657,5502.46386602643,"Mauritius_Island"
-83,-56000,"AP0000036",2762127459.77917,2762.12745977917,5502.46386602643,"Mauritius_Island"
-82,-57000,"AP0000034",2759112514.77101,2759.11251477101,5502.46386602643,"Mauritius_Island"
-80,-58000,"AP0000033",2751474447.0026,2751.4744470026,5502.46386602643,"Mauritius_Island"
-79,-59000,"AP0000027",2747053129.0054,2747.0531290054,5502.46386602643,"Mauritius_Island"
-78,-60000,"AP0000032",2743638784.83226,2743.63878483226,5502.46386602643,"Mauritius_Island"
-77,-61000,"AP0000037",2741428832.15628,2741.42883215628,5502.46386602643,"Mauritius_Island"
-77,-62000,"AP0000037",2741428832.15628,2741.42883215628,5502.46386602643,"Mauritius_Island"
-77,-63000,"AP0000037",2741428832.15628,2741.42883215628,5502.46386602643,"Mauritius_Island"
-78,-64000,"AP0000032",2743638784.83226,2743.63878483226,5502.46386602643,"Mauritius_Island"
-79,-65000,"AP0000027",2747053129.0054,2747.0531290054,5502.46386602643,"Mauritius_Island"
-81,-66000,"AP0000026",2753885663.59265,2753.88566359265,5502.46386602643,"Mauritius_Island"
-82,-67000,"AP0000034",2759112514.77101,2759.11251477101,5502.46386602643,"Mauritius_Island"
-82,-68000,"AP0000034",2759112514.77101,2759.11251477101,5502.46386602643,"Mauritius_Island"
-81,-69000,"AP0000026",2753885663.59265,2753.88566359265,5502.46386602643,"Mauritius_Island"
-80,-70000,"AP0000033",2751474447.0026,2751.4744470026,5502.46386602643,"Mauritius_Island"
-81,-71000,"AP0000026",2753885663.59265,2753.88566359265,5502.46386602643,"Mauritius_Island"
-83,-72000,"AP0000036",2762127459.77917,2762.12745977917,5502.46386602643,"Mauritius_Island"
-72,-73000,"AP0000030",2722137698.85079,2722.13769885079,5502.46386602643,"Mauritius_Island"
-48,-74000,"AP0000038",2588397374.83241,2588.39737483241,5502.46386602643,"Mauritius_Island"
-29,-75000,"AP0000039",2375397536.11253,2375.39753611253,5502.46386602643,"Mauritius_Island"
-20,-76000,"AP0000040",2324732476.58225,2324.73247658225,5502.46386602643,"Mauritius_Island"
-17,-77000,"AP0000041",2307244059.4986,2307.2440594986,5502.46386602643,"Mauritius_Island"
-15,-78000,"AP0000042",2296192732.60532,2296.19273260532,5502.46386602643,"Mauritius_Island"
-14,-79000,"AP0000043",2291972500.98244,2291.97250098244,5502.46386602643,"Mauritius_Island"
-13,-80000,"AP0000044",2287147685.07181,2287.14768507181,5502.46386602643,"Mauritius_Island"
-12,-81000,"AP0000045",2283127113.15201,2283.12711315201,5502.46386602643,"Mauritius_Island"
-12,-82000,"AP0000045",2283127113.15201,2283.12711315201,5502.46386602643,"Mauritius_Island"
-13,-83000,"AP0000044",2287147685.07181,2287.14768507181,5502.46386602643,"Mauritius_Island"
-15,-84000,"AP0000042",2296192732.60532,2296.19273260532,5502.46386602643,"Mauritius_Island"
-19,-85000,"AP0000046",2318701384.6927,2318.7013846927,5502.46386602643,"Mauritius_Island"
-26,-86000,"AP0000047",2358909622.5967,2358.9096225967,5502.46386602643,"Mauritius_Island"
-34,-87000,"AP0000048",2409174520.94959,2409.17452094959,5502.46386602643,"Mauritius_Island"
-43,-88000,"AP0000049",2492439594.84875,2492.43959484875,5502.46386602643,"Mauritius_Island"
-49,-89000,"AP0000050",2608719074.7006,2608.7190747006,5502.46386602643,"Mauritius_Island"
-52,-90000,"AP0000008",2627822980.90081,2627.82298090081,5502.46386602643,"Mauritius_Island"
-54,-91000,"AP0000051",2643517182.85131,2643.51718285131,5502.46386602643,"Mauritius_Island"
-55,-92000,"AP0000052",2649350997.35873,2649.35099735873,5502.46386602643,"Mauritius_Island"
-55,-93000,"AP0000052",2649350997.35873,2649.35099735873,5502.46386602643,"Mauritius_Island"
-56,-94000,"AP0000053",2653373525.46963,2653.37352546963,5502.46386602643,"Mauritius_Island"
-54,-95000,"AP0000051",2643517182.85131,2643.51718285131,5502.46386602643,"Mauritius_Island"
-46,-96000,"AP0000054",2542531224.86313,2542.53122486313,5502.46386602643,"Mauritius_Island"
-35,-97000,"AP0000055",2416817234.41687,2416.81723441687,5502.46386602643,"Mauritius_Island"
-24,-98000,"AP0000006",2348452304.23152,2348.45230423152,5502.46386602643,"Mauritius_Island"
-16,-99000,"AP0000056",2301015400.64107,2301.01540064107,5502.46386602643,"Mauritius_Island"
-12,-1e+05,"AP0000045",2283127113.15201,2283.12711315201,5502.46386602643,"Mauritius_Island"
-10,-101000,"AP0000057",2272269530.21478,2272.26953021478,5502.46386602643,"Mauritius_Island"
-10,-102000,"AP0000057",2272269530.21478,2272.26953021478,5502.46386602643,"Mauritius_Island"
-9,-103000,"AP0000058",2267647659.72636,2267.64765972636,5502.46386602643,"Mauritius_Island"
-8,-104000,"AP0000059",2263828953.82213,2263.82895382213,5502.46386602643,"Mauritius_Island"
-10,-105000,"AP0000057",2272269530.21478,2272.26953021478,5502.46386602643,"Mauritius_Island"
-16,-106000,"AP0000056",2301015400.64107,2301.01540064107,5502.46386602643,"Mauritius_Island"
-26,-107000,"AP0000047",2358909622.5967,2358.9096225967,5502.46386602643,"Mauritius_Island"
-31,-108000,"AP0000060",2390075148.95352,2390.07514895352,5502.46386602643,"Mauritius_Island"
-33,-109000,"AP0000061",2403948242.61212,2403.94824261212,5502.46386602643,"Mauritius_Island"
-33,-110000,"AP0000061",2403948242.61212,2403.94824261212,5502.46386602643,"Mauritius_Island"
-32,-111000,"AP0000062",2397916200.85724,2397.91620085724,5502.46386602643,"Mauritius_Island"
-32,-112000,"AP0000062",2397916200.85724,2397.91620085724,5502.46386602643,"Mauritius_Island"
-27,-113000,"AP0000063",2364339653.51643,2364.33965351643,5502.46386602643,"Mauritius_Island"
-16,-114000,"AP0000056",2301015400.64107,2301.01540064107,5502.46386602643,"Mauritius_Island"
-6,-115000,"AP0000064",2250565211.25946,2250.56521125946,5502.46386602643,"Mauritius_Island"
0,-116000,"AP0000000",1922986944.53377,1922.98694453377,5502.46386602643,"Mauritius_Island"
3,-117000,"AP0000065",1900892098.95918,1900.89209895918,5502.46386602643,"Mauritius_Island"
5,-118000,"AP0000066",1888031615.14732,1888.03161514732,5502.46386602643,"Mauritius_Island"
7,-119000,"AP0000067",1869145387.39991,1869.14538739991,5502.46386602643,"Mauritius_Island"
9,-120000,"AP0000068",1836594931.02347,1836.59493102347,5502.46386602643,"Mauritius_Island"
10,-121000,"AP0000069",1818924346.17615,1818.92434617615,5502.46386602643,"Mauritius_Island"
10,-122000,"AP0000069",1818924346.17615,1818.92434617615,5502.46386602643,"Mauritius_Island"
10,-123000,"AP0000069",1818924346.17615,1818.92434617615,5502.46386602643,"Mauritius_Island"
9,-124000,"AP0000068",1836594931.02347,1836.59493102347,5502.46386602643,"Mauritius_Island"
9,-125000,"AP0000068",1836594931.02347,1836.59493102347,5502.46386602643,"Mauritius_Island"
10,-126000,"AP0000069",1818924346.17615,1818.92434617615,5502.46386602643,"Mauritius_Island"
12,-127000,"AP0000070",1789205815.68009,1789.20581568009,5502.46386602643,"Mauritius_Island"
10,-128000,"AP0000069",1818924346.17615,1818.92434617615,5502.46386602643,"Mauritius_Island"
-3,-129000,"AP0000003",2232268611.02195,2232.26861102195,5502.46386602643,"Mauritius_Island"
-27,-130000,"AP0000063",2364339653.51643,2364.33965351643,5502.46386602643,"Mauritius_Island"
-28,-131000,"AP0000071",2369766417.56465,2369.76641756465,5502.46386602643,"Mauritius_Island"
-26,-132000,"AP0000047",2358909622.5967,2358.9096225967,5502.46386602643,"Mauritius_Island"
-24,-133000,"AP0000006",2348452304.23152,2348.45230423152,5502.46386602643,"Mauritius_Island"
-22,-134000,"AP0000072",2336591881.69321,2336.59188169321,5502.46386602643,"Mauritius_Island"
-20,-135000,"AP0000040",2324732476.58225,2324.73247658225,5502.46386602643,"Mauritius_Island"
-18,-136000,"AP0000073",2313876997.51895,2313.87699751895,5502.46386602643,"Mauritius_Island"
-19,-137000,"AP0000046",2318701384.6927,2318.7013846927,5502.46386602643,"Mauritius_Island"
-22,-138000,"AP0000072",2336591881.69321,2336.59188169321,5502.46386602643,"Mauritius_Island"
-28,-139000,"AP0000071",2369766417.56465,2369.76641756465,5502.46386602643,"Mauritius_Island"
-44,-140000,"AP0000074",2509336164.46888,2509.33616446888,5502.46386602643,"Mauritius_Island"
0,0,"AP0000000",19366096705.7314,19366.0967057314,356771.289278934,"New_Caledonia"
-1,-1000,"AP0000001",20005452592.5148,20005.4525925148,356771.289278934,"New_Caledonia"
-2,-2000,"AP0000002",20359833099.6156,20359.8330996156,356771.289278934,"New_Caledonia"
-3,-3000,"AP0000003",20704326821.8926,20704.3268218926,356771.289278934,"New_Caledonia"
-3,-4000,"AP0000003",20704326821.8926,20704.3268218926,356771.289278934,"New_Caledonia"
-3,-5000,"AP0000003",20704326821.8926,20704.3268218926,356771.289278934,"New_Caledonia"
-4,-6000,"AP0000004",21012784169.9571,21012.7841699571,356771.289278934,"New_Caledonia"
-4,-7000,"AP0000004",21012784169.9571,21012.7841699571,356771.289278934,"New_Caledonia"
-11,-8000,"AP0000005",23398269441.64,23398.26944164,356771.289278934,"New_Caledonia"
-24,-9000,"AP0000006",28405749062.8061,28405.7490628061,356771.289278934,"New_Caledonia"
-38,-10000,"AP0000007",33843425502.6688,33843.4255026688,356771.289278934,"New_Caledonia"
-52,-11000,"AP0000008",39480780831.2097,39480.7808312097,356771.289278934,"New_Caledonia"
-65,-12000,"AP0000009",40707605096.1484,40707.6050961484,356771.289278934,"New_Caledonia"
-76,-13000,"AP0000010",41598232956.0843,41598.2329560843,356771.289278934,"New_Caledonia"
-85,-14000,"AP0000011",42044583931.4397,42044.5839314397,356771.289278934,"New_Caledonia"
-93,-15000,"AP0000012",42327570808.8379,42327.5708088379,356771.289278934,"New_Caledonia"
-102,-16000,"AP0000013",42610195448.4784,42610.1954484784,356771.289278934,"New_Caledonia"
-109,-17000,"AP0000014",42785320710.8721,42785.3207108721,356771.289278934,"New_Caledonia"
-116,-18000,"AP0000015",42943559533.9203,42943.5595339203,356771.289278934,"New_Caledonia"
-121,-19000,"AP0000016",43058955467.7772,43058.9554677772,356771.289278934,"New_Caledonia"
-123,-20000,"AP0000017",43109179207.4395,43109.1792074395,356771.289278934,"New_Caledonia"
-122,-21000,"AP0000018",43082268319.5452,43082.2683195452,356771.289278934,"New_Caledonia"
-118,-22000,"AP0000019",42992711697.5085,42992.7116975085,356771.289278934,"New_Caledonia"
-112,-23000,"AP0000020",42851256370.7556,42851.2563707556,356771.289278934,"New_Caledonia"
-105,-24000,"AP0000021",42685048446.268,42685.048446268,356771.289278934,"New_Caledonia"
-98,-25000,"AP0000022",42489057744.2462,42489.0577442462,356771.289278934,"New_Caledonia"
-93,-26000,"AP0000012",42327570808.8379,42327.5708088379,356771.289278934,"New_Caledonia"
-90,-27000,"AP0000023",42221849103.8615,42221.8491038615,356771.289278934,"New_Caledonia"
-87,-28000,"AP0000024",42116269022.7552,42116.2690227552,356771.289278934,"New_Caledonia"
-84,-29000,"AP0000025",42008880981.3549,42008.8809813549,356771.289278934,"New_Caledonia"
-81,-30000,"AP0000026",41884962947.7873,41884.9629477873,356771.289278934,"New_Caledonia"
-79,-31000,"AP0000027",41752360261.4036,41752.3602614036,356771.289278934,"New_Caledonia"
-76,-32000,"AP0000010",41598232956.0843,41598.2329560843,356771.289278934,"New_Caledonia"
-75,-33000,"AP0000028",41466822213.1547,41466.8222131547,356771.289278934,"New_Caledonia"
-73,-34000,"AP0000029",41329179780.0052,41329.1797800052,356771.289278934,"New_Caledonia"
-72,-35000,"AP0000030",41262567732.3109,41262.5677323109,356771.289278934,"New_Caledonia"
-72,-36000,"AP0000030",41262567732.3109,41262.5677323109,356771.289278934,"New_Caledonia"
-72,-37000,"AP0000030",41262567732.3109,41262.5677323109,356771.289278934,"New_Caledonia"
-72,-38000,"AP0000030",41262567732.3109,41262.5677323109,356771.289278934,"New_Caledonia"
-74,-39000,"AP0000031",41390592140.9338,41390.5921409338,356771.289278934,"New_Caledonia"
-76,-40000,"AP0000010",41598232956.0843,41598.2329560843,356771.289278934,"New_Caledonia"
-78,-41000,"AP0000032",41702310684.1524,41702.3106841524,356771.289278934,"New_Caledonia"
-80,-42000,"AP0000033",41824413643.4275,41824.4136434275,356771.289278934,"New_Caledonia"
-82,-43000,"AP0000034",41927270753.1224,41927.2707531224,356771.289278934,"New_Caledonia"
-84,-44000,"AP0000025",42008880981.3549,42008.8809813549,356771.289278934,"New_Caledonia"
-85,-45000,"AP0000011",42044583931.4397,42044.5839314397,356771.289278934,"New_Caledonia"
-86,-46000,"AP0000035",42080326235.521,42080.326235521,356771.289278934,"New_Caledonia"
-86,-47000,"AP0000035",42080326235.521,42080.326235521,356771.289278934,"New_Caledonia"
-86,-48000,"AP0000035",42080326235.521,42080.326235521,356771.289278934,"New_Caledonia"
-86,-49000,"AP0000035",42080326235.521,42080.326235521,356771.289278934,"New_Caledonia"
-86,-50000,"AP0000035",42080326235.521,42080.326235521,356771.289278934,"New_Caledonia"
-86,-51000,"AP0000035",42080326235.521,42080.326235521,356771.289278934,"New_Caledonia"
-85,-52000,"AP0000011",42044583931.4397,42044.5839314397,356771.289278934,"New_Caledonia"
-85,-53000,"AP0000011",42044583931.4397,42044.5839314397,356771.289278934,"New_Caledonia"
-85,-54000,"AP0000011",42044583931.4397,42044.5839314397,356771.289278934,"New_Caledonia"
-84,-55000,"AP0000025",42008880981.3549,42008.8809813549,356771.289278934,"New_Caledonia"
-83,-56000,"AP0000036",41970729457.1896,41970.7294571896,356771.289278934,"New_Caledonia"
-82,-57000,"AP0000034",41927270753.1224,41927.2707531224,356771.289278934,"New_Caledonia"
-80,-58000,"AP0000033",41824413643.4275,41824.4136434275,356771.289278934,"New_Caledonia"
-79,-59000,"AP0000027",41752360261.4036,41752.3602614036,356771.289278934,"New_Caledonia"
-78,-60000,"AP0000032",41702310684.1524,41702.3106841524,356771.289278934,"New_Caledonia"
-77,-61000,"AP0000037",41646694857.1551,41646.6948571551,356771.289278934,"New_Caledonia"
-77,-62000,"AP0000037",41646694857.1551,41646.6948571551,356771.289278934,"New_Caledonia"
-77,-63000,"AP0000037",41646694857.1551,41646.6948571551,356771.289278934,"New_Caledonia"
-78,-64000,"AP0000032",41702310684.1524,41702.3106841524,356771.289278934,"New_Caledonia"
-79,-65000,"AP0000027",41752360261.4036,41752.3602614036,356771.289278934,"New_Caledonia"
-81,-66000,"AP0000026",41884962947.7873,41884.9629477873,356771.289278934,"New_Caledonia"
-82,-67000,"AP0000034",41927270753.1224,41927.2707531224,356771.289278934,"New_Caledonia"
-82,-68000,"AP0000034",41927270753.1224,41927.2707531224,356771.289278934,"New_Caledonia"
-81,-69000,"AP0000026",41884962947.7873,41884.9629477873,356771.289278934,"New_Caledonia"
-80,-70000,"AP0000033",41824413643.4275,41824.4136434275,356771.289278934,"New_Caledonia"
-81,-71000,"AP0000026",41884962947.7873,41884.9629477873,356771.289278934,"New_Caledonia"
-83,-72000,"AP0000036",41970729457.1896,41970.7294571896,356771.289278934,"New_Caledonia"
-72,-73000,"AP0000030",41262567732.3109,41262.5677323109,356771.289278934,"New_Caledonia"
-48,-74000,"AP0000038",37213557609.0294,37213.5576090294,356771.289278934,"New_Caledonia"
-29,-75000,"AP0000039",30349944142.6217,30349.9441426217,356771.289278934,"New_Caledonia"
-20,-76000,"AP0000040",26840276584.7789,26840.2765847789,356771.289278934,"New_Caledonia"
-17,-77000,"AP0000041",25736581406.757,25736.581406757,356771.289278934,"New_Caledonia"
-15,-78000,"AP0000042",24937386590.7275,24937.3865907275,356771.289278934,"New_Caledonia"
-14,-79000,"AP0000043",24573629822.0635,24573.6298220635,356771.289278934,"New_Caledonia"
-13,-80000,"AP0000044",24197078371.8286,24197.0783718286,356771.289278934,"New_Caledonia"
-12,-81000,"AP0000045",23787384731.9394,23787.3847319394,356771.289278934,"New_Caledonia"
-12,-82000,"AP0000045",23787384731.9394,23787.3847319394,356771.289278934,"New_Caledonia"
-13,-83000,"AP0000044",24197078371.8286,24197.0783718286,356771.289278934,"New_Caledonia"
-15,-84000,"AP0000042",24937386590.7275,24937.3865907275,356771.289278934,"New_Caledonia"
-19,-85000,"AP0000046",26474468387.6961,26474.4683876961,356771.289278934,"New_Caledonia"
-26,-86000,"AP0000047",29252520686.3319,29252.5206863319,356771.289278934,"New_Caledonia"
-34,-87000,"AP0000048",32337889304.7259,32337.8893047259,356771.289278934,"New_Caledonia"
-43,-88000,"AP0000049",35584946074.1641,35584.9460741641,356771.289278934,"New_Caledonia"
-49,-89000,"AP0000050",37504717974.9625,37504.7179749625,356771.289278934,"New_Caledonia"
-52,-90000,"AP0000008",39480780831.2097,39480.7808312097,356771.289278934,"New_Caledonia"
-54,-91000,"AP0000051",39718962174.7639,39718.9621747639,356771.289278934,"New_Caledonia"
-55,-92000,"AP0000052",39802305769.6697,39802.3057696697,356771.289278934,"New_Caledonia"
-55,-93000,"AP0000052",39802305769.6697,39802.3057696697,356771.289278934,"New_Caledonia"
-56,-94000,"AP0000053",39898030112.8167,39898.0301128167,356771.289278934,"New_Caledonia"
-54,-95000,"AP0000051",39718962174.7639,39718.9621747639,356771.289278934,"New_Caledonia"
-46,-96000,"AP0000054",36593375450.8247,36593.3754508247,356771.289278934,"New_Caledonia"
-35,-97000,"AP0000055",32693903056.9528,32693.9030569528,356771.289278934,"New_Caledonia"
-24,-98000,"AP0000006",28405749062.8061,28405.7490628061,356771.289278934,"New_Caledonia"
-16,-99000,"AP0000056",25311395717.9257,25311.3957179257,356771.289278934,"New_Caledonia"
-12,-1e+05,"AP0000045",23787384731.9394,23787.3847319394,356771.289278934,"New_Caledonia"
-10,-101000,"AP0000057",23005600669.3886,23005.6006693886,356771.289278934,"New_Caledonia"
-10,-102000,"AP0000057",23005600669.3886,23005.6006693886,356771.289278934,"New_Caledonia"
-9,-103000,"AP0000058",22632276529.24,22632.27652924,356771.289278934,"New_Caledonia"
-8,-104000,"AP0000059",22289087478.3008,22289.0874783008,356771.289278934,"New_Caledonia"
-10,-105000,"AP0000057",23005600669.3886,23005.6006693886,356771.289278934,"New_Caledonia"
-16,-106000,"AP0000056",25311395717.9257,25311.3957179257,356771.289278934,"New_Caledonia"
-26,-107000,"AP0000047",29252520686.3319,29252.5206863319,356771.289278934,"New_Caledonia"
-31,-108000,"AP0000060",31308219460.075,31308.219460075,356771.289278934,"New_Caledonia"
-33,-109000,"AP0000061",31995531730.6505,31995.5317306505,356771.289278934,"New_Caledonia"
-33,-110000,"AP0000061",31995531730.6505,31995.5317306505,356771.289278934,"New_Caledonia"
-32,-111000,"AP0000062",31689103389.6059,31689.1033896059,356771.289278934,"New_Caledonia"
-32,-112000,"AP0000062",31689103389.6059,31689.1033896059,356771.289278934,"New_Caledonia"
-27,-113000,"AP0000063",29640782380.2912,29640.7823802912,356771.289278934,"New_Caledonia"
-16,-114000,"AP0000056",25311395717.9257,25311.3957179257,356771.289278934,"New_Caledonia"
-6,-115000,"AP0000064",21630977767.831,21630.977767831,356771.289278934,"New_Caledonia"
0,-116000,"AP0000000",19366096705.7314,19366.0967057314,356771.289278934,"New_Caledonia"
3,-117000,"AP0000065",19050750046.0556,19050.7500460556,356771.289278934,"New_Caledonia"
5,-118000,"AP0000066",18694748022.3795,18694.7480223795,356771.289278934,"New_Caledonia"
7,-119000,"AP0000067",18426458890.6943,18426.4588906943,356771.289278934,"New_Caledonia"
9,-120000,"AP0000068",18185178636.1602,18185.1786361602,356771.289278934,"New_Caledonia"
10,-121000,"AP0000069",18062424634.7188,18062.4246347188,356771.289278934,"New_Caledonia"
10,-122000,"AP0000069",18062424634.7188,18062.4246347188,356771.289278934,"New_Caledonia"
10,-123000,"AP0000069",18062424634.7188,18062.4246347188,356771.289278934,"New_Caledonia"
9,-124000,"AP0000068",18185178636.1602,18185.1786361602,356771.289278934,"New_Caledonia"
9,-125000,"AP0000068",18185178636.1602,18185.1786361602,356771.289278934,"New_Caledonia"
10,-126000,"AP0000069",18062424634.7188,18062.4246347188,356771.289278934,"New_Caledonia"
12,-127000,"AP0000070",17845487185.6649,17845.4871856649,356771.289278934,"New_Caledonia"
10,-128000,"AP0000069",18062424634.7188,18062.4246347188,356771.289278934,"New_Caledonia"
-3,-129000,"AP0000003",20704326821.8926,20704.3268218926,356771.289278934,"New_Caledonia"
-27,-130000,"AP0000063",29640782380.2912,29640.7823802912,356771.289278934,"New_Caledonia"
-28,-131000,"AP0000071",29986096216.9142,29986.0962169141,356771.289278934,"New_Caledonia"
-26,-132000,"AP0000047",29252520686.3319,29252.5206863319,356771.289278934,"New_Caledonia"
-24,-133000,"AP0000006",28405749062.8061,28405.7490628061,356771.289278934,"New_Caledonia"
-22,-134000,"AP0000072",27674087570.3395,27674.0875703395,356771.289278934,"New_Caledonia"
-20,-135000,"AP0000040",26840276584.7789,26840.2765847789,356771.289278934,"New_Caledonia"
-18,-136000,"AP0000073",26095659105.7708,26095.6591057708,356771.289278934,"New_Caledonia"
-19,-137000,"AP0000046",26474468387.6961,26474.4683876961,356771.289278934,"New_Caledonia"
-22,-138000,"AP0000072",27674087570.3395,27674.0875703395,356771.289278934,"New_Caledonia"
-28,-139000,"AP0000071",29986096216.9142,29986.0962169141,356771.289278934,"New_Caledonia"
-44,-140000,"AP0000074",35891592499.6556,35891.5924996556,356771.289278934,"New_Caledonia"
0,0,"AP0000000",248197644.840601,248.197644840601,434.900413211655,"Niue"
-1,-1000,"AP0000001",249410797.751184,249.410797751184,434.900413211655,"Niue"
-2,-2000,"AP0000002",249613009.913968,249.613009913968,434.900413211655,"Niue"
-3,-3000,"AP0000003",249613009.913968,249.613009913968,434.900413211655,"Niue"
-3,-4000,"AP0000003",249613009.913968,249.613009913968,434.900413211655,"Niue"
-3,-5000,"AP0000003",249613009.913968,249.613009913968,434.900413211655,"Niue"
-4,-6000,"AP0000004",249815341.131606,249.815341131606,434.900413211655,"Niue"
-4,-7000,"AP0000004",249815341.131606,249.815341131606,434.900413211655,"Niue"
-11,-8000,"AP0000005",252849026.408659,252.849026408659,434.900413211655,"Niue"
-24,-9000,"AP0000006",256287753.325168,256.287753325168,434.900413211655,"Niue"
-38,-10000,"AP0000007",260940058.846368,260.940058846368,434.900413211655,"Niue"
-52,-11000,"AP0000008",264580515.343831,264.580515343831,434.900413211655,"Niue"
-65,-12000,"AP0000009",267210068.408164,267.210068408164,434.900413211655,"Niue"
-76,-13000,"AP0000010",268423586.145225,268.423586145225,434.900413211655,"Niue"
-85,-14000,"AP0000011",269030419.821219,269.030419821219,434.900413211655,"Niue"
-93,-15000,"AP0000012",270041855.42859,270.04185542859,434.900413211655,"Niue"
-102,-16000,"AP0000013",271255789.97105,271.25578997105,434.900413211655,"Niue"
-109,-17000,"AP0000014",272267237.942838,272.267237942838,434.900413211655,"Niue"
-116,-18000,"AP0000015",273278360.612196,273.278360612196,434.900413211655,"Niue"
-121,-19000,"AP0000016",273278360.612196,273.278360612196,434.900413211655,"Niue"
-123,-20000,"AP0000017",273480639.621953,273.480639621953,434.900413211655,"Niue"
-122,-21000,"AP0000018",273278360.612196,273.278360612196,434.900413211655,"Niue"
-118,-22000,"AP0000019",273278360.612196,273.278360612196,434.900413211655,"Niue"
-112,-23000,"AP0000020",272873926.345014,272.873926345014,434.900413211655,"Niue"
-105,-24000,"AP0000021",271457982.232754,271.457982232754,434.900413211655,"Niue"
-98,-25000,"AP0000022",271053436.691805,271.053436691805,434.900413211655,"Niue"
-93,-26000,"AP0000012",270041855.42859,270.04185542859,434.900413211655,"Niue"
-90,-27000,"AP0000023",269434873.950524,269.434873950524,434.900413211655,"Niue"
-87,-28000,"AP0000024",269434873.950524,269.434873950524,434.900413211655,"Niue"
-84,-29000,"AP0000025",268828045.226198,268.828045226198,434.900413211655,"Niue"
-81,-30000,"AP0000026",268828045.226198,268.828045226198,434.900413211655,"Niue"
-79,-31000,"AP0000027",268423586.145225,268.423586145225,434.900413211655,"Niue"
-76,-32000,"AP0000010",268423586.145225,268.423586145225,434.900413211655,"Niue"
-75,-33000,"AP0000028",268221324.302164,268.221324302164,434.900413211655,"Niue"
-73,-34000,"AP0000029",267816911.149504,267.816911149504,434.900413211655,"Niue"
-72,-35000,"AP0000030",267816911.149504,267.816911149504,434.900413211655,"Niue"
-72,-36000,"AP0000030",267816911.149504,267.816911149504,434.900413211655,"Niue"
-72,-37000,"AP0000030",267816911.149504,267.816911149504,434.900413211655,"Niue"
-72,-38000,"AP0000030",267816911.149504,267.816911149504,434.900413211655,"Niue"
-74,-39000,"AP0000031",268221324.302164,268.221324302164,434.900413211655,"Niue"
-76,-40000,"AP0000010",268423586.145225,268.423586145225,434.900413211655,"Niue"
-78,-41000,"AP0000032",268423586.145225,268.423586145225,434.900413211655,"Niue"
-80,-42000,"AP0000033",268625847.987919,268.625847987919,434.900413211655,"Niue"
-82,-43000,"AP0000034",268828045.226198,268.828045226198,434.900413211655,"Niue"
-84,-44000,"AP0000025",268828045.226198,268.828045226198,434.900413211655,"Niue"
-85,-45000,"AP0000011",269030419.821219,269.030419821219,434.900413211655,"Niue"
-86,-46000,"AP0000035",269434873.950524,269.434873950524,434.900413211655,"Niue"
-86,-47000,"AP0000035",269434873.950524,269.434873950524,434.900413211655,"Niue"
-86,-48000,"AP0000035",269434873.950524,269.434873950524,434.900413211655,"Niue"
-86,-49000,"AP0000035",269434873.950524,269.434873950524,434.900413211655,"Niue"
-86,-50000,"AP0000035",269434873.950524,269.434873950524,434.900413211655,"Niue"
-86,-51000,"AP0000035",269434873.950524,269.434873950524,434.900413211655,"Niue"
-85,-52000,"AP0000011",269030419.821219,269.030419821219,434.900413211655,"Niue"
-85,-53000,"AP0000011",269030419.821219,269.030419821219,434.900413211655,"Niue"
-85,-54000,"AP0000011",269030419.821219,269.030419821219,434.900413211655,"Niue"
-84,-55000,"AP0000025",268828045.226198,268.828045226198,434.900413211655,"Niue"
-83,-56000,"AP0000036",268828045.226198,268.828045226198,434.900413211655,"Niue"
-82,-57000,"AP0000034",268828045.226198,268.828045226198,434.900413211655,"Niue"
-80,-58000,"AP0000033",268625847.987919,268.625847987919,434.900413211655,"Niue"
-79,-59000,"AP0000027",268423586.145225,268.423586145225,434.900413211655,"Niue"
-78,-60000,"AP0000032",268423586.145225,268.423586145225,434.900413211655,"Niue"
-77,-61000,"AP0000037",268423586.145225,268.423586145225,434.900413211655,"Niue"
-77,-62000,"AP0000037",268423586.145225,268.423586145225,434.900413211655,"Niue"
-77,-63000,"AP0000037",268423586.145225,268.423586145225,434.900413211655,"Niue"
-78,-64000,"AP0000032",268423586.145225,268.423586145225,434.900413211655,"Niue"
-79,-65000,"AP0000027",268423586.145225,268.423586145225,434.900413211655,"Niue"
-81,-66000,"AP0000026",268828045.226198,268.828045226198,434.900413211655,"Niue"
-82,-67000,"AP0000034",268828045.226198,268.828045226198,434.900413211655,"Niue"
-82,-68000,"AP0000034",268828045.226198,268.828045226198,434.900413211655,"Niue"
-81,-69000,"AP0000026",268828045.226198,268.828045226198,434.900413211655,"Niue"
-80,-70000,"AP0000033",268625847.987919,268.625847987919,434.900413211655,"Niue"
-81,-71000,"AP0000026",268828045.226198,268.828045226198,434.900413211655,"Niue"
-83,-72000,"AP0000036",268828045.226198,268.828045226198,434.900413211655,"Niue"
-72,-73000,"AP0000030",267816911.149504,267.816911149504,434.900413211655,"Niue"
-48,-74000,"AP0000038",263366881.862172,263.366881862172,434.900413211655,"Niue"
-29,-75000,"AP0000039",257703898.314484,257.703898314484,434.900413211655,"Niue"
-20,-76000,"AP0000040",255478638.1876,255.4786381876,434.900413211655,"Niue"
-17,-77000,"AP0000041",254872009.046286,254.872009046286,434.900413211655,"Niue"
-15,-78000,"AP0000042",254265023.198748,254.265023198748,434.900413211655,"Niue"
-14,-79000,"AP0000043",254062809.219444,254.062809219444,434.900413211655,"Niue"
-13,-80000,"AP0000044",253658405.205432,253.658405205432,434.900413211655,"Niue"
-12,-81000,"AP0000045",253051332.873232,253.051332873232,434.900413211655,"Niue"
-12,-82000,"AP0000045",253051332.873232,253.051332873232,434.900413211655,"Niue"
-13,-83000,"AP0000044",253658405.205432,253.658405205432,434.900413211655,"Niue"
-15,-84000,"AP0000042",254265023.198748,254.265023198748,434.900413211655,"Niue"
-19,-85000,"AP0000046",255276475.809651,255.276475809651,434.900413211655,"Niue"
-26,-86000,"AP0000047",256489955.142783,256.489955142783,434.900413211655,"Niue"
-34,-87000,"AP0000048",259524112.342733,259.524112342733,434.900413211655,"Niue"
-43,-88000,"AP0000049",262153464.905437,262.153464905437,434.900413211655,"Niue"
-49,-89000,"AP0000050",263771509.627355,263.771509627355,434.900413211655,"Niue"
-52,-90000,"AP0000008",264580515.343831,264.580515343831,434.900413211655,"Niue"
-54,-91000,"AP0000051",264580515.343831,264.580515343831,434.900413211655,"Niue"
-55,-92000,"AP0000052",264782689.579697,264.782689579697,434.900413211655,"Niue"
-55,-93000,"AP0000052",264782689.579697,264.782689579697,434.900413211655,"Niue"
-56,-94000,"AP0000053",265187112.249877,265.187112249877,434.900413211655,"Niue"
-54,-95000,"AP0000051",264580515.343831,264.580515343831,434.900413211655,"Niue"
-46,-96000,"AP0000054",262760337.741931,262.760337741931,434.900413211655,"Niue"
-35,-97000,"AP0000055",259524112.342733,259.524112342733,434.900413211655,"Niue"
-24,-98000,"AP0000006",256287753.325168,256.287753325168,434.900413211655,"Niue"
-16,-99000,"AP0000056",254467359.36384,254.46735936384,434.900413211655,"Niue"
-12,-1e+05,"AP0000045",253051332.873232,253.051332873232,434.900413211655,"Niue"
-10,-101000,"AP0000057",252849026.408659,252.849026408659,434.900413211655,"Niue"
-10,-102000,"AP0000057",252849026.408659,252.849026408659,434.900413211655,"Niue"
-9,-103000,"AP0000058",251837921.944233,251.837921944233,434.900413211655,"Niue"
-8,-104000,"AP0000059",251635739.639935,251.635739639935,434.900413211655,"Niue"
-10,-105000,"AP0000057",252849026.408659,252.849026408659,434.900413211655,"Niue"
-16,-106000,"AP0000056",254467359.36384,254.46735936384,434.900413211655,"Niue"
-26,-107000,"AP0000047",256489955.142783,256.489955142783,434.900413211655,"Niue"
-31,-108000,"AP0000060",258512888.813616,258.512888813616,434.900413211655,"Niue"
-33,-109000,"AP0000061",259321966.005771,259.321966005771,434.900413211655,"Niue"
-33,-110000,"AP0000061",259321966.005771,259.321966005771,434.900413211655,"Niue"
-32,-111000,"AP0000062",258917493.969727,258.917493969727,434.900413211655,"Niue"
-32,-112000,"AP0000062",258917493.969727,258.917493969727,434.900413211655,"Niue"
-27,-113000,"AP0000063",256894386.577347,256.894386577347,434.900413211655,"Niue"
-16,-114000,"AP0000056",254467359.36384,254.46735936384,434.900413211655,"Niue"
-6,-115000,"AP0000064",251028949.791793,251.028949791793,434.900413211655,"Niue"
0,-116000,"AP0000000",248197644.840601,248.197644840601,434.900413211655,"Niue"
3,-117000,"AP0000065",248197644.840601,248.197644840601,434.900413211655,"Niue"
5,-118000,"AP0000066",248197644.840601,248.197644840601,434.900413211655,"Niue"
7,-119000,"AP0000067",248197644.840601,248.197644840601,434.900413211655,"Niue"
9,-120000,"AP0000068",248197644.840601,248.197644840601,434.900413211655,"Niue"
10,-121000,"AP0000069",248197644.840601,248.197644840601,434.900413211655,"Niue"
10,-122000,"AP0000069",248197644.840601,248.197644840601,434.900413211655,"Niue"
10,-123000,"AP0000069",248197644.840601,248.197644840601,434.900413211655,"Niue"
9,-124000,"AP0000068",248197644.840601,248.197644840601,434.900413211655,"Niue"
9,-125000,"AP0000068",248197644.840601,248.197644840601,434.900413211655,"Niue"
10,-126000,"AP0000069",248197644.840601,248.197644840601,434.900413211655,"Niue"
12,-127000,"AP0000070",248197644.840601,248.197644840601,434.900413211655,"Niue"
10,-128000,"AP0000069",248197644.840601,248.197644840601,434.900413211655,"Niue"
-3,-129000,"AP0000003",249613009.913968,249.613009913968,434.900413211655,"Niue"
-27,-130000,"AP0000063",256894386.577347,256.894386577347,434.900413211655,"Niue"
-28,-131000,"AP0000071",257501581.945527,257.501581945527,434.900413211655,"Niue"
-26,-132000,"AP0000047",256489955.142783,256.489955142783,434.900413211655,"Niue"
-24,-133000,"AP0000006",256287753.325168,256.287753325168,434.900413211655,"Niue"
-22,-134000,"AP0000072",255680830.448938,255.680830448938,434.900413211655,"Niue"
-20,-135000,"AP0000040",255478638.1876,255.4786381876,434.900413211655,"Niue"
-18,-136000,"AP0000073",255074223.894148,255.074223894148,434.900413211655,"Niue"
-19,-137000,"AP0000046",255276475.809651,255.276475809651,434.900413211655,"Niue"
-22,-138000,"AP0000072",255680830.448938,255.680830448938,434.900413211655,"Niue"
-28,-139000,"AP0000071",257501581.945527,257.501581945527,434.900413211655,"Niue"
-44,-140000,"AP0000074",262355736.671476,262.355736671476,434.900413211655,"Niue"
0,0,"AP0000000",40672509.2293262,40.6725092293262,1037.83328979892,"Norfolk"
-1,-1000,"AP0000001",40859905.5741701,40.8599055741701,1037.83328979892,"Norfolk"
-2,-2000,"AP0000002",40859905.5741701,40.8599055741701,1037.83328979892,"Norfolk"
-3,-3000,"AP0000003",41422172.2068942,41.4221722068942,1037.83328979892,"Norfolk"
-3,-4000,"AP0000003",41422172.2068942,41.4221722068942,1037.83328979892,"Norfolk"
-3,-5000,"AP0000003",41422172.2068942,41.4221722068942,1037.83328979892,"Norfolk"
-4,-6000,"AP0000004",41796894.0960996,41.7968940960996,1037.83328979892,"Norfolk"
-4,-7000,"AP0000004",41796894.0960996,41.7968940960996,1037.83328979892,"Norfolk"
-11,-8000,"AP0000005",47606294.0328968,47.6062940328968,1037.83328979892,"Norfolk"
-24,-9000,"AP0000006",71223513.8332295,71.2235138332295,1037.83328979892,"Norfolk"
-38,-10000,"AP0000007",179566448.912945,179.566448912945,1037.83328979892,"Norfolk"
-52,-11000,"AP0000008",346886277.132201,346.886277132201,1037.83328979892,"Norfolk"
-65,-12000,"AP0000009",493929473.317835,493.929473317835,1037.83328979892,"Norfolk"
-76,-13000,"AP0000010",537058974.439561,537.058974439561,1037.83328979892,"Norfolk"
-85,-14000,"AP0000011",566496242.773106,566.496242773106,1037.83328979892,"Norfolk"
-93,-15000,"AP0000012",589371396.867666,589.371396867666,1037.83328979892,"Norfolk"
-102,-16000,"AP0000013",608872434.82537,608.87243482537,1037.83328979892,"Norfolk"
-109,-17000,"AP0000014",622182160.551944,622.182160551945,1037.83328979892,"Norfolk"
-116,-18000,"AP0000015",638491559.838589,638.491559838589,1037.83328979892,"Norfolk"
-121,-19000,"AP0000016",645238595.740556,645.238595740556,1037.83328979892,"Norfolk"
-123,-20000,"AP0000017",648987350.284338,648.987350284338,1037.83328979892,"Norfolk"
-122,-21000,"AP0000018",647488283.542898,647.488283542898,1037.83328979892,"Norfolk"
-118,-22000,"AP0000019",641864465.966428,641.864465966428,1037.83328979892,"Norfolk"
-112,-23000,"AP0000020",627622851.670149,627.622851670149,1037.83328979892,"Norfolk"
-105,-24000,"AP0000021",614122502.79808,614.12250279808,1037.83328979892,"Norfolk"
-98,-25000,"AP0000022",600620938.80275,600.62093880275,1037.83328979892,"Norfolk"
-93,-26000,"AP0000012",589371396.867666,589.371396867666,1037.83328979892,"Norfolk"
-90,-27000,"AP0000023",580186129.506125,580.186129506125,1037.83328979892,"Norfolk"
-87,-28000,"AP0000024",572119750.556408,572.119750556408,1037.83328979892,"Norfolk"
-84,-29000,"AP0000025",564058333.882966,564.058333882966,1037.83328979892,"Norfolk"
-81,-30000,"AP0000026",554678069.695525,554.678069695525,1037.83328979892,"Norfolk"
-79,-31000,"AP0000027",547369430.110241,547.369430110241,1037.83328979892,"Norfolk"
-76,-32000,"AP0000010",537058974.439561,537.058974439561,1037.83328979892,"Norfolk"
-75,-33000,"AP0000028",533309182.968691,533.309182968691,1037.83328979892,"Norfolk"
-73,-34000,"AP0000029",525043258.596433,525.043258596433,1037.83328979892,"Norfolk"
-72,-35000,"AP0000030",523169733.654634,523.169733654634,1037.83328979892,"Norfolk"
-72,-36000,"AP0000030",523169733.654634,523.169733654634,1037.83328979892,"Norfolk"
-72,-37000,"AP0000030",523169733.654634,523.169733654634,1037.83328979892,"Norfolk"
-72,-38000,"AP0000030",523169733.654634,523.169733654634,1037.83328979892,"Norfolk"
-74,-39000,"AP0000031",528808944.971724,528.808944971724,1037.83328979892,"Norfolk"
-76,-40000,"AP0000010",537058974.439561,537.058974439561,1037.83328979892,"Norfolk"
-78,-41000,"AP0000032",544557340.301509,544.557340301509,1037.83328979892,"Norfolk"
-80,-42000,"AP0000033",550180954.848027,550.180954848027,1037.83328979892,"Norfolk"
-82,-43000,"AP0000034",557681624.302358,557.681624302358,1037.83328979892,"Norfolk"
-84,-44000,"AP0000025",564058333.882966,564.058333882966,1037.83328979892,"Norfolk"
-85,-45000,"AP0000011",566496242.773106,566.496242773106,1037.83328979892,"Norfolk"
-86,-46000,"AP0000035",569307995.587782,569.307995587782,1037.83328979892,"Norfolk"
-86,-47000,"AP0000035",569307995.587782,569.307995587782,1037.83328979892,"Norfolk"
-86,-48000,"AP0000035",569307995.587782,569.307995587782,1037.83328979892,"Norfolk"
-86,-49000,"AP0000035",569307995.587782,569.307995587782,1037.83328979892,"Norfolk"
-86,-50000,"AP0000035",569307995.587782,569.307995587782,1037.83328979892,"Norfolk"
-86,-51000,"AP0000035",569307995.587782,569.307995587782,1037.83328979892,"Norfolk"
-85,-52000,"AP0000011",566496242.773106,566.496242773106,1037.83328979892,"Norfolk"
-85,-53000,"AP0000011",566496242.773106,566.496242773106,1037.83328979892,"Norfolk"
-85,-54000,"AP0000011",566496242.773106,566.496242773106,1037.83328979892,"Norfolk"
-84,-55000,"AP0000025",564058333.882966,564.058333882966,1037.83328979892,"Norfolk"
-83,-56000,"AP0000036",560868867.586079,560.868867586079,1037.83328979892,"Norfolk"
-82,-57000,"AP0000034",557681624.302358,557.681624302358,1037.83328979892,"Norfolk"
-80,-58000,"AP0000033",550180954.848027,550.180954848027,1037.83328979892,"Norfolk"
-79,-59000,"AP0000027",547369430.110241,547.369430110241,1037.83328979892,"Norfolk"
-78,-60000,"AP0000032",544557340.301509,544.557340301509,1037.83328979892,"Norfolk"
-77,-61000,"AP0000037",540808754.554992,540.808754554992,1037.83328979892,"Norfolk"
-77,-62000,"AP0000037",540808754.554992,540.808754554992,1037.83328979892,"Norfolk"
-77,-63000,"AP0000037",540808754.554992,540.808754554992,1037.83328979892,"Norfolk"
-78,-64000,"AP0000032",544557340.301509,544.557340301509,1037.83328979892,"Norfolk"
-79,-65000,"AP0000027",547369430.110241,547.369430110241,1037.83328979892,"Norfolk"
-81,-66000,"AP0000026",554678069.695525,554.678069695525,1037.83328979892,"Norfolk"
-82,-67000,"AP0000034",557681624.302358,557.681624302358,1037.83328979892,"Norfolk"
-82,-68000,"AP0000034",557681624.302358,557.681624302358,1037.83328979892,"Norfolk"
-81,-69000,"AP0000026",554678069.695525,554.678069695525,1037.83328979892,"Norfolk"
-80,-70000,"AP0000033",550180954.848027,550.180954848027,1037.83328979892,"Norfolk"
-81,-71000,"AP0000026",554678069.695525,554.678069695525,1037.83328979892,"Norfolk"
-83,-72000,"AP0000036",560868867.586079,560.868867586079,1037.83328979892,"Norfolk"
-72,-73000,"AP0000030",523169733.654634,523.169733654634,1037.83328979892,"Norfolk"
-48,-74000,"AP0000038",294422798.407099,294.422798407099,1037.83328979892,"Norfolk"
-29,-75000,"AP0000039",94092827.5135455,94.0928275135455,1037.83328979892,"Norfolk"
-20,-76000,"AP0000040",61101367.7403004,61.1013677403004,1037.83328979892,"Norfolk"
-17,-77000,"AP0000041",55103100.1417742,55.1031001417742,1037.83328979892,"Norfolk"
-15,-78000,"AP0000042",51729215.2564971,51.7292152564971,1037.83328979892,"Norfolk"
-14,-79000,"AP0000043",50979423.1059363,50.9794231059363,1037.83328979892,"Norfolk"
-13,-80000,"AP0000044",49480597.1424139,49.4805971424139,1037.83328979892,"Norfolk"
-12,-81000,"AP0000045",47981076.6713047,47.9810766713047,1037.83328979892,"Norfolk"
-12,-82000,"AP0000045",47981076.6713047,47.9810766713047,1037.83328979892,"Norfolk"
-13,-83000,"AP0000044",49480597.1424139,49.4805971424139,1037.83328979892,"Norfolk"
-15,-84000,"AP0000042",51729215.2564971,51.7292152564971,1037.83328979892,"Norfolk"
-19,-85000,"AP0000046",59789334.3696666,59.7893343696666,1037.83328979892,"Norfolk"
-26,-86000,"AP0000047",77970934.1760244,77.9709341760244,1037.83328979892,"Norfolk"
-34,-87000,"AP0000048",133455931.131835,133.455931131835,1037.83328979892,"Norfolk"
-43,-88000,"AP0000049",232411697.439242,232.411697439242,1037.83328979892,"Norfolk"
-49,-89000,"AP0000050",306414374.349318,306.414374349318,1037.83328979892,"Norfolk"
-52,-90000,"AP0000008",346886277.132201,346.886277132201,1037.83328979892,"Norfolk"
-54,-91000,"AP0000051",382855521.965768,382.855521965768,1037.83328979892,"Norfolk"
-55,-92000,"AP0000052",394467964.409625,394.467964409625,1037.83328979892,"Norfolk"
-55,-93000,"AP0000052",394467964.409625,394.467964409625,1037.83328979892,"Norfolk"
-56,-94000,"AP0000053",409075308.65534,409.07530865534,1037.83328979892,"Norfolk"
-54,-95000,"AP0000051",382855521.965768,382.855521965768,1037.83328979892,"Norfolk"
-46,-96000,"AP0000054",262018680.71614,262.01868071614,1037.83328979892,"Norfolk"
-35,-97000,"AP0000055",140764733.5935,140.7647335935,1037.83328979892,"Norfolk"
-24,-98000,"AP0000006",71223513.8332295,71.2235138332295,1037.83328979892,"Norfolk"
-16,-99000,"AP0000056",53790627.9386358,53.7906279386358,1037.83328979892,"Norfolk"
-12,-1e+05,"AP0000045",47981076.6713047,47.9810766713047,1037.83328979892,"Norfolk"
-10,-101000,"AP0000057",47043954.8979852,47.0439548979852,1037.83328979892,"Norfolk"
-10,-102000,"AP0000057",47043954.8979852,47.0439548979852,1037.83328979892,"Norfolk"
-9,-103000,"AP0000058",46294479.556565,46.294479556565,1037.83328979892,"Norfolk"
-8,-104000,"AP0000059",44795601.9642723,44.7956019642723,1037.83328979892,"Norfolk"
-10,-105000,"AP0000057",47043954.8979852,47.0439548979852,1037.83328979892,"Norfolk"
-16,-106000,"AP0000056",53790627.9386358,53.7906279386358,1037.83328979892,"Norfolk"
-26,-107000,"AP0000047",77970934.1760244,77.9709341760244,1037.83328979892,"Norfolk"
-31,-108000,"AP0000060",106838941.439586,106.838941439586,1037.83328979892,"Norfolk"
-33,-109000,"AP0000061",124458920.812715,124.458920812715,1037.83328979892,"Norfolk"
-33,-110000,"AP0000061",124458920.812715,124.458920812715,1037.83328979892,"Norfolk"
-32,-111000,"AP0000062",115086591.731444,115.086591731444,1037.83328979892,"Norfolk"
-32,-112000,"AP0000062",115086591.731444,115.086591731444,1037.83328979892,"Norfolk"
-27,-113000,"AP0000063",83031866.6843119,83.0318666843119,1037.83328979892,"Norfolk"
-16,-114000,"AP0000056",53790627.9386358,53.7906279386358,1037.83328979892,"Norfolk"
-6,-115000,"AP0000064",43483659.0223475,43.4836590223475,1037.83328979892,"Norfolk"
0,-116000,"AP0000000",40672509.2293262,40.6725092293262,1037.83328979892,"Norfolk"
3,-117000,"AP0000065",40485096.4537034,40.4850964537034,1037.83328979892,"Norfolk"
5,-118000,"AP0000066",40297794.0130479,40.2977940130479,1037.83328979892,"Norfolk"
7,-119000,"AP0000067",40297794.0130479,40.2977940130479,1037.83328979892,"Norfolk"
9,-120000,"AP0000068",39735583.4734478,39.7355834734478,1037.83328979892,"Norfolk"
10,-121000,"AP0000069",39173471.0555692,39.1734710555692,1037.83328979892,"Norfolk"
10,-122000,"AP0000069",39173471.0555692,39.1734710555692,1037.83328979892,"Norfolk"
10,-123000,"AP0000069",39173471.0555692,39.1734710555692,1037.83328979892,"Norfolk"
9,-124000,"AP0000068",39735583.4734478,39.7355834734478,1037.83328979892,"Norfolk"
9,-125000,"AP0000068",39735583.4734478,39.7355834734478,1037.83328979892,"Norfolk"
10,-126000,"AP0000069",39173471.0555692,39.1734710555692,1037.83328979892,"Norfolk"
12,-127000,"AP0000070",38611499.6616025,38.6114996616025,1037.83328979892,"Norfolk"
10,-128000,"AP0000069",39173471.0555692,39.1734710555692,1037.83328979892,"Norfolk"
-3,-129000,"AP0000003",41422172.2068942,41.4221722068942,1037.83328979892,"Norfolk"
-27,-130000,"AP0000063",83031866.6843119,83.0318666843119,1037.83328979892,"Norfolk"
-28,-131000,"AP0000071",86968947.6848524,86.9689476848524,1037.83328979892,"Norfolk"
-26,-132000,"AP0000047",77970934.1760244,77.9709341760244,1037.83328979892,"Norfolk"
-24,-133000,"AP0000006",71223513.8332295,71.2235138332295,1037.83328979892,"Norfolk"
-22,-134000,"AP0000072",65787742.6685672,65.7877426685672,1037.83328979892,"Norfolk"
-20,-135000,"AP0000040",61101367.7403004,61.1013677403004,1037.83328979892,"Norfolk"
-18,-136000,"AP0000073",56977875.7771835,56.9778757771835,1037.83328979892,"Norfolk"
-19,-137000,"AP0000046",59789334.3696666,59.7893343696666,1037.83328979892,"Norfolk"
-22,-138000,"AP0000072",65787742.6685672,65.7877426685672,1037.83328979892,"Norfolk"
-28,-139000,"AP0000071",86968947.6848524,86.9689476848524,1037.83328979892,"Norfolk"
-44,-140000,"AP0000074",240844195.800157,240.844195800157,1037.83328979892,"Norfolk"
0,0,"AP0000000",79625957.0285902,79.6259570285902,3397.90986437137,"Ogasawara"
-1,-1000,"AP0000001",96242227.6883543,96.2422276883542,3397.90986437137,"Ogasawara"
-2,-2000,"AP0000002",101968403.705143,101.968403705143,3397.90986437137,"Ogasawara"
-3,-3000,"AP0000003",104832253.473157,104.832253473157,3397.90986437137,"Ogasawara"
-3,-4000,"AP0000003",104832253.473157,104.832253473157,3397.90986437137,"Ogasawara"
-3,-5000,"AP0000003",104832253.473157,104.832253473157,3397.90986437137,"Ogasawara"
-4,-6000,"AP0000004",109222212.504975,109.222212504975,3397.90986437137,"Ogasawara"
-4,-7000,"AP0000004",109222212.504975,109.222212504975,3397.90986437137,"Ogasawara"
-11,-8000,"AP0000005",131948967.23065,131.94896723065,3397.90986437137,"Ogasawara"
-24,-9000,"AP0000006",179284755.499329,179.284755499329,3397.90986437137,"Ogasawara"
-38,-10000,"AP0000007",247390278.297589,247.390278297589,3397.90986437137,"Ogasawara"
-52,-11000,"AP0000008",312005047.989601,312.005047989601,3397.90986437137,"Ogasawara"
-65,-12000,"AP0000009",377971359.966559,377.971359966559,3397.90986437137,"Ogasawara"
-76,-13000,"AP0000010",433454538.973825,433.454538973825,3397.90986437137,"Ogasawara"
-85,-14000,"AP0000011",487242271.313357,487.242271313357,3397.90986437137,"Ogasawara"
-93,-15000,"AP0000012",538143997.732144,538.143997732144,3397.90986437137,"Ogasawara"
-102,-16000,"AP0000013",588092774.796487,588.092774796487,3397.90986437137,"Ogasawara"
-109,-17000,"AP0000014",631552531.51519,631.55253151519,3397.90986437137,"Ogasawara"
-116,-18000,"AP0000015",678831207.485075,678.831207485075,3397.90986437137,"Ogasawara"
-121,-19000,"AP0000016",710471781.845067,710.471781845067,3397.90986437137,"Ogasawara"
-123,-20000,"AP0000017",724953133.754869,724.953133754869,3397.90986437137,"Ogasawara"
-122,-21000,"AP0000018",717708543.32097,717.70854332097,3397.90986437137,"Ogasawara"
-118,-22000,"AP0000019",691605698.822221,691.605698822221,3397.90986437137,"Ogasawara"
-112,-23000,"AP0000020",650036923.473494,650.036923473494,3397.90986437137,"Ogasawara"
-105,-24000,"AP0000021",604480024.199591,604.480024199591,3397.90986437137,"Ogasawara"
-98,-25000,"AP0000022",565594070.252129,565.594070252129,3397.90986437137,"Ogasawara"
-93,-26000,"AP0000012",538143997.732144,538.143997732144,3397.90986437137,"Ogasawara"
-90,-27000,"AP0000023",519830600.804813,519.830600804813,3397.90986437137,"Ogasawara"
-87,-28000,"AP0000024",495820329.087012,495.820329087012,3397.90986437137,"Ogasawara"
-84,-29000,"AP0000025",483432330.79689,483.43233079689,3397.90986437137,"Ogasawara"
-81,-30000,"AP0000026",466841876.090082,466.841876090082,3397.90986437137,"Ogasawara"
-79,-31000,"AP0000027",452720481.713798,452.720481713798,3397.90986437137,"Ogasawara"
-76,-32000,"AP0000010",433454538.973825,433.454538973825,3397.90986437137,"Ogasawara"
-75,-33000,"AP0000028",423532369.346835,423.532369346835,3397.90986437137,"Ogasawara"
-73,-34000,"AP0000029",414184842.986191,414.184842986191,3397.90986437137,"Ogasawara"
-72,-35000,"AP0000030",410371869.17043,410.37186917043,3397.90986437137,"Ogasawara"
-72,-36000,"AP0000030",410371869.17043,410.37186917043,3397.90986437137,"Ogasawara"
-72,-37000,"AP0000030",410371869.17043,410.37186917043,3397.90986437137,"Ogasawara"
-72,-38000,"AP0000030",410371869.17043,410.37186917043,3397.90986437137,"Ogasawara"
-74,-39000,"AP0000031",419525246.509223,419.525246509223,3397.90986437137,"Ogasawara"
-76,-40000,"AP0000010",433454538.973825,433.454538973825,3397.90986437137,"Ogasawara"
-78,-41000,"AP0000032",446612874.162918,446.612874162918,3397.90986437137,"Ogasawara"
-80,-42000,"AP0000033",457484765.835282,457.484765835282,3397.90986437137,"Ogasawara"
-82,-43000,"AP0000034",473519302.577656,473.519302577656,3397.90986437137,"Ogasawara"
-84,-44000,"AP0000025",483432330.79689,483.43233079689,3397.90986437137,"Ogasawara"
-85,-45000,"AP0000011",487242271.313357,487.242271313357,3397.90986437137,"Ogasawara"
-86,-46000,"AP0000035",491431465.559714,491.431465559714,3397.90986437137,"Ogasawara"
-86,-47000,"AP0000035",491431465.559714,491.431465559714,3397.90986437137,"Ogasawara"
-86,-48000,"AP0000035",491431465.559714,491.431465559714,3397.90986437137,"Ogasawara"
-86,-49000,"AP0000035",491431465.559714,491.431465559714,3397.90986437137,"Ogasawara"
-86,-50000,"AP0000035",491431465.559714,491.431465559714,3397.90986437137,"Ogasawara"
-86,-51000,"AP0000035",491431465.559714,491.431465559714,3397.90986437137,"Ogasawara"
-85,-52000,"AP0000011",487242271.313357,487.242271313357,3397.90986437137,"Ogasawara"
-85,-53000,"AP0000011",487242271.313357,487.242271313357,3397.90986437137,"Ogasawara"
-85,-54000,"AP0000011",487242271.313357,487.242271313357,3397.90986437137,"Ogasawara"
-84,-55000,"AP0000025",483432330.79689,483.43233079689,3397.90986437137,"Ogasawara"
-83,-56000,"AP0000036",478850743.704397,478.850743704397,3397.90986437137,"Ogasawara"
-82,-57000,"AP0000034",473519302.577656,473.519302577656,3397.90986437137,"Ogasawara"
-80,-58000,"AP0000033",457484765.835282,457.484765835282,3397.90986437137,"Ogasawara"
-79,-59000,"AP0000027",452720481.713798,452.720481713798,3397.90986437137,"Ogasawara"
-78,-60000,"AP0000032",446612874.162918,446.612874162918,3397.90986437137,"Ogasawara"
-77,-61000,"AP0000037",441079150.891562,441.079150891561,3397.90986437137,"Ogasawara"
-77,-62000,"AP0000037",441079150.891562,441.079150891561,3397.90986437137,"Ogasawara"
-77,-63000,"AP0000037",441079150.891562,441.079150891561,3397.90986437137,"Ogasawara"
-78,-64000,"AP0000032",446612874.162918,446.612874162918,3397.90986437137,"Ogasawara"
-79,-65000,"AP0000027",452720481.713798,452.720481713798,3397.90986437137,"Ogasawara"
-81,-66000,"AP0000026",466841876.090082,466.841876090082,3397.90986437137,"Ogasawara"
-82,-67000,"AP0000034",473519302.577656,473.519302577656,3397.90986437137,"Ogasawara"
-82,-68000,"AP0000034",473519302.577656,473.519302577656,3397.90986437137,"Ogasawara"
-81,-69000,"AP0000026",466841876.090082,466.841876090082,3397.90986437137,"Ogasawara"
-80,-70000,"AP0000033",457484765.835282,457.484765835282,3397.90986437137,"Ogasawara"
-81,-71000,"AP0000026",466841876.090082,466.841876090082,3397.90986437137,"Ogasawara"
-83,-72000,"AP0000036",478850743.704397,478.850743704397,3397.90986437137,"Ogasawara"
-72,-73000,"AP0000030",410371869.17043,410.37186917043,3397.90986437137,"Ogasawara"
-48,-74000,"AP0000038",295052761.634897,295.052761634897,3397.90986437137,"Ogasawara"
-29,-75000,"AP0000039",203147901.549568,203.147901549568,3397.90986437137,"Ogasawara"
-20,-76000,"AP0000040",166126639.665017,166.126639665017,3397.90986437137,"Ogasawara"
-17,-77000,"AP0000041",154283753.87708,154.283753877079,3397.90986437137,"Ogasawara"
-15,-78000,"AP0000042",145311595.314617,145.311595314617,3397.90986437137,"Ogasawara"
-14,-79000,"AP0000043",141686840.934527,141.686840934527,3397.90986437137,"Ogasawara"
-13,-80000,"AP0000044",138823549.262046,138.823549262046,3397.90986437137,"Ogasawara"
-12,-81000,"AP0000045",135577937.995904,135.577937995904,3397.90986437137,"Ogasawara"
-12,-82000,"AP0000045",135577937.995904,135.577937995904,3397.90986437137,"Ogasawara"
-13,-83000,"AP0000044",138823549.262046,138.823549262046,3397.90986437137,"Ogasawara"
-15,-84000,"AP0000042",145311595.314617,145.311595314617,3397.90986437137,"Ogasawara"
-19,-85000,"AP0000046",162114203.325775,162.114203325775,3397.90986437137,"Ogasawara"
-26,-86000,"AP0000047",187304423.663338,187.304423663338,3397.90986437137,"Ogasawara"
-34,-87000,"AP0000048",228907417.865511,228.907417865511,3397.90986437137,"Ogasawara"
-43,-88000,"AP0000049",273708721.697836,273.708721697836,3397.90986437137,"Ogasawara"
-49,-89000,"AP0000050",298672456.04295,298.67245604295,3397.90986437137,"Ogasawara"
-52,-90000,"AP0000008",312005047.989601,312.005047989601,3397.90986437137,"Ogasawara"
-54,-91000,"AP0000051",320770658.085317,320.770658085317,3397.90986437137,"Ogasawara"
-55,-92000,"AP0000052",326684089.789206,326.684089789206,3397.90986437137,"Ogasawara"
-55,-93000,"AP0000052",326684089.789206,326.684089789206,3397.90986437137,"Ogasawara"
-56,-94000,"AP0000053",331060077.516642,331.060077516642,3397.90986437137,"Ogasawara"
-54,-95000,"AP0000051",320770658.085317,320.770658085317,3397.90986437137,"Ogasawara"
-46,-96000,"AP0000054",287050205.129566,287.050205129566,3397.90986437137,"Ogasawara"
-35,-97000,"AP0000055",232525568.392528,232.525568392528,3397.90986437137,"Ogasawara"
-24,-98000,"AP0000006",179284755.499329,179.284755499329,3397.90986437137,"Ogasawara"
-16,-99000,"AP0000056",148939832.133418,148.939832133418,3397.90986437137,"Ogasawara"
-12,-1e+05,"AP0000045",135577937.995904,135.577937995904,3397.90986437137,"Ogasawara"
-10,-101000,"AP0000057",128130046.618225,128.130046618225,3397.90986437137,"Ogasawara"
-10,-102000,"AP0000057",128130046.618225,128.130046618225,3397.90986437137,"Ogasawara"
-9,-103000,"AP0000058",125453416.355241,125.453416355241,3397.90986437137,"Ogasawara"
-8,-104000,"AP0000059",122778284.979144,122.778284979144,3397.90986437137,"Ogasawara"
-10,-105000,"AP0000057",128130046.618225,128.130046618225,3397.90986437137,"Ogasawara"
-16,-106000,"AP0000056",148939832.133418,148.939832133418,3397.90986437137,"Ogasawara"
-26,-107000,"AP0000047",187304423.663338,187.304423663338,3397.90986437137,"Ogasawara"
-31,-108000,"AP0000060",212107308.497859,212.107308497859,3397.90986437137,"Ogasawara"
-33,-109000,"AP0000061",225099061.159894,225.099061159894,3397.90986437137,"Ogasawara"
-33,-110000,"AP0000061",225099061.159894,225.099061159894,3397.90986437137,"Ogasawara"
-32,-111000,"AP0000062",214774256.622313,214.774256622313,3397.90986437137,"Ogasawara"
-32,-112000,"AP0000062",214774256.622313,214.774256622313,3397.90986437137,"Ogasawara"
-27,-113000,"AP0000063",191700023.660733,191.700023660733,3397.90986437137,"Ogasawara"
-16,-114000,"AP0000056",148939832.133418,148.939832133418,3397.90986437137,"Ogasawara"
-6,-115000,"AP0000064",115141849.096091,115.141849096091,3397.90986437137,"Ogasawara"
0,-116000,"AP0000000",79625957.0285902,79.6259570285902,3397.90986437137,"Ogasawara"
3,-117000,"AP0000065",76952392.943042,76.952392943042,3397.90986437137,"Ogasawara"
5,-118000,"AP0000066",75045330.346638,75.045330346638,3397.90986437137,"Ogasawara"
7,-119000,"AP0000067",73138730.3368406,73.1387303368406,3397.90986437137,"Ogasawara"
9,-120000,"AP0000068",71994291.5762949,71.9942915762949,3397.90986437137,"Ogasawara"
10,-121000,"AP0000069",71038840.8200696,71.0388408200696,3397.90986437137,"Ogasawara"
10,-122000,"AP0000069",71038840.8200696,71.0388408200696,3397.90986437137,"Ogasawara"
10,-123000,"AP0000069",71038840.8200696,71.0388408200696,3397.90986437137,"Ogasawara"
9,-124000,"AP0000068",71994291.5762949,71.9942915762949,3397.90986437137,"Ogasawara"
9,-125000,"AP0000068",71994291.5762949,71.9942915762949,3397.90986437137,"Ogasawara"
10,-126000,"AP0000069",71038840.8200696,71.0388408200696,3397.90986437137,"Ogasawara"
12,-127000,"AP0000070",68178339.4258227,68.1783394258227,3397.90986437137,"Ogasawara"
10,-128000,"AP0000069",71038840.8200696,71.0388408200696,3397.90986437137,"Ogasawara"
-3,-129000,"AP0000003",104832253.473157,104.832253473157,3397.90986437137,"Ogasawara"
-27,-130000,"AP0000063",191700023.660733,191.700023660733,3397.90986437137,"Ogasawara"
-28,-131000,"AP0000071",199517617.219069,199.517617219069,3397.90986437137,"Ogasawara"
-26,-132000,"AP0000047",187304423.663338,187.304423663338,3397.90986437137,"Ogasawara"
-24,-133000,"AP0000006",179284755.499329,179.284755499329,3397.90986437137,"Ogasawara"
-22,-134000,"AP0000072",172795063.060689,172.795063060689,3397.90986437137,"Ogasawara"
-20,-135000,"AP0000040",166126639.665017,166.126639665017,3397.90986437137,"Ogasawara"
-18,-136000,"AP0000073",157151129.082273,157.151129082273,3397.90986437137,"Ogasawara"
-19,-137000,"AP0000046",162114203.325775,162.114203325775,3397.90986437137,"Ogasawara"
-22,-138000,"AP0000072",172795063.060689,172.795063060689,3397.90986437137,"Ogasawara"
-28,-139000,"AP0000071",199517617.219069,199.517617219069,3397.90986437137,"Ogasawara"
-44,-140000,"AP0000074",279423880.646271,279.423880646271,3397.90986437137,"Ogasawara"
0,0,"AP0000000",683171187.328234,683.171187328234,12007.3532876993,"Palau"
-1,-1000,"AP0000001",875671546.566281,875.671546566281,12007.3532876993,"Palau"
-2,-2000,"AP0000002",884150570.0971,884.1505700971,12007.3532876993,"Palau"
-3,-3000,"AP0000003",893053506.877606,893.053506877606,12007.3532876993,"Palau"
-3,-4000,"AP0000003",893053506.877606,893.053506877606,12007.3532876993,"Palau"
-3,-5000,"AP0000003",893053506.877606,893.053506877606,12007.3532876993,"Palau"
-4,-6000,"AP0000004",914668933.876315,914.668933876315,12007.3532876993,"Palau"
-4,-7000,"AP0000004",914668933.876315,914.668933876315,12007.3532876993,"Palau"
-11,-8000,"AP0000005",1023824052.63342,1023.82405263342,12007.3532876993,"Palau"
-24,-9000,"AP0000006",1318462708.02631,1318.46270802631,12007.3532876993,"Palau"
-38,-10000,"AP0000007",1798279712.0836,1798.2797120836,12007.3532876993,"Palau"
-52,-11000,"AP0000008",2038554834.12175,2038.55483412175,12007.3532876993,"Palau"
-65,-12000,"AP0000009",2221346270.94149,2221.34627094149,12007.3532876993,"Palau"
-76,-13000,"AP0000010",2336994680.97088,2336.99468097088,12007.3532876993,"Palau"
-85,-14000,"AP0000011",2399691783.57156,2399.69178357156,12007.3532876993,"Palau"
-93,-15000,"AP0000012",2432525778.6025,2432.5257786025,12007.3532876993,"Palau"
-102,-16000,"AP0000013",2466424301.28103,2466.42430128103,12007.3532876993,"Palau"
-109,-17000,"AP0000014",2485702746.84762,2485.70274684762,12007.3532876993,"Palau"
-116,-18000,"AP0000015",2503290758.30312,2503.29075830312,12007.3532876993,"Palau"
-121,-19000,"AP0000016",2516639591.8444,2516.6395918444,12007.3532876993,"Palau"
-123,-20000,"AP0000017",2521512683.31466,2521.51268331466,12007.3532876993,"Palau"
-122,-21000,"AP0000018",2518547152.08182,2518.54715208182,12007.3532876993,"Palau"
-118,-22000,"AP0000019",2509435455.91498,2509.43545591498,12007.3532876993,"Palau"
-112,-23000,"AP0000020",2493754294.69306,2493.75429469306,12007.3532876993,"Palau"
-105,-24000,"AP0000021",2474686636.9079,2474.6866369079,12007.3532876993,"Palau"
-98,-25000,"AP0000022",2450111132.13036,2450.11113213036,12007.3532876993,"Palau"
-93,-26000,"AP0000012",2432525778.6025,2432.5257786025,12007.3532876993,"Palau"
-90,-27000,"AP0000023",2422356935.81356,2422.35693581356,12007.3532876993,"Palau"
-87,-28000,"AP0000024",2409858436.86545,2409.85843686545,12007.3532876993,"Palau"
-84,-29000,"AP0000025",2393972835.02428,2393.97283502428,12007.3532876993,"Palau"
-81,-30000,"AP0000026",2379145279.86398,2379.14527986398,12007.3532876993,"Palau"
-79,-31000,"AP0000027",2369187484.03117,2369.18748403117,12007.3532876993,"Palau"
-76,-32000,"AP0000010",2336994680.97088,2336.99468097088,12007.3532876993,"Palau"
-75,-33000,"AP0000028",2328733127.08439,2328.73312708439,12007.3532876993,"Palau"
-73,-34000,"AP0000029",2314539010.47038,2314.53901047038,12007.3532876993,"Palau"
-72,-35000,"AP0000030",2306065921.01904,2306.06592101904,12007.3532876993,"Palau"
-72,-36000,"AP0000030",2306065921.01904,2306.06592101904,12007.3532876993,"Palau"
-72,-37000,"AP0000030",2306065921.01904,2306.06592101904,12007.3532876993,"Palau"
-72,-38000,"AP0000030",2306065921.01904,2306.06592101904,12007.3532876993,"Palau"
-74,-39000,"AP0000031",2323648943.26542,2323.64894326542,12007.3532876993,"Palau"
-76,-40000,"AP0000010",2336994680.97088,2336.99468097088,12007.3532876993,"Palau"
-78,-41000,"AP0000032",2361983736.76508,2361.98373676508,12007.3532876993,"Palau"
-80,-42000,"AP0000033",2373424433.14324,2373.42443314324,12007.3532876993,"Palau"
-82,-43000,"AP0000034",2383169426.7109,2383.1694267109,12007.3532876993,"Palau"
-84,-44000,"AP0000025",2393972835.02428,2393.97283502428,12007.3532876993,"Palau"
-85,-45000,"AP0000011",2399691783.57156,2399.69178357156,12007.3532876993,"Palau"
-86,-46000,"AP0000035",2404564298.84095,2404.56429884095,12007.3532876993,"Palau"
-86,-47000,"AP0000035",2404564298.84095,2404.56429884095,12007.3532876993,"Palau"
-86,-48000,"AP0000035",2404564298.84095,2404.56429884095,12007.3532876993,"Palau"
-86,-49000,"AP0000035",2404564298.84095,2404.56429884095,12007.3532876993,"Palau"
-86,-50000,"AP0000035",2404564298.84095,2404.56429884095,12007.3532876993,"Palau"
-86,-51000,"AP0000035",2404564298.84095,2404.56429884095,12007.3532876993,"Palau"
-85,-52000,"AP0000011",2399691783.57156,2399.69178357156,12007.3532876993,"Palau"
-85,-53000,"AP0000011",2399691783.57156,2399.69178357156,12007.3532876993,"Palau"
-85,-54000,"AP0000011",2399691783.57156,2399.69178357156,12007.3532876993,"Palau"
-84,-55000,"AP0000025",2393972835.02428,2393.97283502428,12007.3532876993,"Palau"
-83,-56000,"AP0000036",2388676844.5195,2388.6768445195,12007.3532876993,"Palau"
-82,-57000,"AP0000034",2383169426.7109,2383.1694267109,12007.3532876993,"Palau"
-80,-58000,"AP0000033",2373424433.14324,2373.42443314324,12007.3532876993,"Palau"
-79,-59000,"AP0000027",2369187484.03117,2369.18748403117,12007.3532876993,"Palau"
-78,-60000,"AP0000032",2361983736.76508,2361.98373676508,12007.3532876993,"Palau"
-77,-61000,"AP0000037",2345678870.21215,2345.67887021215,12007.3532876993,"Palau"
-77,-62000,"AP0000037",2345678870.21215,2345.67887021215,12007.3532876993,"Palau"
-77,-63000,"AP0000037",2345678870.21215,2345.67887021215,12007.3532876993,"Palau"
-78,-64000,"AP0000032",2361983736.76508,2361.98373676508,12007.3532876993,"Palau"
-79,-65000,"AP0000027",2369187484.03117,2369.18748403117,12007.3532876993,"Palau"
-81,-66000,"AP0000026",2379145279.86398,2379.14527986398,12007.3532876993,"Palau"
-82,-67000,"AP0000034",2383169426.7109,2383.1694267109,12007.3532876993,"Palau"
-82,-68000,"AP0000034",2383169426.7109,2383.1694267109,12007.3532876993,"Palau"
-81,-69000,"AP0000026",2379145279.86398,2379.14527986398,12007.3532876993,"Palau"
-80,-70000,"AP0000033",2373424433.14324,2373.42443314324,12007.3532876993,"Palau"
-81,-71000,"AP0000026",2379145279.86398,2379.14527986398,12007.3532876993,"Palau"
-83,-72000,"AP0000036",2388676844.5195,2388.6768445195,12007.3532876993,"Palau"
-72,-73000,"AP0000030",2306065921.01904,2306.06592101904,12007.3532876993,"Palau"
-48,-74000,"AP0000038",1977750531.23438,1977.75053123438,12007.3532876993,"Palau"
-29,-75000,"AP0000039",1541013587.05709,1541.01358705709,12007.3532876993,"Palau"
-20,-76000,"AP0000040",1221804769.60723,1221.80476960723,12007.3532876993,"Palau"
-17,-77000,"AP0000041",1153549244.07953,1153.54924407953,12007.3532876993,"Palau"
-15,-78000,"AP0000042",1109243523.80171,1109.24352380171,12007.3532876993,"Palau"
-14,-79000,"AP0000043",1084656016.54391,1084.65601654391,12007.3532876993,"Palau"
-13,-80000,"AP0000044",1067063251.73855,1067.06325173855,12007.3532876993,"Palau"
-12,-81000,"AP0000045",1040781546.45176,1040.78154645176,12007.3532876993,"Palau"
-12,-82000,"AP0000045",1040781546.45176,1040.78154645176,12007.3532876993,"Palau"
-13,-83000,"AP0000044",1067063251.73855,1067.06325173855,12007.3532876993,"Palau"
-15,-84000,"AP0000042",1109243523.80171,1109.24352380171,12007.3532876993,"Palau"
-19,-85000,"AP0000046",1200184012.84708,1200.18401284708,12007.3532876993,"Palau"
-26,-86000,"AP0000047",1375481931.10835,1375.48193110835,12007.3532876993,"Palau"
-34,-87000,"AP0000048",1685343473.30941,1685.34347330941,12007.3532876993,"Palau"
-43,-88000,"AP0000049",1897234126.39552,1897.23412639552,12007.3532876993,"Palau"
-49,-89000,"AP0000050",1995124935.13606,1995.12493513606,12007.3532876993,"Palau"
-52,-90000,"AP0000008",2038554834.12175,2038.55483412175,12007.3532876993,"Palau"
-54,-91000,"AP0000051",2071174529.15607,2071.17452915607,12007.3532876993,"Palau"
-55,-92000,"AP0000052",2088967495.21032,2088.96749521032,12007.3532876993,"Palau"
-55,-93000,"AP0000052",2088967495.21032,2088.96749521032,12007.3532876993,"Palau"
-56,-94000,"AP0000053",2099137722.16943,2099.13772216943,12007.3532876993,"Palau"
-54,-95000,"AP0000051",2071174529.15607,2071.17452915607,12007.3532876993,"Palau"
-46,-96000,"AP0000054",1942367564.11778,1942.36756411778,12007.3532876993,"Palau"
-35,-97000,"AP0000055",1709709712.81029,1709.70971281029,12007.3532876993,"Palau"
-24,-98000,"AP0000006",1318462708.02631,1318.46270802631,12007.3532876993,"Palau"
-16,-99000,"AP0000056",1132776157.64179,1132.77615764179,12007.3532876993,"Palau"
-12,-1e+05,"AP0000045",1040781546.45176,1040.78154645176,12007.3532876993,"Palau"
-10,-101000,"AP0000057",1009621930.61058,1009.62193061058,12007.3532876993,"Palau"
-10,-102000,"AP0000057",1009621930.61058,1009.62193061058,12007.3532876993,"Palau"
-9,-103000,"AP0000058",992029669.529881,992.029669529881,12007.3532876993,"Palau"
-8,-104000,"AP0000059",978675990.670758,978.675990670758,12007.3532876993,"Palau"
-10,-105000,"AP0000057",1009621930.61058,1009.62193061058,12007.3532876993,"Palau"
-16,-106000,"AP0000056",1132776157.64179,1132.77615764179,12007.3532876993,"Palau"
-26,-107000,"AP0000047",1375481931.10835,1375.48193110835,12007.3532876993,"Palau"
-31,-108000,"AP0000060",1612448625.6388,1612.4486256388,12007.3532876993,"Palau"
-33,-109000,"AP0000061",1663092455.15662,1663.09245515662,12007.3532876993,"Palau"
-33,-110000,"AP0000061",1663092455.15662,1663.09245515662,12007.3532876993,"Palau"
-32,-111000,"AP0000062",1645928634.66858,1645.92863466858,12007.3532876993,"Palau"
-32,-112000,"AP0000062",1645928634.66858,1645.92863466858,12007.3532876993,"Palau"
-27,-113000,"AP0000063",1403879917.01675,1403.87991701675,12007.3532876993,"Palau"
-16,-114000,"AP0000056",1132776157.64179,1132.77615764179,12007.3532876993,"Palau"
-6,-115000,"AP0000064",952818322.550688,952.818322550688,12007.3532876993,"Palau"
0,-116000,"AP0000000",683171187.328234,683.171187328234,12007.3532876993,"Palau"
3,-117000,"AP0000065",641636880.389569,641.636880389569,12007.3532876993,"Palau"
5,-118000,"AP0000066",624265402.38324,624.26540238324,12007.3532876993,"Palau"
7,-119000,"AP0000067",610282311.721399,610.282311721399,12007.3532876993,"Palau"
9,-120000,"AP0000068",598840499.021716,598.840499021716,12007.3532876993,"Palau"
10,-121000,"AP0000069",588248701.212074,588.248701212074,12007.3532876993,"Palau"
10,-122000,"AP0000069",588248701.212074,588.248701212074,12007.3532876993,"Palau"
10,-123000,"AP0000069",588248701.212074,588.248701212074,12007.3532876993,"Palau"
9,-124000,"AP0000068",598840499.021716,598.840499021716,12007.3532876993,"Palau"
9,-125000,"AP0000068",598840499.021716,598.840499021716,12007.3532876993,"Palau"
10,-126000,"AP0000069",588248701.212074,588.248701212074,12007.3532876993,"Palau"
12,-127000,"AP0000070",560485539.873882,560.485539873882,12007.3532876993,"Palau"
10,-128000,"AP0000069",588248701.212074,588.248701212074,12007.3532876993,"Palau"
-3,-129000,"AP0000003",893053506.877606,893.053506877606,12007.3532876993,"Palau"
-27,-130000,"AP0000063",1403879917.01675,1403.87991701675,12007.3532876993,"Palau"
-28,-131000,"AP0000071",1436943173.36812,1436.94317336812,12007.3532876993,"Palau"
-26,-132000,"AP0000047",1375481931.10835,1375.48193110835,12007.3532876993,"Palau"
-24,-133000,"AP0000006",1318462708.02631,1318.46270802631,12007.3532876993,"Palau"
-22,-134000,"AP0000072",1266951764.44194,1266.95176444194,12007.3532876993,"Palau"
-20,-135000,"AP0000040",1221804769.60723,1221.80476960723,12007.3532876993,"Palau"
-18,-136000,"AP0000073",1176020029.68549,1176.02002968549,12007.3532876993,"Palau"
-19,-137000,"AP0000046",1200184012.84708,1200.18401284708,12007.3532876993,"Palau"
-22,-138000,"AP0000072",1266951764.44194,1266.95176444194,12007.3532876993,"Palau"
-28,-139000,"AP0000071",1436943173.36812,1436.94317336812,12007.3532876993,"Palau"
-44,-140000,"AP0000074",1911644014.31017,1911.64401431017,12007.3532876993,"Palau"
0,0,"AP0000000",65723726.4705477,65.7237264705477,81766.6934101948,"Pitcairn"
-1,-1000,"AP0000001",68849329.4428513,68.8493294428513,81766.6934101948,"Pitcairn"
-2,-2000,"AP0000002",68849329.4428513,68.8493294428513,81766.6934101948,"Pitcairn"
-3,-3000,"AP0000003",68849329.4428513,68.8493294428513,81766.6934101948,"Pitcairn"
-3,-4000,"AP0000003",68849329.4428513,68.8493294428513,81766.6934101948,"Pitcairn"
-3,-5000,"AP0000003",68849329.4428513,68.8493294428513,81766.6934101948,"Pitcairn"
-4,-6000,"AP0000004",69433742.9784636,69.4337429784637,81766.6934101948,"Pitcairn"
-4,-7000,"AP0000004",69433742.9784636,69.4337429784637,81766.6934101948,"Pitcairn"
-11,-8000,"AP0000005",74114334.1256576,74.1143341256576,81766.6934101948,"Pitcairn"
-24,-9000,"AP0000006",78792224.5436208,78.7922245436208,81766.6934101948,"Pitcairn"
-38,-10000,"AP0000007",88906942.5854123,88.9069425854123,81766.6934101948,"Pitcairn"
-52,-11000,"AP0000008",99607412.4025164,99.6074124025164,81766.6934101948,"Pitcairn"
-65,-12000,"AP0000009",105259532.174006,105.259532174006,81766.6934101948,"Pitcairn"
-76,-13000,"AP0000010",111114549.041163,111.114549041163,81766.6934101948,"Pitcairn"
-85,-14000,"AP0000011",118339358.753782,118.339358753782,81766.6934101948,"Pitcairn"
-93,-15000,"AP0000012",120877284.097558,120.877284097558,81766.6934101948,"Pitcairn"
-102,-16000,"AP0000013",126535969.976531,126.535969976531,81766.6934101948,"Pitcairn"
-109,-17000,"AP0000014",130044985.5849,130.0449855849,81766.6934101948,"Pitcairn"
-116,-18000,"AP0000015",136473182.954098,136.473182954098,81766.6934101948,"Pitcairn"
-121,-19000,"AP0000016",139594944.603607,139.594944603607,81766.6934101948,"Pitcairn"
-123,-20000,"AP0000017",140765605.083437,140.765605083437,81766.6934101948,"Pitcairn"
-122,-21000,"AP0000018",140569751.227028,140.569751227028,81766.6934101948,"Pitcairn"
-118,-22000,"AP0000019",138034584.669629,138.034584669629,81766.6934101948,"Pitcairn"
-112,-23000,"AP0000020",132771080.127591,132.771080127591,81766.6934101948,"Pitcairn"
-105,-24000,"AP0000021",128484246.045981,128.484246045981,81766.6934101948,"Pitcairn"
-98,-25000,"AP0000022",123608918.252087,123.608918252087,81766.6934101948,"Pitcairn"
-93,-26000,"AP0000012",120877284.097558,120.877284097558,81766.6934101948,"Pitcairn"
-90,-27000,"AP0000023",119706548.576654,119.706548576654,81766.6934101948,"Pitcairn"
-87,-28000,"AP0000024",118925901.454394,118.925901454394,81766.6934101948,"Pitcairn"
-84,-29000,"AP0000025",117560529.566939,117.560529566939,81766.6934101948,"Pitcairn"
-81,-30000,"AP0000026",115605974.347447,115.605974347447,81766.6934101948,"Pitcairn"
-79,-31000,"AP0000027",113070223.004143,113.070223004143,81766.6934101948,"Pitcairn"
-76,-32000,"AP0000010",111114549.041163,111.114549041163,81766.6934101948,"Pitcairn"
-75,-33000,"AP0000028",110335681.16007,110.33568116007,81766.6934101948,"Pitcairn"
-73,-34000,"AP0000029",109359823.148481,109.359823148481,81766.6934101948,"Pitcairn"
-72,-35000,"AP0000030",108385101.531067,108.385101531067,81766.6934101948,"Pitcairn"
-72,-36000,"AP0000030",108385101.531067,108.385101531067,81766.6934101948,"Pitcairn"
-72,-37000,"AP0000030",108385101.531067,108.385101531067,81766.6934101948,"Pitcairn"
-72,-38000,"AP0000030",108385101.531067,108.385101531067,81766.6934101948,"Pitcairn"
-74,-39000,"AP0000031",110141678.628191,110.141678628191,81766.6934101948,"Pitcairn"
-76,-40000,"AP0000010",111114549.041163,111.114549041163,81766.6934101948,"Pitcairn"
-78,-41000,"AP0000032",112092679.879848,112.092679879848,81766.6934101948,"Pitcairn"
-80,-42000,"AP0000033",114631361.526445,114.631361526445,81766.6934101948,"Pitcairn"
-82,-43000,"AP0000034",116582409.015546,116.582409015546,81766.6934101948,"Pitcairn"
-84,-44000,"AP0000025",117560529.566939,117.560529566939,81766.6934101948,"Pitcairn"
-85,-45000,"AP0000011",118339358.753782,118.339358753782,81766.6934101948,"Pitcairn"
-86,-46000,"AP0000035",118535105.485907,118.535105485907,81766.6934101948,"Pitcairn"
-86,-47000,"AP0000035",118535105.485907,118.535105485907,81766.6934101948,"Pitcairn"
-86,-48000,"AP0000035",118535105.485907,118.535105485907,81766.6934101948,"Pitcairn"
-86,-49000,"AP0000035",118535105.485907,118.535105485907,81766.6934101948,"Pitcairn"
-86,-50000,"AP0000035",118535105.485907,118.535105485907,81766.6934101948,"Pitcairn"
-86,-51000,"AP0000035",118535105.485907,118.535105485907,81766.6934101948,"Pitcairn"
-85,-52000,"AP0000011",118339358.753782,118.339358753782,81766.6934101948,"Pitcairn"
-85,-53000,"AP0000011",118339358.753782,118.339358753782,81766.6934101948,"Pitcairn"
-85,-54000,"AP0000011",118339358.753782,118.339358753782,81766.6934101948,"Pitcairn"
-84,-55000,"AP0000025",117560529.566939,117.560529566939,81766.6934101948,"Pitcairn"
-83,-56000,"AP0000036",116973271.656939,116.973271656939,81766.6934101948,"Pitcairn"
-82,-57000,"AP0000034",116582409.015546,116.582409015546,81766.6934101948,"Pitcairn"
-80,-58000,"AP0000033",114631361.526445,114.631361526445,81766.6934101948,"Pitcairn"
-79,-59000,"AP0000027",113070223.004143,113.070223004143,81766.6934101948,"Pitcairn"
-78,-60000,"AP0000032",112092679.879848,112.092679879848,81766.6934101948,"Pitcairn"
-77,-61000,"AP0000037",111310311.701196,111.310311701196,81766.6934101948,"Pitcairn"
-77,-62000,"AP0000037",111310311.701196,111.310311701196,81766.6934101948,"Pitcairn"
-77,-63000,"AP0000037",111310311.701196,111.310311701196,81766.6934101948,"Pitcairn"
-78,-64000,"AP0000032",112092679.879848,112.092679879848,81766.6934101948,"Pitcairn"
-79,-65000,"AP0000027",113070223.004143,113.070223004143,81766.6934101948,"Pitcairn"
-81,-66000,"AP0000026",115605974.347447,115.605974347447,81766.6934101948,"Pitcairn"
-82,-67000,"AP0000034",116582409.015546,116.582409015546,81766.6934101948,"Pitcairn"
-82,-68000,"AP0000034",116582409.015546,116.582409015546,81766.6934101948,"Pitcairn"
-81,-69000,"AP0000026",115605974.347447,115.605974347447,81766.6934101948,"Pitcairn"
-80,-70000,"AP0000033",114631361.526445,114.631361526445,81766.6934101948,"Pitcairn"
-81,-71000,"AP0000026",115605974.347447,115.605974347447,81766.6934101948,"Pitcairn"
-83,-72000,"AP0000036",116973271.656939,116.973271656939,81766.6934101948,"Pitcairn"
-72,-73000,"AP0000030",108385101.531067,108.385101531067,81766.6934101948,"Pitcairn"
-48,-74000,"AP0000038",98047139.2940955,98.0471392940955,81766.6934101948,"Pitcairn"
-29,-75000,"AP0000039",81129746.5221145,81.1297465221145,81766.6934101948,"Pitcairn"
-20,-76000,"AP0000040",77232020.0251174,77.2320200251174,81766.6934101948,"Pitcairn"
-17,-77000,"AP0000041",76451835.6809771,76.4518356809771,81766.6934101948,"Pitcairn"
-15,-78000,"AP0000042",75866851.4037616,75.8668514037616,81766.6934101948,"Pitcairn"
-14,-79000,"AP0000043",75087426.4085426,75.0874264085426,81766.6934101948,"Pitcairn"
-13,-80000,"AP0000044",74893401.0738394,74.8934010738394,81766.6934101948,"Pitcairn"
-12,-81000,"AP0000045",74308375.40168,74.30837540168,81766.6934101948,"Pitcairn"
-12,-82000,"AP0000045",74308375.40168,74.30837540168,81766.6934101948,"Pitcairn"
-13,-83000,"AP0000044",74893401.0738394,74.8934010738394,81766.6934101948,"Pitcairn"
-15,-84000,"AP0000042",75866851.4037616,75.8668514037616,81766.6934101948,"Pitcairn"
-19,-85000,"AP0000046",76451835.6809771,76.4518356809771,81766.6934101948,"Pitcairn"
-26,-86000,"AP0000047",79375480.8822641,79.3754808822641,81766.6934101948,"Pitcairn"
-34,-87000,"AP0000048",83662896.378047,83.662896378047,81766.6934101948,"Pitcairn"
-43,-88000,"AP0000049",93182315.1283486,93.1823151283486,81766.6934101948,"Pitcairn"
-49,-89000,"AP0000050",98047139.2940955,98.0471392940955,81766.6934101948,"Pitcairn"
-52,-90000,"AP0000008",99607412.4025164,99.6074124025164,81766.6934101948,"Pitcairn"
-54,-91000,"AP0000051",100583936.286191,100.583936286191,81766.6934101948,"Pitcairn"
-55,-92000,"AP0000052",101363555.230172,101.363555230172,81766.6934101948,"Pitcairn"
-55,-93000,"AP0000052",101363555.230172,101.363555230172,81766.6934101948,"Pitcairn"
-56,-94000,"AP0000053",101753754.347599,101.753754347599,81766.6934101948,"Pitcairn"
-54,-95000,"AP0000051",100583936.286191,100.583936286191,81766.6934101948,"Pitcairn"
-46,-96000,"AP0000054",96686766.3721452,96.6867663721452,81766.6934101948,"Pitcairn"
-35,-97000,"AP0000055",83856962.5700562,83.8569625700562,81766.6934101948,"Pitcairn"
-24,-98000,"AP0000006",78792224.5436208,78.7922245436208,81766.6934101948,"Pitcairn"
-16,-99000,"AP0000056",76062629.0152118,76.0626290152118,81766.6934101948,"Pitcairn"
-12,-1e+05,"AP0000045",74308375.40168,74.30837540168,81766.6934101948,"Pitcairn"
-10,-101000,"AP0000057",73137978.573942,73.137978573942,81766.6934101948,"Pitcairn"
-10,-102000,"AP0000057",73137978.573942,73.137978573942,81766.6934101948,"Pitcairn"
-9,-103000,"AP0000058",72553595.0757279,72.5535950757279,81766.6934101948,"Pitcairn"
-8,-104000,"AP0000059",72553595.0757279,72.5535950757279,81766.6934101948,"Pitcairn"
-10,-105000,"AP0000057",73137978.573942,73.137978573942,81766.6934101948,"Pitcairn"
-16,-106000,"AP0000056",76062629.0152118,76.0626290152118,81766.6934101948,"Pitcairn"
-26,-107000,"AP0000047",79375480.8822641,79.3754808822641,81766.6934101948,"Pitcairn"
-31,-108000,"AP0000060",81909795.4791687,81.9097954791687,81766.6934101948,"Pitcairn"
-33,-109000,"AP0000061",82883831.6448848,82.8838316448848,81766.6934101948,"Pitcairn"
-33,-110000,"AP0000061",82883831.6448848,82.8838316448848,81766.6934101948,"Pitcairn"
-32,-111000,"AP0000062",82495826.5852013,82.4958265852013,81766.6934101948,"Pitcairn"
-32,-112000,"AP0000062",82495826.5852013,82.4958265852013,81766.6934101948,"Pitcairn"
-27,-113000,"AP0000063",80349602.355159,80.349602355159,81766.6934101948,"Pitcairn"
-16,-114000,"AP0000056",76062629.0152118,76.0626290152118,81766.6934101948,"Pitcairn"
-6,-115000,"AP0000064",71187377.4067774,71.1873774067774,81766.6934101948,"Pitcairn"
0,-116000,"AP0000000",65723726.4705477,65.7237264705477,81766.6934101948,"Pitcairn"
3,-117000,"AP0000065",64358464.5166397,64.3584645166397,81766.6934101948,"Pitcairn"
5,-118000,"AP0000066",62408795.9457841,62.4087959457841,81766.6934101948,"Pitcairn"
7,-119000,"AP0000067",61627709.8478858,61.6277098478858,81766.6934101948,"Pitcairn"
9,-120000,"AP0000068",59482589.0923662,59.4825890923662,81766.6934101948,"Pitcairn"
10,-121000,"AP0000069",57333484.6427824,57.3334846427825,81766.6934101948,"Pitcairn"
10,-122000,"AP0000069",57333484.6427824,57.3334846427825,81766.6934101948,"Pitcairn"
10,-123000,"AP0000069",57333484.6427824,57.3334846427825,81766.6934101948,"Pitcairn"
9,-124000,"AP0000068",59482589.0923662,59.4825890923662,81766.6934101948,"Pitcairn"
9,-125000,"AP0000068",59482589.0923662,59.4825890923662,81766.6934101948,"Pitcairn"
10,-126000,"AP0000069",57333484.6427824,57.3334846427825,81766.6934101948,"Pitcairn"
12,-127000,"AP0000070",54991822.2044764,54.9918222044764,81766.6934101948,"Pitcairn"
10,-128000,"AP0000069",57333484.6427824,57.3334846427825,81766.6934101948,"Pitcairn"
-3,-129000,"AP0000003",68849329.4428513,68.8493294428513,81766.6934101948,"Pitcairn"
-27,-130000,"AP0000063",80349602.355159,80.349602355159,81766.6934101948,"Pitcairn"
-28,-131000,"AP0000071",80740565.010098,80.740565010098,81766.6934101948,"Pitcairn"
-26,-132000,"AP0000047",79375480.8822641,79.3754808822641,81766.6934101948,"Pitcairn"
-24,-133000,"AP0000006",78792224.5436208,78.7922245436208,81766.6934101948,"Pitcairn"
-22,-134000,"AP0000072",78401325.8955634,78.4013258955634,81766.6934101948,"Pitcairn"
-20,-135000,"AP0000040",77232020.0251174,77.2320200251174,81766.6934101948,"Pitcairn"
-18,-136000,"AP0000073",76451835.6809771,76.4518356809771,81766.6934101948,"Pitcairn"
-19,-137000,"AP0000046",76451835.6809771,76.4518356809771,81766.6934101948,"Pitcairn"
-22,-138000,"AP0000072",78401325.8955634,78.4013258955634,81766.6934101948,"Pitcairn"
-28,-139000,"AP0000071",80740565.010098,80.740565010098,81766.6934101948,"Pitcairn"
-44,-140000,"AP0000074",94156374.9423091,94.1563749423091,81766.6934101948,"Pitcairn"
0,0,"AP0000000",176806758.02177,176.80675802177,520.281241826981,"Rapa_Nui"
-1,-1000,"AP0000001",197593738.397973,197.593738397973,520.281241826981,"Rapa_Nui"
-2,-2000,"AP0000002",197784397.757444,197.784397757444,520.281241826981,"Rapa_Nui"
-3,-3000,"AP0000003",197975093.681795,197.975093681795,520.281241826981,"Rapa_Nui"
-3,-4000,"AP0000003",197975093.681795,197.975093681795,520.281241826981,"Rapa_Nui"
-3,-5000,"AP0000003",197975093.681795,197.975093681795,520.281241826981,"Rapa_Nui"
-4,-6000,"AP0000004",198356468.532835,198.356468532835,520.281241826981,"Rapa_Nui"
-4,-7000,"AP0000004",198356468.532835,198.356468532835,520.281241826981,"Rapa_Nui"
-11,-8000,"AP0000005",200263231.315737,200.263231315737,520.281241826981,"Rapa_Nui"
-24,-9000,"AP0000006",204649160.329459,204.649160329459,520.281241826981,"Rapa_Nui"
-38,-10000,"AP0000007",208653170.299439,208.653170299439,520.281241826981,"Rapa_Nui"
-52,-11000,"AP0000008",213230097.538225,213.230097538225,520.281241826981,"Rapa_Nui"
-65,-12000,"AP0000009",218187974.646164,218.187974646164,520.281241826981,"Rapa_Nui"
-76,-13000,"AP0000010",223527627.80306,223.52762780306,520.281241826981,"Rapa_Nui"
-85,-14000,"AP0000011",226959356.066349,226.959356066349,520.281241826981,"Rapa_Nui"
-93,-15000,"AP0000012",231535189.284265,231.535189284265,520.281241826981,"Rapa_Nui"
-102,-16000,"AP0000013",235920464.226884,235.920464226884,520.281241826981,"Rapa_Nui"
-109,-17000,"AP0000014",240496975.904187,240.496975904187,520.281241826981,"Rapa_Nui"
-116,-18000,"AP0000015",243928617.391411,243.928617391411,520.281241826981,"Rapa_Nui"
-121,-19000,"AP0000016",246407106.69823,246.40710669823,520.281241826981,"Rapa_Nui"
-123,-20000,"AP0000017",247550832.857706,247.550832857706,520.281241826981,"Rapa_Nui"
-122,-21000,"AP0000018",246788325.459822,246.788325459822,520.281241826981,"Rapa_Nui"
-118,-22000,"AP0000019",244882011.385772,244.882011385772,520.281241826981,"Rapa_Nui"
-112,-23000,"AP0000020",241831623.964639,241.831623964639,520.281241826981,"Rapa_Nui"
-105,-24000,"AP0000021",237637066.000884,237.637066000884,520.281241826981,"Rapa_Nui"
-98,-25000,"AP0000022",234585961.15032,234.58596115032,520.281241826981,"Rapa_Nui"
-93,-26000,"AP0000012",231535189.284265,231.535189284265,520.281241826981,"Rapa_Nui"
-90,-27000,"AP0000023",229819263.51094,229.81926351094,520.281241826981,"Rapa_Nui"
-87,-28000,"AP0000024",228293859.69706,228.29385969706,520.281241826981,"Rapa_Nui"
-84,-29000,"AP0000025",226387519.924776,226.387519924776,520.281241826981,"Rapa_Nui"
-81,-30000,"AP0000026",226196914.555948,226.196914555948,520.281241826981,"Rapa_Nui"
-79,-31000,"AP0000027",225052915.274468,225.052915274468,520.281241826981,"Rapa_Nui"
-76,-32000,"AP0000010",223527627.80306,223.52762780306,520.281241826981,"Rapa_Nui"
-75,-33000,"AP0000028",222955569.674031,222.955569674031,520.281241826981,"Rapa_Nui"
-73,-34000,"AP0000029",222192728.924627,222.192728924627,520.281241826981,"Rapa_Nui"
-72,-35000,"AP0000030",222001898.381592,222.001898381592,520.281241826981,"Rapa_Nui"
-72,-36000,"AP0000030",222001898.381592,222.001898381592,520.281241826981,"Rapa_Nui"
-72,-37000,"AP0000030",222001898.381592,222.001898381592,520.281241826981,"Rapa_Nui"
-72,-38000,"AP0000030",222001898.381592,222.001898381592,520.281241826981,"Rapa_Nui"
-74,-39000,"AP0000031",222383381.320775,222.383381320775,520.281241826981,"Rapa_Nui"
-76,-40000,"AP0000010",223527627.80306,223.52762780306,520.281241826981,"Rapa_Nui"
-78,-41000,"AP0000032",224671567.172047,224.671567172047,520.281241826981,"Rapa_Nui"
-80,-42000,"AP0000033",225624722.884465,225.624722884465,520.281241826981,"Rapa_Nui"
-82,-43000,"AP0000034",226387519.924776,226.387519924776,520.281241826981,"Rapa_Nui"
-84,-44000,"AP0000025",226387519.924776,226.387519924776,520.281241826981,"Rapa_Nui"
-85,-45000,"AP0000011",226959356.066349,226.959356066349,520.281241826981,"Rapa_Nui"
-86,-46000,"AP0000035",227531037.824138,227.531037824138,520.281241826981,"Rapa_Nui"
-86,-47000,"AP0000035",227531037.824138,227.531037824138,520.281241826981,"Rapa_Nui"
-86,-48000,"AP0000035",227531037.824138,227.531037824138,520.281241826981,"Rapa_Nui"
-86,-49000,"AP0000035",227531037.824138,227.531037824138,520.281241826981,"Rapa_Nui"
-86,-50000,"AP0000035",227531037.824138,227.531037824138,520.281241826981,"Rapa_Nui"
-86,-51000,"AP0000035",227531037.824138,227.531037824138,520.281241826981,"Rapa_Nui"
-85,-52000,"AP0000011",226959356.066349,226.959356066349,520.281241826981,"Rapa_Nui"
-85,-53000,"AP0000011",226959356.066349,226.959356066349,520.281241826981,"Rapa_Nui"
-85,-54000,"AP0000011",226959356.066349,226.959356066349,520.281241826981,"Rapa_Nui"
-84,-55000,"AP0000025",226387519.924776,226.387519924776,520.281241826981,"Rapa_Nui"
-83,-56000,"AP0000036",226387519.924776,226.387519924776,520.281241826981,"Rapa_Nui"
-82,-57000,"AP0000034",226387519.924776,226.387519924776,520.281241826981,"Rapa_Nui"
-80,-58000,"AP0000033",225624722.884465,225.624722884465,520.281241826981,"Rapa_Nui"
-79,-59000,"AP0000027",225052915.274468,225.052915274468,520.281241826981,"Rapa_Nui"
-78,-60000,"AP0000032",224671567.172047,224.671567172047,520.281241826981,"Rapa_Nui"
-77,-61000,"AP0000037",224099422.328619,224.099422328619,520.281241826981,"Rapa_Nui"
-77,-62000,"AP0000037",224099422.328619,224.099422328619,520.281241826981,"Rapa_Nui"
-77,-63000,"AP0000037",224099422.328619,224.099422328619,520.281241826981,"Rapa_Nui"
-78,-64000,"AP0000032",224671567.172047,224.671567172047,520.281241826981,"Rapa_Nui"
-79,-65000,"AP0000027",225052915.274468,225.052915274468,520.281241826981,"Rapa_Nui"
-81,-66000,"AP0000026",226196914.555948,226.196914555948,520.281241826981,"Rapa_Nui"
-82,-67000,"AP0000034",226387519.924776,226.387519924776,520.281241826981,"Rapa_Nui"
-82,-68000,"AP0000034",226387519.924776,226.387519924776,520.281241826981,"Rapa_Nui"
-81,-69000,"AP0000026",226196914.555948,226.196914555948,520.281241826981,"Rapa_Nui"
-80,-70000,"AP0000033",225624722.884465,225.624722884465,520.281241826981,"Rapa_Nui"
-81,-71000,"AP0000026",226196914.555948,226.196914555948,520.281241826981,"Rapa_Nui"
-83,-72000,"AP0000036",226387519.924776,226.387519924776,520.281241826981,"Rapa_Nui"
-72,-73000,"AP0000030",222001898.381592,222.001898381592,520.281241826981,"Rapa_Nui"
-48,-74000,"AP0000038",211895191.345607,211.895191345607,520.281241826981,"Rapa_Nui"
-29,-75000,"AP0000039",205602565.816917,205.602565816917,520.281241826981,"Rapa_Nui"
-20,-76000,"AP0000040",202551715.544786,202.551715544786,520.281241826981,"Rapa_Nui"
-17,-77000,"AP0000041",201598024.923486,201.598024923486,520.281241826981,"Rapa_Nui"
-15,-78000,"AP0000042",201216608.012408,201.216608012408,520.281241826981,"Rapa_Nui"
-14,-79000,"AP0000043",201216608.012408,201.216608012408,520.281241826981,"Rapa_Nui"
-13,-80000,"AP0000044",200835380.277321,200.835380277321,520.281241826981,"Rapa_Nui"
-12,-81000,"AP0000045",200835380.277321,200.835380277321,520.281241826981,"Rapa_Nui"
-12,-82000,"AP0000045",200835380.277321,200.835380277321,520.281241826981,"Rapa_Nui"
-13,-83000,"AP0000044",200835380.277321,200.835380277321,520.281241826981,"Rapa_Nui"
-15,-84000,"AP0000042",201216608.012408,201.216608012408,520.281241826981,"Rapa_Nui"
-19,-85000,"AP0000046",202170274.661525,202.170274661525,520.281241826981,"Rapa_Nui"
-26,-86000,"AP0000047",205221349.877014,205.221349877014,520.281241826981,"Rapa_Nui"
-34,-87000,"AP0000048",206937238.482118,206.937238482118,520.281241826981,"Rapa_Nui"
-43,-88000,"AP0000049",209987980.394721,209.987980394721,520.281241826981,"Rapa_Nui"
-49,-89000,"AP0000050",212657955.415136,212.657955415136,520.281241826981,"Rapa_Nui"
-52,-90000,"AP0000008",213230097.538225,213.230097538225,520.281241826981,"Rapa_Nui"
-54,-91000,"AP0000051",213611515.308711,213.611515308711,520.281241826981,"Rapa_Nui"
-55,-92000,"AP0000052",213802174.894703,213.802174894703,520.281241826981,"Rapa_Nui"
-55,-93000,"AP0000052",213802174.894703,213.802174894703,520.281241826981,"Rapa_Nui"
-56,-94000,"AP0000053",214183521.853927,214.183521853927,520.281241826981,"Rapa_Nui"
-54,-95000,"AP0000051",213611515.308711,213.611515308711,520.281241826981,"Rapa_Nui"
-46,-96000,"AP0000054",210941710.507447,210.941710507447,520.281241826981,"Rapa_Nui"
-35,-97000,"AP0000055",207509078.106287,207.509078106287,520.281241826981,"Rapa_Nui"
-24,-98000,"AP0000006",204649160.329459,204.649160329459,520.281241826981,"Rapa_Nui"
-16,-99000,"AP0000056",201216608.012408,201.216608012408,520.281241826981,"Rapa_Nui"
-12,-1e+05,"AP0000045",200835380.277321,200.835380277321,520.281241826981,"Rapa_Nui"
-10,-101000,"AP0000057",199691131.401392,199.691131401392,520.281241826981,"Rapa_Nui"
-10,-102000,"AP0000057",199691131.401392,199.691131401392,520.281241826981,"Rapa_Nui"
-9,-103000,"AP0000058",199500620.745087,199.500620745087,520.281241826981,"Rapa_Nui"
-8,-104000,"AP0000059",199309960.931431,199.309960931431,520.281241826981,"Rapa_Nui"
-10,-105000,"AP0000057",199691131.401392,199.691131401392,520.281241826981,"Rapa_Nui"
-16,-106000,"AP0000056",201216608.012408,201.216608012408,520.281241826981,"Rapa_Nui"
-26,-107000,"AP0000047",205221349.877014,205.221349877014,520.281241826981,"Rapa_Nui"
-31,-108000,"AP0000060",205983842.740722,205.983842740722,520.281241826981,"Rapa_Nui"
-33,-109000,"AP0000061",206555813.662768,206.555813662768,520.281241826981,"Rapa_Nui"
-33,-110000,"AP0000061",206555813.662768,206.555813662768,520.281241826981,"Rapa_Nui"
-32,-111000,"AP0000062",206365174.300598,206.365174300598,520.281241826981,"Rapa_Nui"
-32,-112000,"AP0000062",206365174.300598,206.365174300598,520.281241826981,"Rapa_Nui"
-27,-113000,"AP0000063",205602565.816917,205.602565816917,520.281241826981,"Rapa_Nui"
-16,-114000,"AP0000056",201216608.012408,201.216608012408,520.281241826981,"Rapa_Nui"
-6,-115000,"AP0000064",198928572.449432,198.928572449432,520.281241826981,"Rapa_Nui"
0,-116000,"AP0000000",176806758.02177,176.80675802177,520.281241826981,"Rapa_Nui"
3,-117000,"AP0000065",176425522.453392,176.425522453392,520.281241826981,"Rapa_Nui"
5,-118000,"AP0000066",176044181.933426,176.044181933426,520.281241826981,"Rapa_Nui"
7,-119000,"AP0000067",175662945.068823,175.662945068823,520.281241826981,"Rapa_Nui"
9,-120000,"AP0000068",174709334.385862,174.709334385862,520.281241826981,"Rapa_Nui"
10,-121000,"AP0000069",173565120.7666,173.5651207666,520.281241826981,"Rapa_Nui"
10,-122000,"AP0000069",173565120.7666,173.5651207666,520.281241826981,"Rapa_Nui"
10,-123000,"AP0000069",173565120.7666,173.5651207666,520.281241826981,"Rapa_Nui"
9,-124000,"AP0000068",174709334.385862,174.709334385862,520.281241826981,"Rapa_Nui"
9,-125000,"AP0000068",174709334.385862,174.709334385862,520.281241826981,"Rapa_Nui"
10,-126000,"AP0000069",173565120.7666,173.5651207666,520.281241826981,"Rapa_Nui"
12,-127000,"AP0000070",171467285.841856,171.467285841856,520.281241826981,"Rapa_Nui"
10,-128000,"AP0000069",173565120.7666,173.5651207666,520.281241826981,"Rapa_Nui"
-3,-129000,"AP0000003",197975093.681795,197.975093681795,520.281241826981,"Rapa_Nui"
-27,-130000,"AP0000063",205602565.816917,205.602565816917,520.281241826981,"Rapa_Nui"
-28,-131000,"AP0000071",205602565.816917,205.602565816917,520.281241826981,"Rapa_Nui"
-26,-132000,"AP0000047",205221349.877014,205.221349877014,520.281241826981,"Rapa_Nui"
-24,-133000,"AP0000006",204649160.329459,204.649160329459,520.281241826981,"Rapa_Nui"
-22,-134000,"AP0000072",203505085.524576,203.505085524576,520.281241826981,"Rapa_Nui"
-20,-135000,"AP0000040",202551715.544786,202.551715544786,520.281241826981,"Rapa_Nui"
-18,-136000,"AP0000073",201788713.656656,201.788713656656,520.281241826981,"Rapa_Nui"
-19,-137000,"AP0000046",202170274.661525,202.170274661525,520.281241826981,"Rapa_Nui"
-22,-138000,"AP0000072",203505085.524576,203.505085524576,520.281241826981,"Rapa_Nui"
-28,-139000,"AP0000071",205602565.816917,205.602565816917,520.281241826981,"Rapa_Nui"
-44,-140000,"AP0000074",210369495.209751,210.369495209751,520.281241826981,"Rapa_Nui"
0,0,"AP0000000",2494929406.26121,2494.92940626121,4349.27264601248,"Reunion"
-1,-1000,"AP0000001",2502516219.06127,2502.51621906127,4349.27264601248,"Reunion"
-2,-2000,"AP0000002",2507507947.7733,2507.5079477733,4349.27264601248,"Reunion"
-3,-3000,"AP0000003",2513699012.23274,2513.69901223274,4349.27264601248,"Reunion"
-3,-4000,"AP0000003",2513699012.23274,2513.69901223274,4349.27264601248,"Reunion"
-3,-5000,"AP0000003",2513699012.23274,2513.69901223274,4349.27264601248,"Reunion"
-4,-6000,"AP0000004",2517692412.90759,2517.69241290759,4349.27264601248,"Reunion"
-4,-7000,"AP0000004",2517692412.90759,2517.69241290759,4349.27264601248,"Reunion"
-11,-8000,"AP0000005",2560030291.54409,2560.03029154409,4349.27264601248,"Reunion"
-24,-9000,"AP0000006",2638720383.74534,2638.72038374534,4349.27264601248,"Reunion"
-38,-10000,"AP0000007",2735173426.74181,2735.17342674181,4349.27264601248,"Reunion"
-52,-11000,"AP0000008",2749356420.90662,2749.35642090662,4349.27264601248,"Reunion"
-65,-12000,"AP0000009",2796511427.93959,2796.51142793959,4349.27264601248,"Reunion"
-76,-13000,"AP0000010",2816288873.42103,2816.28887342103,4349.27264601248,"Reunion"
-85,-14000,"AP0000011",2833675759.0586,2833.6757590586,4349.27264601248,"Reunion"
-93,-15000,"AP0000012",2845064945.32316,2845.06494532316,4349.27264601248,"Reunion"
-102,-16000,"AP0000013",2856052983.58628,2856.05298358628,4349.27264601248,"Reunion"
-109,-17000,"AP0000014",2862046060.92976,2862.04606092976,4349.27264601248,"Reunion"
-116,-18000,"AP0000015",2868037364.23229,2868.03736423229,4349.27264601248,"Reunion"
-121,-19000,"AP0000016",2871632829.5429,2871.6328295429,4349.27264601248,"Reunion"
-123,-20000,"AP0000017",2873030833.69542,2873.03083369542,4349.27264601248,"Reunion"
-122,-21000,"AP0000018",2872431904.71265,2872.43190471265,4349.27264601248,"Reunion"
-118,-22000,"AP0000019",2869235987.54915,2869.23598754915,4349.27264601248,"Reunion"
-112,-23000,"AP0000020",2864242892.07521,2864.24289207521,4349.27264601248,"Reunion"
-105,-24000,"AP0000021",2858650221.31811,2858.65022131811,4349.27264601248,"Reunion"
-98,-25000,"AP0000022",2852456184.17868,2852.45618417868,4349.27264601248,"Reunion"
-93,-26000,"AP0000012",2845064945.32316,2845.06494532316,4349.27264601248,"Reunion"
-90,-27000,"AP0000023",2840468249.40421,2840.46824940421,4349.27264601248,"Reunion"
-87,-28000,"AP0000024",2836472801.32756,2836.47280132756,4349.27264601248,"Reunion"
-84,-29000,"AP0000025",2832076897.57542,2832.07689757542,4349.27264601248,"Reunion"
-81,-30000,"AP0000026",2825484096.27634,2825.48409627634,4349.27264601248,"Reunion"
-79,-31000,"AP0000027",2822285356.93199,2822.28535693199,4349.27264601248,"Reunion"
-76,-32000,"AP0000010",2816288873.42103,2816.28887342103,4349.27264601248,"Reunion"
-75,-33000,"AP0000028",2814889858.0181,2814.8898580181,4349.27264601248,"Reunion"
-73,-34000,"AP0000029",2811295358.93964,2811.29535893964,4349.27264601248,"Reunion"
-72,-35000,"AP0000030",2810296030.73033,2810.29603073033,4349.27264601248,"Reunion"
-72,-36000,"AP0000030",2810296030.73033,2810.29603073033,4349.27264601248,"Reunion"
-72,-37000,"AP0000030",2810296030.73033,2810.29603073033,4349.27264601248,"Reunion"
-72,-38000,"AP0000030",2810296030.73033,2810.29603073033,4349.27264601248,"Reunion"
-74,-39000,"AP0000031",2812492988.23075,2812.49298823075,4349.27264601248,"Reunion"
-76,-40000,"AP0000010",2816288873.42103,2816.28887342103,4349.27264601248,"Reunion"
-78,-41000,"AP0000032",2820286760.33978,2820.28676033978,4349.27264601248,"Reunion"
-80,-42000,"AP0000033",2824485162.71516,2824.48516271516,4349.27264601248,"Reunion"
-82,-43000,"AP0000034",2827283468.02489,2827.28346802489,4349.27264601248,"Reunion"
-84,-44000,"AP0000025",2832076897.57542,2832.07689757542,4349.27264601248,"Reunion"
-85,-45000,"AP0000011",2833675759.0586,2833.6757590586,4349.27264601248,"Reunion"
-86,-46000,"AP0000035",2835274058.34929,2835.27405834929,4349.27264601248,"Reunion"
-86,-47000,"AP0000035",2835274058.34929,2835.27405834929,4349.27264601248,"Reunion"
-86,-48000,"AP0000035",2835274058.34929,2835.27405834929,4349.27264601248,"Reunion"
-86,-49000,"AP0000035",2835274058.34929,2835.27405834929,4349.27264601248,"Reunion"
-86,-50000,"AP0000035",2835274058.34929,2835.27405834929,4349.27264601248,"Reunion"
-86,-51000,"AP0000035",2835274058.34929,2835.27405834929,4349.27264601248,"Reunion"
-85,-52000,"AP0000011",2833675759.0586,2833.6757590586,4349.27264601248,"Reunion"
-85,-53000,"AP0000011",2833675759.0586,2833.6757590586,4349.27264601248,"Reunion"
-85,-54000,"AP0000011",2833675759.0586,2833.6757590586,4349.27264601248,"Reunion"
-84,-55000,"AP0000025",2832076897.57542,2832.07689757542,4349.27264601248,"Reunion"
-83,-56000,"AP0000036",2830878021.60933,2830.87802160933,4349.27264601248,"Reunion"
-82,-57000,"AP0000034",2827283468.02489,2827.28346802489,4349.27264601248,"Reunion"
-80,-58000,"AP0000033",2824485162.71516,2824.48516271516,4349.27264601248,"Reunion"
-79,-59000,"AP0000027",2822285356.93199,2822.28535693199,4349.27264601248,"Reunion"
-78,-60000,"AP0000032",2820286760.33978,2820.28676033978,4349.27264601248,"Reunion"
-77,-61000,"AP0000037",2818289259.14647,2818.28925914647,4349.27264601248,"Reunion"
-77,-62000,"AP0000037",2818289259.14647,2818.28925914647,4349.27264601248,"Reunion"
-77,-63000,"AP0000037",2818289259.14647,2818.28925914647,4349.27264601248,"Reunion"
-78,-64000,"AP0000032",2820286760.33978,2820.28676033978,4349.27264601248,"Reunion"
-79,-65000,"AP0000027",2822285356.93199,2822.28535693199,4349.27264601248,"Reunion"
-81,-66000,"AP0000026",2825484096.27634,2825.48409627634,4349.27264601248,"Reunion"
-82,-67000,"AP0000034",2827283468.02489,2827.28346802489,4349.27264601248,"Reunion"
-82,-68000,"AP0000034",2827283468.02489,2827.28346802489,4349.27264601248,"Reunion"
-81,-69000,"AP0000026",2825484096.27634,2825.48409627634,4349.27264601248,"Reunion"
-80,-70000,"AP0000033",2824485162.71516,2824.48516271516,4349.27264601248,"Reunion"
-81,-71000,"AP0000026",2825484096.27634,2825.48409627634,4349.27264601248,"Reunion"
-83,-72000,"AP0000036",2830878021.60933,2830.87802160933,4349.27264601248,"Reunion"
-72,-73000,"AP0000030",2810296030.73033,2810.29603073033,4349.27264601248,"Reunion"
-48,-74000,"AP0000038",2747556881.54182,2747.55688154182,4349.27264601248,"Reunion"
-29,-75000,"AP0000039",2682860061.71453,2682.86006171453,4349.27264601248,"Reunion"
-20,-76000,"AP0000040",2613355772.55201,2613.35577255201,4349.27264601248,"Reunion"
-17,-77000,"AP0000041",2595180783.59673,2595.18078359673,4349.27264601248,"Reunion"
-15,-78000,"AP0000042",2580200884.21784,2580.20088421784,4349.27264601248,"Reunion"
-14,-79000,"AP0000043",2575407630.56171,2575.40763056171,4349.27264601248,"Reunion"
-13,-80000,"AP0000044",2570015134.55138,2570.01513455138,4349.27264601248,"Reunion"
-12,-81000,"AP0000045",2565222190.0203,2565.2221900203,4349.27264601248,"Reunion"
-12,-82000,"AP0000045",2565222190.0203,2565.2221900203,4349.27264601248,"Reunion"
-13,-83000,"AP0000044",2570015134.55138,2570.01513455138,4349.27264601248,"Reunion"
-15,-84000,"AP0000042",2580200884.21784,2580.20088421784,4349.27264601248,"Reunion"
-19,-85000,"AP0000046",2607962808.29636,2607.96280829636,4349.27264601248,"Reunion"
-26,-86000,"AP0000047",2653101154.48147,2653.10115448147,4349.27264601248,"Reunion"
-34,-87000,"AP0000048",2717008519.79816,2717.00851979816,4349.27264601248,"Reunion"
-43,-88000,"AP0000049",2744758907.17707,2744.75890717707,4349.27264601248,"Reunion"
-49,-89000,"AP0000050",2747756874.17006,2747.75687417006,4349.27264601248,"Reunion"
-52,-90000,"AP0000008",2749356420.90662,2749.35642090662,4349.27264601248,"Reunion"
-54,-91000,"AP0000051",2751552391.7035,2751.5523917035,4349.27264601248,"Reunion"
-55,-92000,"AP0000052",2753751293.45835,2753.75129345836,4349.27264601248,"Reunion"
-55,-93000,"AP0000052",2753751293.45835,2753.75129345836,4349.27264601248,"Reunion"
-56,-94000,"AP0000053",2755749019.88518,2755.74901988518,4349.27264601248,"Reunion"
-54,-95000,"AP0000051",2751552391.7035,2751.5523917035,4349.27264601248,"Reunion"
-46,-96000,"AP0000054",2746357346.40899,2746.35734640899,4349.27264601248,"Reunion"
-35,-97000,"AP0000055",2722598993.50227,2722.59899350227,4349.27264601248,"Reunion"
-24,-98000,"AP0000006",2638720383.74534,2638.72038374534,4349.27264601248,"Reunion"
-16,-99000,"AP0000056",2588787423.78543,2588.78742378543,4349.27264601248,"Reunion"
-12,-1e+05,"AP0000045",2565222190.0203,2565.2221900203,4349.27264601248,"Reunion"
-10,-101000,"AP0000057",2555636476.66168,2555.63647666168,4349.27264601248,"Reunion"
-10,-102000,"AP0000057",2555636476.66168,2555.63647666168,4349.27264601248,"Reunion"
-9,-103000,"AP0000058",2548047114.05707,2548.04711405707,4349.27264601248,"Reunion"
-8,-104000,"AP0000059",2541855305.9709,2541.8553059709,4349.27264601248,"Reunion"
-10,-105000,"AP0000057",2555636476.66168,2555.63647666168,4349.27264601248,"Reunion"
-16,-106000,"AP0000056",2588787423.78543,2588.78742378543,4349.27264601248,"Reunion"
-26,-107000,"AP0000047",2653101154.48147,2653.10115448147,4349.27264601248,"Reunion"
-31,-108000,"AP0000060",2700434402.65406,2700.43440265406,4349.27264601248,"Reunion"
-33,-109000,"AP0000061",2712216530.28208,2712.21653028208,4349.27264601248,"Reunion"
-33,-110000,"AP0000061",2712216530.28208,2712.21653028208,4349.27264601248,"Reunion"
-32,-111000,"AP0000062",2705824802.75981,2705.82480275981,4349.27264601248,"Reunion"
-32,-112000,"AP0000062",2705824802.75981,2705.82480275981,4349.27264601248,"Reunion"
-27,-113000,"AP0000063",2662887837.36322,2662.88783736322,4349.27264601248,"Reunion"
-16,-114000,"AP0000056",2588787423.78543,2588.78742378543,4349.27264601248,"Reunion"
-6,-115000,"AP0000064",2529671274.09562,2529.67127409562,4349.27264601248,"Reunion"
0,-116000,"AP0000000",2494929406.26121,2494.92940626121,4349.27264601248,"Reunion"
3,-117000,"AP0000065",2482149705.07049,2482.14970507049,4349.27264601248,"Reunion"
5,-118000,"AP0000066",2462980767.81997,2462.98076781997,4349.27264601248,"Reunion"
7,-119000,"AP0000067",2433625896.18001,2433.62589618001,4349.27264601248,"Reunion"
9,-120000,"AP0000068",2409263067.98914,2409.26306798914,4349.27264601248,"Reunion"
10,-121000,"AP0000069",2396083112.05153,2396.08311205153,4349.27264601248,"Reunion"
10,-122000,"AP0000069",2396083112.05153,2396.08311205153,4349.27264601248,"Reunion"
10,-123000,"AP0000069",2396083112.05153,2396.08311205153,4349.27264601248,"Reunion"
9,-124000,"AP0000068",2409263067.98914,2409.26306798914,4349.27264601248,"Reunion"
9,-125000,"AP0000068",2409263067.98914,2409.26306798914,4349.27264601248,"Reunion"
10,-126000,"AP0000069",2396083112.05153,2396.08311205153,4349.27264601248,"Reunion"
12,-127000,"AP0000070",2371918386.33658,2371.91838633658,4349.27264601248,"Reunion"
10,-128000,"AP0000069",2396083112.05153,2396.08311205153,4349.27264601248,"Reunion"
-3,-129000,"AP0000003",2513699012.23274,2513.69901223274,4349.27264601248,"Reunion"
-27,-130000,"AP0000063",2662887837.36322,2662.88783736322,4349.27264601248,"Reunion"
-28,-131000,"AP0000071",2673871782.87559,2673.87178287559,4349.27264601248,"Reunion"
-26,-132000,"AP0000047",2653101154.48147,2653.10115448147,4349.27264601248,"Reunion"
-24,-133000,"AP0000006",2638720383.74534,2638.72038374534,4349.27264601248,"Reunion"
-22,-134000,"AP0000072",2625740565.63706,2625.74056563706,4349.27264601248,"Reunion"
-20,-135000,"AP0000040",2613355772.55201,2613.35577255201,4349.27264601248,"Reunion"
-18,-136000,"AP0000073",2602569950.57978,2602.56995057978,4349.27264601248,"Reunion"
-19,-137000,"AP0000046",2607962808.29636,2607.96280829636,4349.27264601248,"Reunion"
-22,-138000,"AP0000072",2625740565.63706,2625.74056563706,4349.27264601248,"Reunion"
-28,-139000,"AP0000071",2673871782.87559,2673.87178287559,4349.27264601248,"Reunion"
-44,-140000,"AP0000074",2744958790.59041,2744.95879059041,4349.27264601248,"Reunion"
0,0,"AP0000000",139816801.622932,139.816801622932,1726.21885489218,"Rodrigues"
-1,-1000,"AP0000001",145256945.080398,145.256945080398,1726.21885489218,"Rodrigues"
-2,-2000,"AP0000002",156741858.459289,156.741858459289,1726.21885489218,"Rodrigues"
-3,-3000,"AP0000003",264949488.276492,264.949488276492,1726.21885489218,"Rodrigues"
-3,-4000,"AP0000003",264949488.276492,264.949488276492,1726.21885489218,"Rodrigues"
-3,-5000,"AP0000003",264949488.276492,264.949488276492,1726.21885489218,"Rodrigues"
-4,-6000,"AP0000004",280259790.491052,280.259790491052,1726.21885489218,"Rodrigues"
-4,-7000,"AP0000004",280259790.491052,280.259790491052,1726.21885489218,"Rodrigues"
-11,-8000,"AP0000005",320958226.209355,320.958226209355,1726.21885489218,"Rodrigues"
-24,-9000,"AP0000006",371129067.157606,371.129067157606,1726.21885489218,"Rodrigues"
-38,-10000,"AP0000007",447091589.579334,447.091589579334,1726.21885489218,"Rodrigues"
-52,-11000,"AP0000008",581882479.05733,581.88247905733,1726.21885489218,"Rodrigues"
-65,-12000,"AP0000009",803305726.059425,803.305726059425,1726.21885489218,"Rodrigues"
-76,-13000,"AP0000010",902247182.078222,902.247182078222,1726.21885489218,"Rodrigues"
-85,-14000,"AP0000011",933876506.157588,933.876506157588,1726.21885489218,"Rodrigues"
-93,-15000,"AP0000012",959458779.11196,959.45877911196,1726.21885489218,"Rodrigues"
-102,-16000,"AP0000013",987458328.513223,987.458328513223,1726.21885489218,"Rodrigues"
-109,-17000,"AP0000014",1011426266.02217,1011.42626602217,1726.21885489218,"Rodrigues"
-116,-18000,"AP0000015",1027541436.74872,1027.54143674872,1726.21885489218,"Rodrigues"
-121,-19000,"AP0000016",1044054805.48214,1044.05480548214,1726.21885489218,"Rodrigues"
-123,-20000,"AP0000017",1049291506.74468,1049.29150674468,1726.21885489218,"Rodrigues"
-122,-21000,"AP0000018",1047075923.50699,1047.07592350699,1726.21885489218,"Rodrigues"
-118,-22000,"AP0000019",1033984830.24982,1033.98483024982,1726.21885489218,"Rodrigues"
-112,-23000,"AP0000020",1019081053.22931,1019.08105322931,1726.21885489218,"Rodrigues"
-105,-24000,"AP0000021",996924206.259098,996.924206259098,1726.21885489218,"Rodrigues"
-98,-25000,"AP0000022",975773889.204391,975.773889204391,1726.21885489218,"Rodrigues"
-93,-26000,"AP0000012",959458779.11196,959.45877911196,1726.21885489218,"Rodrigues"
-90,-27000,"AP0000023",950596175.646059,950.596175646059,1726.21885489218,"Rodrigues"
-87,-28000,"AP0000024",940322574.499676,940.322574499676,1726.21885489218,"Rodrigues"
-84,-29000,"AP0000025",929847943.623304,929.847943623304,1726.21885489218,"Rodrigues"
-81,-30000,"AP0000026",921587055.086839,921.587055086839,1726.21885489218,"Rodrigues"
-79,-31000,"AP0000027",912521788.249639,912.521788249639,1726.21885489218,"Rodrigues"
-76,-32000,"AP0000010",902247182.078222,902.247182078222,1726.21885489218,"Rodrigues"
-75,-33000,"AP0000028",897008880.151333,897.008880151333,1726.21885489218,"Rodrigues"
-73,-34000,"AP0000029",887943409.159114,887.943409159114,1726.21885489218,"Rodrigues"
-72,-35000,"AP0000030",882300443.442132,882.300443442132,1726.21885489218,"Rodrigues"
-72,-36000,"AP0000030",882300443.442132,882.300443442132,1726.21885489218,"Rodrigues"
-72,-37000,"AP0000030",882300443.442132,882.300443442132,1726.21885489218,"Rodrigues"
-72,-38000,"AP0000030",882300443.442132,882.300443442132,1726.21885489218,"Rodrigues"
-74,-39000,"AP0000031",892375975.549145,892.375975549145,1726.21885489218,"Rodrigues"
-76,-40000,"AP0000010",902247182.078222,902.247182078222,1726.21885489218,"Rodrigues"
-78,-41000,"AP0000032",910305691.658863,910.305691658863,1726.21885489218,"Rodrigues"
-80,-42000,"AP0000033",918565265.676129,918.565265676129,1726.21885489218,"Rodrigues"
-82,-43000,"AP0000034",925416046.818397,925.416046818397,1726.21885489218,"Rodrigues"
-84,-44000,"AP0000025",929847943.623304,929.847943623304,1726.21885489218,"Rodrigues"
-85,-45000,"AP0000011",933876506.157588,933.876506157588,1726.21885489218,"Rodrigues"
-86,-46000,"AP0000035",937300870.543817,937.300870543817,1726.21885489218,"Rodrigues"
-86,-47000,"AP0000035",937300870.543817,937.300870543817,1726.21885489218,"Rodrigues"
-86,-48000,"AP0000035",937300870.543817,937.300870543817,1726.21885489218,"Rodrigues"
-86,-49000,"AP0000035",937300870.543817,937.300870543817,1726.21885489218,"Rodrigues"
-86,-50000,"AP0000035",937300870.543817,937.300870543817,1726.21885489218,"Rodrigues"
-86,-51000,"AP0000035",937300870.543817,937.300870543817,1726.21885489218,"Rodrigues"
-85,-52000,"AP0000011",933876506.157588,933.876506157588,1726.21885489218,"Rodrigues"
-85,-53000,"AP0000011",933876506.157588,933.876506157588,1726.21885489218,"Rodrigues"
-85,-54000,"AP0000011",933876506.157588,933.876506157588,1726.21885489218,"Rodrigues"
-84,-55000,"AP0000025",929847943.623304,929.847943623304,1726.21885489218,"Rodrigues"
-83,-56000,"AP0000036",927834178.221505,927.834178221505,1726.21885489218,"Rodrigues"
-82,-57000,"AP0000034",925416046.818397,925.416046818397,1726.21885489218,"Rodrigues"
-80,-58000,"AP0000033",918565265.676129,918.565265676129,1726.21885489218,"Rodrigues"
-79,-59000,"AP0000027",912521788.249639,912.521788249639,1726.21885489218,"Rodrigues"
-78,-60000,"AP0000032",910305691.658863,910.305691658863,1726.21885489218,"Rodrigues"
-77,-61000,"AP0000037",905873352.690735,905.873352690735,1726.21885489218,"Rodrigues"
-77,-62000,"AP0000037",905873352.690735,905.873352690735,1726.21885489218,"Rodrigues"
-77,-63000,"AP0000037",905873352.690735,905.873352690735,1726.21885489218,"Rodrigues"
-78,-64000,"AP0000032",910305691.658863,910.305691658863,1726.21885489218,"Rodrigues"
-79,-65000,"AP0000027",912521788.249639,912.521788249639,1726.21885489218,"Rodrigues"
-81,-66000,"AP0000026",921587055.086839,921.587055086839,1726.21885489218,"Rodrigues"
-82,-67000,"AP0000034",925416046.818397,925.416046818397,1726.21885489218,"Rodrigues"
-82,-68000,"AP0000034",925416046.818397,925.416046818397,1726.21885489218,"Rodrigues"
-81,-69000,"AP0000026",921587055.086839,921.587055086839,1726.21885489218,"Rodrigues"
-80,-70000,"AP0000033",918565265.676129,918.565265676129,1726.21885489218,"Rodrigues"
-81,-71000,"AP0000026",921587055.086839,921.587055086839,1726.21885489218,"Rodrigues"
-83,-72000,"AP0000036",927834178.221505,927.834178221505,1726.21885489218,"Rodrigues"
-72,-73000,"AP0000030",882300443.442132,882.300443442132,1726.21885489218,"Rodrigues"
-48,-74000,"AP0000038",530504818.999321,530.504818999321,1726.21885489218,"Rodrigues"
-29,-75000,"AP0000039",391482510.267762,391.482510267762,1726.21885489218,"Rodrigues"
-20,-76000,"AP0000040",355816186.857273,355.816186857273,1726.21885489218,"Rodrigues"
-17,-77000,"AP0000041",342920600.292402,342.920600292402,1726.21885489218,"Rodrigues"
-15,-78000,"AP0000042",335264074.282373,335.264074282373,1726.21885489218,"Rodrigues"
-14,-79000,"AP0000043",331436307.03297,331.43630703297,1726.21885489218,"Rodrigues"
-13,-80000,"AP0000044",328413734.966227,328.413734966227,1726.21885489218,"Rodrigues"
-12,-81000,"AP0000045",324182397.033582,324.182397033582,1726.21885489218,"Rodrigues"
-12,-82000,"AP0000045",324182397.033582,324.182397033582,1726.21885489218,"Rodrigues"
-13,-83000,"AP0000044",328413734.966227,328.413734966227,1726.21885489218,"Rodrigues"
-15,-84000,"AP0000042",335264074.282373,335.264074282373,1726.21885489218,"Rodrigues"
-19,-85000,"AP0000046",351786688.945976,351.786688945976,1726.21885489218,"Rodrigues"
-26,-86000,"AP0000047",377779889.160784,377.779889160784,1726.21885489218,"Rodrigues"
-34,-87000,"AP0000048",420899719.690887,420.899719690887,1726.21885489218,"Rodrigues"
-43,-88000,"AP0000049",481546318.763957,481.546318763957,1726.21885489218,"Rodrigues"
-49,-89000,"AP0000050",541385636.996714,541.385636996714,1726.21885489218,"Rodrigues"
-52,-90000,"AP0000008",581882479.05733,581.88247905733,1726.21885489218,"Rodrigues"
-54,-91000,"AP0000051",614921882.190132,614.921882190132,1726.21885489218,"Rodrigues"
-55,-92000,"AP0000052",637084541.857082,637.084541857082,1726.21885489218,"Rodrigues"
-55,-93000,"AP0000052",637084541.857082,637.084541857082,1726.21885489218,"Rodrigues"
-56,-94000,"AP0000053",654812143.490827,654.812143490827,1726.21885489218,"Rodrigues"
-54,-95000,"AP0000051",614921882.190132,614.921882190132,1726.21885489218,"Rodrigues"
-46,-96000,"AP0000054",507938473.816401,507.938473816401,1726.21885489218,"Rodrigues"
-35,-97000,"AP0000055",426138382.676486,426.138382676486,1726.21885489218,"Rodrigues"
-24,-98000,"AP0000006",371129067.157606,371.129067157606,1726.21885489218,"Rodrigues"
-16,-99000,"AP0000056",339495491.180622,339.495491180622,1726.21885489218,"Rodrigues"
-12,-1e+05,"AP0000045",324182397.033582,324.182397033582,1726.21885489218,"Rodrigues"
-10,-101000,"AP0000057",317533352.55376,317.53335255376,1726.21885489218,"Rodrigues"
-10,-102000,"AP0000057",317533352.55376,317.53335255376,1726.21885489218,"Rodrigues"
-9,-103000,"AP0000058",311487521.619274,311.487521619274,1726.21885489218,"Rodrigues"
-8,-104000,"AP0000059",306853336.599134,306.853336599134,1726.21885489218,"Rodrigues"
-10,-105000,"AP0000057",317533352.55376,317.53335255376,1726.21885489218,"Rodrigues"
-16,-106000,"AP0000056",339495491.180622,339.495491180622,1726.21885489218,"Rodrigues"
-26,-107000,"AP0000047",377779889.160784,377.779889160784,1726.21885489218,"Rodrigues"
-31,-108000,"AP0000060",402362662.663114,402.362662663114,1726.21885489218,"Rodrigues"
-33,-109000,"AP0000061",414451739.696832,414.451739696832,1726.21885489218,"Rodrigues"
-33,-110000,"AP0000061",414451739.696832,414.451739696832,1726.21885489218,"Rodrigues"
-32,-111000,"AP0000062",408005000.774369,408.005000774369,1726.21885489218,"Rodrigues"
-32,-112000,"AP0000062",408005000.774369,408.005000774369,1726.21885489218,"Rodrigues"
-27,-113000,"AP0000063",382414392.638334,382.414392638334,1726.21885489218,"Rodrigues"
-16,-114000,"AP0000056",339495491.180622,339.495491180622,1726.21885489218,"Rodrigues"
-6,-115000,"AP0000064",296981069.031646,296.981069031646,1726.21885489218,"Rodrigues"
0,-116000,"AP0000000",139816801.622932,139.816801622932,1726.21885489218,"Rodrigues"
3,-117000,"AP0000065",132767872.403788,132.767872403788,1726.21885489218,"Rodrigues"
5,-118000,"AP0000066",128537780.939648,128.537780939648,1726.21885489218,"Rodrigues"
7,-119000,"AP0000067",123300259.19041,123.30025919041,1726.21885489218,"Rodrigues"
9,-120000,"AP0000068",119876032.127022,119.876032127022,1726.21885489218,"Rodrigues"
10,-121000,"AP0000069",117459154.060901,117.459154060901,1726.21885489218,"Rodrigues"
10,-122000,"AP0000069",117459154.060901,117.459154060901,1726.21885489218,"Rodrigues"
10,-123000,"AP0000069",117459154.060901,117.459154060901,1726.21885489218,"Rodrigues"
9,-124000,"AP0000068",119876032.127022,119.876032127022,1726.21885489218,"Rodrigues"
9,-125000,"AP0000068",119876032.127022,119.876032127022,1726.21885489218,"Rodrigues"
10,-126000,"AP0000069",117459154.060901,117.459154060901,1726.21885489218,"Rodrigues"
12,-127000,"AP0000070",114840008.132998,114.840008132998,1726.21885489218,"Rodrigues"
10,-128000,"AP0000069",117459154.060901,117.459154060901,1726.21885489218,"Rodrigues"
-3,-129000,"AP0000003",264949488.276492,264.949488276492,1726.21885489218,"Rodrigues"
-27,-130000,"AP0000063",382414392.638334,382.414392638334,1726.21885489218,"Rodrigues"
-28,-131000,"AP0000071",387049406.633344,387.049406633344,1726.21885489218,"Rodrigues"
-26,-132000,"AP0000047",377779889.160784,377.779889160784,1726.21885489218,"Rodrigues"
-24,-133000,"AP0000006",371129067.157606,371.129067157606,1726.21885489218,"Rodrigues"
-22,-134000,"AP0000072",362465076.149401,362.465076149401,1726.21885489218,"Rodrigues"
-20,-135000,"AP0000040",355816186.857273,355.816186857273,1726.21885489218,"Rodrigues"
-18,-136000,"AP0000073",346950299.149518,346.950299149518,1726.21885489218,"Rodrigues"
-19,-137000,"AP0000046",351786688.945976,351.786688945976,1726.21885489218,"Rodrigues"
-22,-138000,"AP0000072",362465076.149401,362.465076149401,1726.21885489218,"Rodrigues"
-28,-139000,"AP0000071",387049406.633344,387.049406633344,1726.21885489218,"Rodrigues"
-44,-140000,"AP0000074",489202118.147361,489.202118147361,1726.21885489218,"Rodrigues"
0,0,"AP0000000",121135525.177281,121.135525177281,664.835368160431,"Saint_Helena"
-1,-1000,"AP0000001",122163785.876024,122.163785876024,664.835368160431,"Saint_Helena"
-2,-2000,"AP0000002",122780744.521207,122.780744521207,664.835368160431,"Saint_Helena"
-3,-3000,"AP0000003",124220264.358411,124.220264358411,664.835368160431,"Saint_Helena"
-3,-4000,"AP0000003",124220264.358411,124.220264358411,664.835368160431,"Saint_Helena"
-3,-5000,"AP0000003",124220264.358411,124.220264358411,664.835368160431,"Saint_Helena"
-4,-6000,"AP0000004",125042769.93976,125.04276993976,664.835368160431,"Saint_Helena"
-4,-7000,"AP0000004",125042769.93976,125.04276993976,664.835368160431,"Saint_Helena"
-11,-8000,"AP0000005",132446199.618587,132.446199618587,664.835368160431,"Saint_Helena"
-24,-9000,"AP0000006",144991568.169287,144.991568169287,664.835368160431,"Saint_Helena"
-38,-10000,"AP0000007",159592981.301007,159.592981301007,664.835368160431,"Saint_Helena"
-52,-11000,"AP0000008",179952481.080034,179.952481080034,664.835368160431,"Saint_Helena"
-65,-12000,"AP0000009",206273996.103967,206.273996103967,664.835368160431,"Saint_Helena"
-76,-13000,"AP0000010",237120514.48571,237.12051448571,664.835368160431,"Saint_Helena"
-85,-14000,"AP0000011",265084693.618585,265.084693618585,664.835368160431,"Saint_Helena"
-93,-15000,"AP0000012",283383337.737955,283.383337737955,664.835368160431,"Saint_Helena"
-102,-16000,"AP0000013",297366168.534293,297.366168534293,664.835368160431,"Saint_Helena"
-109,-17000,"AP0000014",303947465.256331,303.947465256331,664.835368160431,"Saint_Helena"
-116,-18000,"AP0000015",308883373.147947,308.883373147947,664.835368160431,"Saint_Helena"
-121,-19000,"AP0000016",312174411.501984,312.174411501984,664.835368160431,"Saint_Helena"
-123,-20000,"AP0000017",313202991.846121,313.202991846121,664.835368160431,"Saint_Helena"
-122,-21000,"AP0000018",312791471.546386,312.791471546386,664.835368160431,"Saint_Helena"
-118,-22000,"AP0000019",309911650.507435,309.911650507435,664.835368160431,"Saint_Helena"
-112,-23000,"AP0000020",305387222.285057,305.387222285057,664.835368160431,"Saint_Helena"
-105,-24000,"AP0000021",300039471.974836,300.039471974836,664.835368160431,"Saint_Helena"
-98,-25000,"AP0000022",292225239.895019,292.225239895019,664.835368160431,"Saint_Helena"
-93,-26000,"AP0000012",283383337.737955,283.383337737955,664.835368160431,"Saint_Helena"
-90,-27000,"AP0000023",277009633.06528,277.00963306528,664.835368160431,"Saint_Helena"
-87,-28000,"AP0000024",271458304.087569,271.458304087569,664.835368160431,"Saint_Helena"
-84,-29000,"AP0000025",261794824.864278,261.794824864278,664.835368160431,"Saint_Helena"
-81,-30000,"AP0000026",252747678.400301,252.747678400301,664.835368160431,"Saint_Helena"
-79,-31000,"AP0000027",245962530.851437,245.962530851437,664.835368160431,"Saint_Helena"
-76,-32000,"AP0000010",237120514.48571,237.12051448571,664.835368160431,"Saint_Helena"
-75,-33000,"AP0000028",233213561.557076,233.213561557076,664.835368160431,"Saint_Helena"
-73,-34000,"AP0000029",226016608.684075,226.016608684075,664.835368160431,"Saint_Helena"
-72,-35000,"AP0000030",223137565.2429,223.1375652429,664.835368160431,"Saint_Helena"
-72,-36000,"AP0000030",223137565.2429,223.1375652429,664.835368160431,"Saint_Helena"
-72,-37000,"AP0000030",223137565.2429,223.1375652429,664.835368160431,"Saint_Helena"
-72,-38000,"AP0000030",223137565.2429,223.1375652429,664.835368160431,"Saint_Helena"
-74,-39000,"AP0000031",229717717.233255,229.717717233255,664.835368160431,"Saint_Helena"
-76,-40000,"AP0000010",237120514.48571,237.12051448571,664.835368160431,"Saint_Helena"
-78,-41000,"AP0000032",244111781.443417,244.111781443417,664.835368160431,"Saint_Helena"
-80,-42000,"AP0000033",249047090.014535,249.047090014535,664.835368160431,"Saint_Helena"
-82,-43000,"AP0000034",256654564.765053,256.654564765053,664.835368160431,"Saint_Helena"
-84,-44000,"AP0000025",261794824.864278,261.794824864278,664.835368160431,"Saint_Helena"
-85,-45000,"AP0000011",265084693.618585,265.084693618585,664.835368160431,"Saint_Helena"
-86,-46000,"AP0000035",267140603.190855,267.140603190855,664.835368160431,"Saint_Helena"
-86,-47000,"AP0000035",267140603.190855,267.140603190855,664.835368160431,"Saint_Helena"
-86,-48000,"AP0000035",267140603.190855,267.140603190855,664.835368160431,"Saint_Helena"
-86,-49000,"AP0000035",267140603.190855,267.140603190855,664.835368160431,"Saint_Helena"
-86,-50000,"AP0000035",267140603.190855,267.140603190855,664.835368160431,"Saint_Helena"
-86,-51000,"AP0000035",267140603.190855,267.140603190855,664.835368160431,"Saint_Helena"
-85,-52000,"AP0000011",265084693.618585,265.084693618585,664.835368160431,"Saint_Helena"
-85,-53000,"AP0000011",265084693.618585,265.084693618585,664.835368160431,"Saint_Helena"
-85,-54000,"AP0000011",265084693.618585,265.084693618585,664.835368160431,"Saint_Helena"
-84,-55000,"AP0000025",261794824.864278,261.794824864278,664.835368160431,"Saint_Helena"
-83,-56000,"AP0000036",259121840.276584,259.121840276584,664.835368160431,"Saint_Helena"
-82,-57000,"AP0000034",256654564.765053,256.654564765053,664.835368160431,"Saint_Helena"
-80,-58000,"AP0000033",249047090.014535,249.047090014535,664.835368160431,"Saint_Helena"
-79,-59000,"AP0000027",245962530.851437,245.962530851437,664.835368160431,"Saint_Helena"
-78,-60000,"AP0000032",244111781.443417,244.111781443417,664.835368160431,"Saint_Helena"
-77,-61000,"AP0000037",240821812.623213,240.821812623213,664.835368160431,"Saint_Helena"
-77,-62000,"AP0000037",240821812.623213,240.821812623213,664.835368160431,"Saint_Helena"
-77,-63000,"AP0000037",240821812.623213,240.821812623213,664.835368160431,"Saint_Helena"
-78,-64000,"AP0000032",244111781.443417,244.111781443417,664.835368160431,"Saint_Helena"
-79,-65000,"AP0000027",245962530.851437,245.962530851437,664.835368160431,"Saint_Helena"
-81,-66000,"AP0000026",252747678.400301,252.747678400301,664.835368160431,"Saint_Helena"
-82,-67000,"AP0000034",256654564.765053,256.654564765053,664.835368160431,"Saint_Helena"
-82,-68000,"AP0000034",256654564.765053,256.654564765053,664.835368160431,"Saint_Helena"
-81,-69000,"AP0000026",252747678.400301,252.747678400301,664.835368160431,"Saint_Helena"
-80,-70000,"AP0000033",249047090.014535,249.047090014535,664.835368160431,"Saint_Helena"
-81,-71000,"AP0000026",252747678.400301,252.747678400301,664.835368160431,"Saint_Helena"
-83,-72000,"AP0000036",259121840.276584,259.121840276584,664.835368160431,"Saint_Helena"
-72,-73000,"AP0000030",223137565.2429,223.1375652429,664.835368160431,"Saint_Helena"
-48,-74000,"AP0000038",173783089.69349,173.78308969349,664.835368160431,"Saint_Helena"
-29,-75000,"AP0000039",149515862.013907,149.515862013907,664.835368160431,"Saint_Helena"
-20,-76000,"AP0000040",142318101.089393,142.318101089393,664.835368160431,"Saint_Helena"
-17,-77000,"AP0000041",139027497.538386,139.027497538386,664.835368160431,"Saint_Helena"
-15,-78000,"AP0000042",136765267.667102,136.765267667102,664.835368160431,"Saint_Helena"
-14,-79000,"AP0000043",135942610.399469,135.942610399469,664.835368160431,"Saint_Helena"
-13,-80000,"AP0000044",134502635.105408,134.502635105408,664.835368160431,"Saint_Helena"
-12,-81000,"AP0000045",134091331.267034,134.091331267034,664.835368160431,"Saint_Helena"
-12,-82000,"AP0000045",134091331.267034,134.091331267034,664.835368160431,"Saint_Helena"
-13,-83000,"AP0000044",134502635.105408,134.502635105408,664.835368160431,"Saint_Helena"
-15,-84000,"AP0000042",136765267.667102,136.765267667102,664.835368160431,"Saint_Helena"
-19,-85000,"AP0000046",140878292.207856,140.878292207856,664.835368160431,"Saint_Helena"
-26,-86000,"AP0000047",147253671.115996,147.253671115996,664.835368160431,"Saint_Helena"
-34,-87000,"AP0000048",155274217.318805,155.274217318805,664.835368160431,"Saint_Helena"
-43,-88000,"AP0000049",166996732.31646,166.99673231646,664.835368160431,"Saint_Helena"
-49,-89000,"AP0000050",175428253.844126,175.428253844126,664.835368160431,"Saint_Helena"
-52,-90000,"AP0000008",179952481.080034,179.952481080034,664.835368160431,"Saint_Helena"
-54,-91000,"AP0000051",183242635.892862,183.242635892862,664.835368160431,"Saint_Helena"
-55,-92000,"AP0000052",185093510.764541,185.093510764541,664.835368160431,"Saint_Helena"
-55,-93000,"AP0000052",185093510.764541,185.093510764541,664.835368160431,"Saint_Helena"
-56,-94000,"AP0000053",187149773.173442,187.149773173442,664.835368160431,"Saint_Helena"
-54,-95000,"AP0000051",183242635.892862,183.242635892862,664.835368160431,"Saint_Helena"
-46,-96000,"AP0000054",171109727.579905,171.109727579905,664.835368160431,"Saint_Helena"
-35,-97000,"AP0000055",156096964.652289,156.096964652289,664.835368160431,"Saint_Helena"
-24,-98000,"AP0000006",144991568.169287,144.991568169287,664.835368160431,"Saint_Helena"
-16,-99000,"AP0000056",137999264.075633,137.999264075633,664.835368160431,"Saint_Helena"
-12,-1e+05,"AP0000045",134091331.267034,134.091331267034,664.835368160431,"Saint_Helena"
-10,-101000,"AP0000057",131212328.014976,131.212328014976,664.835368160431,"Saint_Helena"
-10,-102000,"AP0000057",131212328.014976,131.212328014976,664.835368160431,"Saint_Helena"
-9,-103000,"AP0000058",131006673.096768,131.006673096768,664.835368160431,"Saint_Helena"
-8,-104000,"AP0000059",130389814.682248,130.389814682248,664.835368160431,"Saint_Helena"
-10,-105000,"AP0000057",131212328.014976,131.212328014976,664.835368160431,"Saint_Helena"
-16,-106000,"AP0000056",137999264.075633,137.999264075633,664.835368160431,"Saint_Helena"
-26,-107000,"AP0000047",147253671.115996,147.253671115996,664.835368160431,"Saint_Helena"
-31,-108000,"AP0000060",151777993.912857,151.777993912857,664.835368160431,"Saint_Helena"
-33,-109000,"AP0000061",154657242.549691,154.657242549691,664.835368160431,"Saint_Helena"
-33,-110000,"AP0000061",154657242.549691,154.657242549691,664.835368160431,"Saint_Helena"
-32,-111000,"AP0000062",154040192.850828,154.040192850828,664.835368160431,"Saint_Helena"
-32,-112000,"AP0000062",154040192.850828,154.040192850828,664.835368160431,"Saint_Helena"
-27,-113000,"AP0000063",148281897.8429,148.2818978429,664.835368160431,"Saint_Helena"
-16,-114000,"AP0000056",137999264.075633,137.999264075633,664.835368160431,"Saint_Helena"
-6,-115000,"AP0000064",126687995.491722,126.687995491722,664.835368160431,"Saint_Helena"
0,-116000,"AP0000000",121135525.177281,121.135525177281,664.835368160431,"Saint_Helena"
3,-117000,"AP0000065",120929903.697213,120.929903697213,664.835368160431,"Saint_Helena"
5,-118000,"AP0000066",120518656.203891,120.518656203891,664.835368160431,"Saint_Helena"
7,-119000,"AP0000067",120313040.509947,120.313040509947,664.835368160431,"Saint_Helena"
9,-120000,"AP0000068",120313040.509947,120.313040509947,664.835368160431,"Saint_Helena"
10,-121000,"AP0000069",120313040.509947,120.313040509947,664.835368160431,"Saint_Helena"
10,-122000,"AP0000069",120313040.509947,120.313040509947,664.835368160431,"Saint_Helena"
10,-123000,"AP0000069",120313040.509947,120.313040509947,664.835368160431,"Saint_Helena"
9,-124000,"AP0000068",120313040.509947,120.313040509947,664.835368160431,"Saint_Helena"
9,-125000,"AP0000068",120313040.509947,120.313040509947,664.835368160431,"Saint_Helena"
10,-126000,"AP0000069",120313040.509947,120.313040509947,664.835368160431,"Saint_Helena"
12,-127000,"AP0000070",120107423.214448,120.107423214448,664.835368160431,"Saint_Helena"
10,-128000,"AP0000069",120313040.509947,120.313040509947,664.835368160431,"Saint_Helena"
-3,-129000,"AP0000003",124220264.358411,124.220264358411,664.835368160431,"Saint_Helena"
-27,-130000,"AP0000063",148281897.8429,148.2818978429,664.835368160431,"Saint_Helena"
-28,-131000,"AP0000071",148693288.235962,148.693288235962,664.835368160431,"Saint_Helena"
-26,-132000,"AP0000047",147253671.115996,147.253671115996,664.835368160431,"Saint_Helena"
-24,-133000,"AP0000006",144991568.169287,144.991568169287,664.835368160431,"Saint_Helena"
-22,-134000,"AP0000072",143346424.201539,143.346424201539,664.835368160431,"Saint_Helena"
-20,-135000,"AP0000040",142318101.089393,142.318101089393,664.835368160431,"Saint_Helena"
-18,-136000,"AP0000073",139644441.558333,139.644441558333,664.835368160431,"Saint_Helena"
-19,-137000,"AP0000046",140878292.207856,140.878292207856,664.835368160431,"Saint_Helena"
-22,-138000,"AP0000072",143346424.201539,143.346424201539,664.835368160431,"Saint_Helena"
-28,-139000,"AP0000071",148693288.235962,148.693288235962,664.835368160431,"Saint_Helena"
-44,-140000,"AP0000074",168847385.35717,168.84738535717,664.835368160431,"Saint_Helena"
0,0,"AP0000000",3189197019.5118,3189.1970195118,39504.827519265,"Samoa"
-1,-1000,"AP0000001",3350766341.53214,3350.76634153213,39504.827519265,"Samoa"
-2,-2000,"AP0000002",3365310683.81544,3365.31068381544,39504.827519265,"Samoa"
-3,-3000,"AP0000003",3375271783.50922,3375.27178350922,39504.827519265,"Samoa"
-3,-4000,"AP0000003",3375271783.50922,3375.27178350922,39504.827519265,"Samoa"
-3,-5000,"AP0000003",3375271783.50922,3375.27178350922,39504.827519265,"Samoa"
-4,-6000,"AP0000004",3382537309.28541,3382.53730928541,39504.827519265,"Samoa"
-4,-7000,"AP0000004",3382537309.28541,3382.53730928541,39504.827519265,"Samoa"
-11,-8000,"AP0000005",3442738888.94862,3442.73888894862,39504.827519265,"Samoa"
-24,-9000,"AP0000006",3633124042.84214,3633.12404284214,39504.827519265,"Samoa"
-38,-10000,"AP0000007",3854024527.17311,3854.02452717311,39504.827519265,"Samoa"
-52,-11000,"AP0000008",4113249089.02437,4113.24908902437,39504.827519265,"Samoa"
-65,-12000,"AP0000009",4383208393.25862,4383.20839325862,39504.827519265,"Samoa"
-76,-13000,"AP0000010",4581026952.51661,4581.02695251661,39504.827519265,"Samoa"
-85,-14000,"AP0000011",4718669366.39579,4718.66936639579,39504.827519265,"Samoa"
-93,-15000,"AP0000012",4817302214.28321,4817.30221428321,39504.827519265,"Samoa"
-102,-16000,"AP0000013",4900572527.74339,4900.57252774339,39504.827519265,"Samoa"
-109,-17000,"AP0000014",5082502089.47979,5082.50208947979,39504.827519265,"Samoa"
-116,-18000,"AP0000015",5133569499.2267,5133.5694992267,39504.827519265,"Samoa"
-121,-19000,"AP0000016",5150388439.92413,5150.38843992413,39504.827519265,"Samoa"
-123,-20000,"AP0000017",5157024634.10153,5157.02463410153,39504.827519265,"Samoa"
-122,-21000,"AP0000018",5154117883.50209,5154.11788350209,39504.827519265,"Samoa"
-118,-22000,"AP0000019",5137307098.52299,5137.30709852299,39504.827519265,"Samoa"
-112,-23000,"AP0000020",5095159753.22053,5095.15975322053,39504.827519265,"Samoa"
-105,-24000,"AP0000021",4919677139.71373,4919.67713971373,39504.827519265,"Samoa"
-98,-25000,"AP0000022",4857585817.3483,4857.5858173483,39504.827519265,"Samoa"
-93,-26000,"AP0000012",4817302214.28321,4817.30221428321,39504.827519265,"Samoa"
-90,-27000,"AP0000023",4793424760.96817,4793.42476096817,39504.827519265,"Samoa"
-87,-28000,"AP0000024",4745041144.23668,4745.04114423668,39504.827519265,"Samoa"
-84,-29000,"AP0000025",4705172309.76101,4705.17230976101,39504.827519265,"Samoa"
-81,-30000,"AP0000026",4660118330.91207,4660.11833091207,39504.827519265,"Samoa"
-79,-31000,"AP0000027",4622962855.15035,4622.96285515035,39504.827519265,"Samoa"
-76,-32000,"AP0000010",4581026952.51661,4581.02695251661,39504.827519265,"Samoa"
-75,-33000,"AP0000028",4561927225.40095,4561.92722540095,39504.827519265,"Samoa"
-73,-34000,"AP0000029",4533065962.85958,4533.06596285958,39504.827519265,"Samoa"
-72,-35000,"AP0000030",4508591123.27131,4508.59112327131,39504.827519265,"Samoa"
-72,-36000,"AP0000030",4508591123.27131,4508.59112327131,39504.827519265,"Samoa"
-72,-37000,"AP0000030",4508591123.27131,4508.59112327131,39504.827519265,"Samoa"
-72,-38000,"AP0000030",4508591123.27131,4508.59112327131,39504.827519265,"Samoa"
-74,-39000,"AP0000031",4547184665.1554,4547.1846651554,39504.827519265,"Samoa"
-76,-40000,"AP0000010",4581026952.51661,4581.02695251661,39504.827519265,"Samoa"
-78,-41000,"AP0000032",4607805997.74359,4607.80599774359,39504.827519265,"Samoa"
-80,-42000,"AP0000033",4638533427.72258,4638.53342772257,39504.827519265,"Samoa"
-82,-43000,"AP0000034",4675899037.06343,4675.89903706343,39504.827519265,"Samoa"
-84,-44000,"AP0000025",4705172309.76101,4705.17230976101,39504.827519265,"Samoa"
-85,-45000,"AP0000011",4718669366.39579,4718.66936639579,39504.827519265,"Samoa"
-86,-46000,"AP0000035",4730504379.80588,4730.50437980588,39504.827519265,"Samoa"
-86,-47000,"AP0000035",4730504379.80588,4730.50437980588,39504.827519265,"Samoa"
-86,-48000,"AP0000035",4730504379.80588,4730.50437980588,39504.827519265,"Samoa"
-86,-49000,"AP0000035",4730504379.80588,4730.50437980588,39504.827519265,"Samoa"
-86,-50000,"AP0000035",4730504379.80588,4730.50437980588,39504.827519265,"Samoa"
-86,-51000,"AP0000035",4730504379.80588,4730.50437980588,39504.827519265,"Samoa"
-85,-52000,"AP0000011",4718669366.39579,4718.66936639579,39504.827519265,"Samoa"
-85,-53000,"AP0000011",4718669366.39579,4718.66936639579,39504.827519265,"Samoa"
-85,-54000,"AP0000011",4718669366.39579,4718.66936639579,39504.827519265,"Samoa"
-84,-55000,"AP0000025",4705172309.76101,4705.17230976101,39504.827519265,"Samoa"
-83,-56000,"AP0000036",4694169912.83929,4694.16991283929,39504.827519265,"Samoa"
-82,-57000,"AP0000034",4675899037.06343,4675.89903706343,39504.827519265,"Samoa"
-80,-58000,"AP0000033",4638533427.72258,4638.53342772257,39504.827519265,"Samoa"
-79,-59000,"AP0000027",4622962855.15035,4622.96285515035,39504.827519265,"Samoa"
-78,-60000,"AP0000032",4607805997.74359,4607.80599774359,39504.827519265,"Samoa"
-77,-61000,"AP0000037",4595141892.19096,4595.14189219096,39504.827519265,"Samoa"
-77,-62000,"AP0000037",4595141892.19096,4595.14189219096,39504.827519265,"Samoa"
-77,-63000,"AP0000037",4595141892.19096,4595.14189219096,39504.827519265,"Samoa"
-78,-64000,"AP0000032",4607805997.74359,4607.80599774359,39504.827519265,"Samoa"
-79,-65000,"AP0000027",4622962855.15035,4622.96285515035,39504.827519265,"Samoa"
-81,-66000,"AP0000026",4660118330.91207,4660.11833091207,39504.827519265,"Samoa"
-82,-67000,"AP0000034",4675899037.06343,4675.89903706343,39504.827519265,"Samoa"
-82,-68000,"AP0000034",4675899037.06343,4675.89903706343,39504.827519265,"Samoa"
-81,-69000,"AP0000026",4660118330.91207,4660.11833091207,39504.827519265,"Samoa"
-80,-70000,"AP0000033",4638533427.72258,4638.53342772257,39504.827519265,"Samoa"
-81,-71000,"AP0000026",4660118330.91207,4660.11833091207,39504.827519265,"Samoa"
-83,-72000,"AP0000036",4694169912.83929,4694.16991283929,39504.827519265,"Samoa"
-72,-73000,"AP0000030",4508591123.27131,4508.59112327131,39504.827519265,"Samoa"
-48,-74000,"AP0000038",4027958470.78319,4027.95847078319,39504.827519265,"Samoa"
-29,-75000,"AP0000039",3706620040.29778,3706.62004029778,39504.827519265,"Samoa"
-20,-76000,"AP0000040",3574576174.9463,3574.5761749463,39504.827519265,"Samoa"
-17,-77000,"AP0000041",3522664730.68885,3522.66473068885,39504.827519265,"Samoa"
-15,-78000,"AP0000042",3502113872.40468,3502.11387240468,39504.827519265,"Samoa"
-14,-79000,"AP0000043",3490698518.95123,3490.69851895123,39504.827519265,"Samoa"
-13,-80000,"AP0000044",3481773168.27799,3481.77316827799,39504.827519265,"Samoa"
-12,-81000,"AP0000045",3455814908.54016,3455.81490854016,39504.827519265,"Samoa"
-12,-82000,"AP0000045",3455814908.54016,3455.81490854016,39504.827519265,"Samoa"
-13,-83000,"AP0000044",3481773168.27799,3481.77316827799,39504.827519265,"Samoa"
-15,-84000,"AP0000042",3502113872.40468,3502.11387240468,39504.827519265,"Samoa"
-19,-85000,"AP0000046",3559836114.48305,3559.83611448305,39504.827519265,"Samoa"
-26,-86000,"AP0000047",3664063429.51068,3664.06342951068,39504.827519265,"Samoa"
-34,-87000,"AP0000048",3775342181.4197,3775.3421814197,39504.827519265,"Samoa"
-43,-88000,"AP0000049",3933732838.14148,3933.73283814148,39504.827519265,"Samoa"
-49,-89000,"AP0000050",4045183221.17408,4045.18322117408,39504.827519265,"Samoa"
-52,-90000,"AP0000008",4113249089.02437,4113.24908902437,39504.827519265,"Samoa"
-54,-91000,"AP0000051",4159936989.75966,4159.93698975966,39504.827519265,"Samoa"
-55,-92000,"AP0000052",4181723183.80019,4181.72318380019,39504.827519265,"Samoa"
-55,-93000,"AP0000052",4181723183.80019,4181.72318380019,39504.827519265,"Samoa"
-56,-94000,"AP0000053",4201639790.83731,4201.63979083731,39504.827519265,"Samoa"
-54,-95000,"AP0000051",4159936989.75966,4159.93698975966,39504.827519265,"Samoa"
-46,-96000,"AP0000054",3986242784.20629,3986.24278420629,39504.827519265,"Samoa"
-35,-97000,"AP0000055",3790707018.88424,3790.70701888424,39504.827519265,"Samoa"
-24,-98000,"AP0000006",3633124042.84214,3633.12404284214,39504.827519265,"Samoa"
-16,-99000,"AP0000056",3511870225.13993,3511.87022513993,39504.827519265,"Samoa"
-12,-1e+05,"AP0000045",3455814908.54016,3455.81490854016,39504.827519265,"Samoa"
-10,-101000,"AP0000057",3429865247.00364,3429.86524700364,39504.827519265,"Samoa"
-10,-102000,"AP0000057",3429865247.00364,3429.86524700364,39504.827519265,"Samoa"
-9,-103000,"AP0000058",3421147209.92562,3421.14720992562,39504.827519265,"Samoa"
-8,-104000,"AP0000059",3410976146.23941,3410.97614623941,39504.827519265,"Samoa"
-10,-105000,"AP0000057",3429865247.00364,3429.86524700364,39504.827519265,"Samoa"
-16,-106000,"AP0000056",3511870225.13993,3511.87022513993,39504.827519265,"Samoa"
-26,-107000,"AP0000047",3664063429.51068,3664.06342951068,39504.827519265,"Samoa"
-31,-108000,"AP0000060",3732781353.85935,3732.78135385935,39504.827519265,"Samoa"
-33,-109000,"AP0000061",3759976546.1487,3759.9765461487,39504.827519265,"Samoa"
-33,-110000,"AP0000061",3759976546.1487,3759.9765461487,39504.827519265,"Samoa"
-32,-111000,"AP0000062",3746069783.64757,3746.06978364757,39504.827519265,"Samoa"
-32,-112000,"AP0000062",3746069783.64757,3746.06978364757,39504.827519265,"Samoa"
-27,-113000,"AP0000063",3677764385.35733,3677.76438535733,39504.827519265,"Samoa"
-16,-114000,"AP0000056",3511870225.13993,3511.87022513993,39504.827519265,"Samoa"
-6,-115000,"AP0000064",3396030476.91263,3396.03047691263,39504.827519265,"Samoa"
0,-116000,"AP0000000",3189197019.5118,3189.1970195118,39504.827519265,"Samoa"
3,-117000,"AP0000065",3135190487.30355,3135.19048730355,39504.827519265,"Samoa"
5,-118000,"AP0000066",3106939343.8061,3106.9393438061,39504.827519265,"Samoa"
7,-119000,"AP0000067",3084089052.73689,3084.08905273689,39504.827519265,"Samoa"
9,-120000,"AP0000068",3053350680.39842,3053.35068039842,39504.827519265,"Samoa"
10,-121000,"AP0000069",3034036179.82251,3034.03617982251,39504.827519265,"Samoa"
10,-122000,"AP0000069",3034036179.82251,3034.03617982251,39504.827519265,"Samoa"
10,-123000,"AP0000069",3034036179.82251,3034.03617982251,39504.827519265,"Samoa"
9,-124000,"AP0000068",3053350680.39842,3053.35068039842,39504.827519265,"Samoa"
9,-125000,"AP0000068",3053350680.39842,3053.35068039842,39504.827519265,"Samoa"
10,-126000,"AP0000069",3034036179.82251,3034.03617982251,39504.827519265,"Samoa"
12,-127000,"AP0000070",2995406128.88775,2995.40612888775,39504.827519265,"Samoa"
10,-128000,"AP0000069",3034036179.82251,3034.03617982251,39504.827519265,"Samoa"
-3,-129000,"AP0000003",3375271783.50922,3375.27178350922,39504.827519265,"Samoa"
-27,-130000,"AP0000063",3677764385.35733,3677.76438535733,39504.827519265,"Samoa"
-28,-131000,"AP0000071",3690843787.98584,3690.84378798584,39504.827519265,"Samoa"
-26,-132000,"AP0000047",3664063429.51068,3664.06342951068,39504.827519265,"Samoa"
-24,-133000,"AP0000006",3633124042.84214,3633.12404284214,39504.827519265,"Samoa"
-22,-134000,"AP0000072",3605718052.74876,3605.71805274876,39504.827519265,"Samoa"
-20,-135000,"AP0000040",3574576174.9463,3574.5761749463,39504.827519265,"Samoa"
-18,-136000,"AP0000073",3543641674.04956,3543.64167404956,39504.827519265,"Samoa"
-19,-137000,"AP0000046",3559836114.48305,3559.83611448305,39504.827519265,"Samoa"
-22,-138000,"AP0000072",3605718052.74876,3605.71805274876,39504.827519265,"Samoa"
-28,-139000,"AP0000071",3690843787.98584,3690.84378798584,39504.827519265,"Samoa"
-44,-140000,"AP0000074",3950751919.59477,3950.75191959477,39504.827519265,"Samoa"
0,0,"AP0000000",1132725458.50776,1132.72545850776,24072.5088751998,"SaoTome_Principe"
-1,-1000,"AP0000001",1137853396.01394,1137.85339601394,24072.5088751998,"SaoTome_Principe"
-2,-2000,"AP0000002",1138494315.28969,1138.49431528969,24072.5088751998,"SaoTome_Principe"
-3,-3000,"AP0000003",1138707927.1303,1138.7079271303,24072.5088751998,"SaoTome_Principe"
-3,-4000,"AP0000003",1138707927.1303,1138.7079271303,24072.5088751998,"SaoTome_Principe"
-3,-5000,"AP0000003",1138707927.1303,1138.7079271303,24072.5088751998,"SaoTome_Principe"
-4,-6000,"AP0000004",1139135237.74308,1139.13523774308,24072.5088751998,"SaoTome_Principe"
-4,-7000,"AP0000004",1139135237.74308,1139.13523774308,24072.5088751998,"SaoTome_Principe"
-11,-8000,"AP0000005",1144476995.23409,1144.47699523409,24072.5088751998,"SaoTome_Principe"
-24,-9000,"AP0000006",1182292539.69539,1182.29253969539,24072.5088751998,"SaoTome_Principe"
-38,-10000,"AP0000007",1308986939.51327,1308.98693951327,24072.5088751998,"SaoTome_Principe"
-52,-11000,"AP0000008",1505334424.35764,1505.33442435764,24072.5088751998,"SaoTome_Principe"
-65,-12000,"AP0000009",1762988846.15414,1762.98884615414,24072.5088751998,"SaoTome_Principe"
-76,-13000,"AP0000010",2012523004.76273,2012.52300476273,24072.5088751998,"SaoTome_Principe"
-85,-14000,"AP0000011",2284691407.10845,2284.69140710845,24072.5088751998,"SaoTome_Principe"
-93,-15000,"AP0000012",2327847554.52653,2327.84755452653,24072.5088751998,"SaoTome_Principe"
-102,-16000,"AP0000013",2360964209.23875,2360.96420923875,24072.5088751998,"SaoTome_Principe"
-109,-17000,"AP0000014",2379123967.43896,2379.12396743896,24072.5088751998,"SaoTome_Principe"
-116,-18000,"AP0000015",2395788089.65676,2395.78808965676,24072.5088751998,"SaoTome_Principe"
-121,-19000,"AP0000016",2407111819.8125,2407.1118198125,24072.5088751998,"SaoTome_Principe"
-123,-20000,"AP0000017",2411812253.52523,2411.81225352523,24072.5088751998,"SaoTome_Principe"
-122,-21000,"AP0000018",2409462062.19502,2409.46206219502,24072.5088751998,"SaoTome_Principe"
-118,-22000,"AP0000019",2400274836.17756,2400.27483617756,24072.5088751998,"SaoTome_Principe"
-112,-23000,"AP0000020",2387028465.97206,2387.02846597206,24072.5088751998,"SaoTome_Principe"
-105,-24000,"AP0000021",2368441902.11103,2368.44190211103,24072.5088751998,"SaoTome_Principe"
-98,-25000,"AP0000022",2347076504.91463,2347.07650491463,24072.5088751998,"SaoTome_Principe"
-93,-26000,"AP0000012",2327847554.52653,2327.84755452653,24072.5088751998,"SaoTome_Principe"
-90,-27000,"AP0000023",2316097405.40587,2316.09740540587,24072.5088751998,"SaoTome_Principe"
-87,-28000,"AP0000024",2299646697.73919,2299.64669773919,24072.5088751998,"SaoTome_Principe"
-84,-29000,"AP0000025",2271018717.67022,2271.01871767022,24072.5088751998,"SaoTome_Principe"
-81,-30000,"AP0000026",2194109779.49845,2194.10977949845,24072.5088751998,"SaoTome_Principe"
-79,-31000,"AP0000027",2102249730.77204,2102.24973077204,24072.5088751998,"SaoTome_Principe"
-76,-32000,"AP0000010",2012523004.76273,2012.52300476273,24072.5088751998,"SaoTome_Principe"
-75,-33000,"AP0000028",1983896043.44549,1983.89604344549,24072.5088751998,"SaoTome_Principe"
-73,-34000,"AP0000029",1934972511.66744,1934.97251166744,24072.5088751998,"SaoTome_Principe"
-72,-35000,"AP0000030",1909975186.07685,1909.97518607685,24072.5088751998,"SaoTome_Principe"
-72,-36000,"AP0000030",1909975186.07685,1909.97518607685,24072.5088751998,"SaoTome_Principe"
-72,-37000,"AP0000030",1909975186.07685,1909.97518607685,24072.5088751998,"SaoTome_Principe"
-72,-38000,"AP0000030",1909975186.07685,1909.97518607685,24072.5088751998,"SaoTome_Principe"
-74,-39000,"AP0000031",1956763905.74554,1956.76390574554,24072.5088751998,"SaoTome_Principe"
-76,-40000,"AP0000010",2012523004.76273,2012.52300476273,24072.5088751998,"SaoTome_Principe"
-78,-41000,"AP0000032",2069564206.03563,2069.56420603563,24072.5088751998,"SaoTome_Principe"
-80,-42000,"AP0000033",2166337394.0673,2166.3373940673,24072.5088751998,"SaoTome_Principe"
-82,-43000,"AP0000034",2224232214.99546,2224.23221499546,24072.5088751998,"SaoTome_Principe"
-84,-44000,"AP0000025",2271018717.67022,2271.01871767022,24072.5088751998,"SaoTome_Principe"
-85,-45000,"AP0000011",2284691407.10845,2284.69140710845,24072.5088751998,"SaoTome_Principe"
-86,-46000,"AP0000035",2294946435.20246,2294.94643520246,24072.5088751998,"SaoTome_Principe"
-86,-47000,"AP0000035",2294946435.20246,2294.94643520246,24072.5088751998,"SaoTome_Principe"
-86,-48000,"AP0000035",2294946435.20246,2294.94643520246,24072.5088751998,"SaoTome_Principe"
-86,-49000,"AP0000035",2294946435.20246,2294.94643520246,24072.5088751998,"SaoTome_Principe"
-86,-50000,"AP0000035",2294946435.20246,2294.94643520246,24072.5088751998,"SaoTome_Principe"
-86,-51000,"AP0000035",2294946435.20246,2294.94643520246,24072.5088751998,"SaoTome_Principe"
-85,-52000,"AP0000011",2284691407.10845,2284.69140710845,24072.5088751998,"SaoTome_Principe"
-85,-53000,"AP0000011",2284691407.10845,2284.69140710845,24072.5088751998,"SaoTome_Principe"
-85,-54000,"AP0000011",2284691407.10845,2284.69140710845,24072.5088751998,"SaoTome_Principe"
-84,-55000,"AP0000025",2271018717.67022,2271.01871767022,24072.5088751998,"SaoTome_Principe"
-83,-56000,"AP0000036",2252432039.24859,2252.43203924859,24072.5088751998,"SaoTome_Principe"
-82,-57000,"AP0000034",2224232214.99546,2224.23221499546,24072.5088751998,"SaoTome_Principe"
-80,-58000,"AP0000033",2166337394.0673,2166.3373940673,24072.5088751998,"SaoTome_Principe"
-79,-59000,"AP0000027",2102249730.77204,2102.24973077204,24072.5088751998,"SaoTome_Principe"
-78,-60000,"AP0000032",2069564206.03563,2069.56420603563,24072.5088751998,"SaoTome_Principe"
-77,-61000,"AP0000037",2040296383.87963,2040.29638387963,24072.5088751998,"SaoTome_Principe"
-77,-62000,"AP0000037",2040296383.87963,2040.29638387963,24072.5088751998,"SaoTome_Principe"
-77,-63000,"AP0000037",2040296383.87963,2040.29638387963,24072.5088751998,"SaoTome_Principe"
-78,-64000,"AP0000032",2069564206.03563,2069.56420603563,24072.5088751998,"SaoTome_Principe"
-79,-65000,"AP0000027",2102249730.77204,2102.24973077204,24072.5088751998,"SaoTome_Principe"
-81,-66000,"AP0000026",2194109779.49845,2194.10977949845,24072.5088751998,"SaoTome_Principe"
-82,-67000,"AP0000034",2224232214.99546,2224.23221499546,24072.5088751998,"SaoTome_Principe"
-82,-68000,"AP0000034",2224232214.99546,2224.23221499546,24072.5088751998,"SaoTome_Principe"
-81,-69000,"AP0000026",2194109779.49845,2194.10977949845,24072.5088751998,"SaoTome_Principe"
-80,-70000,"AP0000033",2166337394.0673,2166.3373940673,24072.5088751998,"SaoTome_Principe"
-81,-71000,"AP0000026",2194109779.49845,2194.10977949845,24072.5088751998,"SaoTome_Principe"
-83,-72000,"AP0000036",2252432039.24859,2252.43203924859,24072.5088751998,"SaoTome_Principe"
-72,-73000,"AP0000030",1909975186.07685,1909.97518607685,24072.5088751998,"SaoTome_Principe"
-48,-74000,"AP0000038",1449996716.71177,1449.99671671177,24072.5088751998,"SaoTome_Principe"
-29,-75000,"AP0000039",1215835550.76304,1215.83555076304,24072.5088751998,"SaoTome_Principe"
-20,-76000,"AP0000040",1162850825.83501,1162.85082583501,24072.5088751998,"SaoTome_Principe"
-17,-77000,"AP0000041",1152382133.71794,1152.38213371794,24072.5088751998,"SaoTome_Principe"
-15,-78000,"AP0000042",1148963377.50161,1148.96337750161,24072.5088751998,"SaoTome_Principe"
-14,-79000,"AP0000043",1147040720.18437,1147.04072018437,24072.5088751998,"SaoTome_Principe"
-13,-80000,"AP0000044",1145758947.60381,1145.75894760381,24072.5088751998,"SaoTome_Principe"
-12,-81000,"AP0000045",1145117936.95501,1145.11793695501,24072.5088751998,"SaoTome_Principe"
-12,-82000,"AP0000045",1145117936.95501,1145.11793695501,24072.5088751998,"SaoTome_Principe"
-13,-83000,"AP0000044",1145758947.60381,1145.75894760381,24072.5088751998,"SaoTome_Principe"
-15,-84000,"AP0000042",1148963377.50161,1148.96337750161,24072.5088751998,"SaoTome_Principe"
-19,-85000,"AP0000046",1160714425.03794,1160.71442503794,24072.5088751998,"SaoTome_Principe"
-26,-86000,"AP0000047",1195538492.83364,1195.53849283364,24072.5088751998,"SaoTome_Principe"
-34,-87000,"AP0000048",1261343567.68016,1261.34356768016,24072.5088751998,"SaoTome_Principe"
-43,-88000,"AP0000049",1379064301.25141,1379.06430125141,24072.5088751998,"SaoTome_Principe"
-49,-89000,"AP0000050",1465380052.27754,1465.38005227754,24072.5088751998,"SaoTome_Principe"
-52,-90000,"AP0000008",1505334424.35764,1505.33442435764,24072.5088751998,"SaoTome_Principe"
-54,-91000,"AP0000051",1532682549.93096,1532.68254993096,24072.5088751998,"SaoTome_Principe"
-55,-92000,"AP0000052",1547638520.73523,1547.63852073523,24072.5088751998,"SaoTome_Principe"
-55,-93000,"AP0000052",1547638520.73523,1547.63852073523,24072.5088751998,"SaoTome_Principe"
-56,-94000,"AP0000053",1565157817.9422,1565.1578179422,24072.5088751998,"SaoTome_Principe"
-54,-95000,"AP0000051",1532682549.93096,1532.68254993096,24072.5088751998,"SaoTome_Principe"
-46,-96000,"AP0000054",1424144698.23722,1424.14469823722,24072.5088751998,"SaoTome_Principe"
-35,-97000,"AP0000055",1270744362.02221,1270.74436202221,24072.5088751998,"SaoTome_Principe"
-24,-98000,"AP0000006",1182292539.69539,1182.29253969539,24072.5088751998,"SaoTome_Principe"
-16,-99000,"AP0000056",1150245409.61603,1150.24540961603,24072.5088751998,"SaoTome_Principe"
-12,-1e+05,"AP0000045",1145117936.95501,1145.11793695501,24072.5088751998,"SaoTome_Principe"
-10,-101000,"AP0000057",1143408683.29326,1143.40868329326,24072.5088751998,"SaoTome_Principe"
-10,-102000,"AP0000057",1143408683.29326,1143.40868329326,24072.5088751998,"SaoTome_Principe"
-9,-103000,"AP0000058",1142340276.41316,1142.34027641316,24072.5088751998,"SaoTome_Principe"
-8,-104000,"AP0000059",1141271952.52414,1141.27195252414,24072.5088751998,"SaoTome_Principe"
-10,-105000,"AP0000057",1143408683.29326,1143.40868329326,24072.5088751998,"SaoTome_Principe"
-16,-106000,"AP0000056",1150245409.61603,1150.24540961603,24072.5088751998,"SaoTome_Principe"
-26,-107000,"AP0000047",1195538492.83364,1195.53849283364,24072.5088751998,"SaoTome_Principe"
-31,-108000,"AP0000060",1234209435.66962,1234.20943566962,24072.5088751998,"SaoTome_Principe"
-33,-109000,"AP0000061",1252369608.46468,1252.36960846468,24072.5088751998,"SaoTome_Principe"
-33,-110000,"AP0000061",1252369608.46468,1252.36960846468,24072.5088751998,"SaoTome_Principe"
-32,-111000,"AP0000062",1244678402.67329,1244.67840267329,24072.5088751998,"SaoTome_Principe"
-32,-112000,"AP0000062",1244678402.67329,1244.67840267329,24072.5088751998,"SaoTome_Principe"
-27,-113000,"AP0000063",1202161915.79195,1202.16191579195,24072.5088751998,"SaoTome_Principe"
-16,-114000,"AP0000056",1150245409.61603,1150.24540961603,24072.5088751998,"SaoTome_Principe"
-6,-115000,"AP0000064",1139776240.657,1139.776240657,24072.5088751998,"SaoTome_Principe"
0,-116000,"AP0000000",1132725458.50776,1132.72545850776,24072.5088751998,"SaoTome_Principe"
3,-117000,"AP0000065",1115847037.1089,1115.8470371089,24072.5088751998,"SaoTome_Principe"
5,-118000,"AP0000066",1105378217.02479,1105.37821702479,24072.5088751998,"SaoTome_Principe"
7,-119000,"AP0000067",1095336621.2896,1095.3366212896,24072.5088751998,"SaoTome_Principe"
9,-120000,"AP0000068",1088286042.61304,1088.28604261304,24072.5088751998,"SaoTome_Principe"
10,-121000,"AP0000069",1082730942.39126,1082.73094239126,24072.5088751998,"SaoTome_Principe"
10,-122000,"AP0000069",1082730942.39126,1082.73094239126,24072.5088751998,"SaoTome_Principe"
10,-123000,"AP0000069",1082730942.39126,1082.73094239126,24072.5088751998,"SaoTome_Principe"
9,-124000,"AP0000068",1088286042.61304,1088.28604261304,24072.5088751998,"SaoTome_Principe"
9,-125000,"AP0000068",1088286042.61304,1088.28604261304,24072.5088751998,"SaoTome_Principe"
10,-126000,"AP0000069",1082730942.39126,1082.73094239126,24072.5088751998,"SaoTome_Principe"
12,-127000,"AP0000070",1069056687.301,1069.056687301,24072.5088751998,"SaoTome_Principe"
10,-128000,"AP0000069",1082730942.39126,1082.73094239126,24072.5088751998,"SaoTome_Principe"
-3,-129000,"AP0000003",1138707927.1303,1138.7079271303,24072.5088751998,"SaoTome_Principe"
-27,-130000,"AP0000063",1202161915.79195,1202.16191579195,24072.5088751998,"SaoTome_Principe"
-28,-131000,"AP0000071",1208144247.32368,1208.14424732368,24072.5088751998,"SaoTome_Principe"
-26,-132000,"AP0000047",1195538492.83364,1195.53849283364,24072.5088751998,"SaoTome_Principe"
-24,-133000,"AP0000006",1182292539.69539,1182.29253969539,24072.5088751998,"SaoTome_Principe"
-22,-134000,"AP0000072",1171183352.29859,1171.18335229859,24072.5088751998,"SaoTome_Principe"
-20,-135000,"AP0000040",1162850825.83501,1162.85082583501,24072.5088751998,"SaoTome_Principe"
-18,-136000,"AP0000073",1156441518.64318,1156.44151864318,24072.5088751998,"SaoTome_Principe"
-19,-137000,"AP0000046",1160714425.03794,1160.71442503794,24072.5088751998,"SaoTome_Principe"
-22,-138000,"AP0000072",1171183352.29859,1171.18335229859,24072.5088751998,"SaoTome_Principe"
-28,-139000,"AP0000071",1208144247.32368,1208.14424732368,24072.5088751998,"SaoTome_Principe"
-44,-140000,"AP0000074",1394233407.93738,1394.23340793738,24072.5088751998,"SaoTome_Principe"
0,0,"AP0000000",6307134.36028671,6.30713436028671,462.644625542694,"Selvagens"
-1,-1000,"AP0000001",6307134.36028671,6.30713436028671,462.644625542694,"Selvagens"
-2,-2000,"AP0000002",6307134.36028671,6.30713436028671,462.644625542694,"Selvagens"
-3,-3000,"AP0000003",6307134.36028671,6.30713436028671,462.644625542694,"Selvagens"
-3,-4000,"AP0000003",6307134.36028671,6.30713436028671,462.644625542694,"Selvagens"
-3,-5000,"AP0000003",6307134.36028671,6.30713436028671,462.644625542694,"Selvagens"
-4,-6000,"AP0000004",6307134.36028671,6.30713436028671,462.644625542694,"Selvagens"
-4,-7000,"AP0000004",6307134.36028671,6.30713436028671,462.644625542694,"Selvagens"
-11,-8000,"AP0000005",6307134.36028671,6.30713436028671,462.644625542694,"Selvagens"
-24,-9000,"AP0000006",8719886.41459799,8.71988641459799,462.644625542694,"Selvagens"
-38,-10000,"AP0000007",17441576.6690462,17.4415766690462,462.644625542694,"Selvagens"
-52,-11000,"AP0000008",29869686.8958683,29.8696868958683,462.644625542694,"Selvagens"
-65,-12000,"AP0000009",49902383.7570355,49.9023837570355,462.644625542694,"Selvagens"
-76,-13000,"AP0000010",57320728.8120909,57.3207288120909,462.644625542694,"Selvagens"
-85,-14000,"AP0000011",63070143.228359,63.070143228359,462.644625542694,"Selvagens"
-93,-15000,"AP0000012",67521641.857501,67.521641857501,462.644625542694,"Selvagens"
-102,-16000,"AP0000013",69562048.2053723,69.5620482053723,462.644625542694,"Selvagens"
-109,-17000,"AP0000014",72344855.0183132,72.3448550183132,462.644625542694,"Selvagens"
-116,-18000,"AP0000015",74384067.5428503,74.3840675428503,462.644625542694,"Selvagens"
-121,-19000,"AP0000016",75311273.3379922,75.3112733379922,462.644625542694,"Selvagens"
-123,-20000,"AP0000017",75682697.8754337,75.6826978754337,462.644625542694,"Selvagens"
-122,-21000,"AP0000018",75497304.7206802,75.4973047206802,462.644625542694,"Selvagens"
-118,-22000,"AP0000019",74940386.4741664,74.9403864741664,462.644625542694,"Selvagens"
-112,-23000,"AP0000020",73086010.9376168,73.0860109376168,462.644625542694,"Selvagens"
-105,-24000,"AP0000021",71046056.660783,71.046056660783,462.644625542694,"Selvagens"
-98,-25000,"AP0000022",69005436.8752999,69.0054368752999,462.644625542694,"Selvagens"
-93,-26000,"AP0000012",67521641.857501,67.521641857501,462.644625542694,"Selvagens"
-90,-27000,"AP0000023",65666476.462311,65.666476462311,462.644625542694,"Selvagens"
-87,-28000,"AP0000024",64554002.585305,64.554002585305,462.644625542694,"Selvagens"
-84,-29000,"AP0000025",62513654.8818388,62.5136548818388,462.644625542694,"Selvagens"
-81,-30000,"AP0000026",60287867.4943357,60.2878674943357,462.644625542694,"Selvagens"
-79,-31000,"AP0000027",59360501.3815987,59.3605013815987,462.644625542694,"Selvagens"
-76,-32000,"AP0000010",57320728.8120909,57.3207288120909,462.644625542694,"Selvagens"
-75,-33000,"AP0000028",56578974.1870837,56.5789741870837,462.644625542694,"Selvagens"
-73,-34000,"AP0000029",55465941.9485824,55.4659419485824,462.644625542694,"Selvagens"
-72,-35000,"AP0000030",54909818.149693,54.909818149693,462.644625542694,"Selvagens"
-72,-36000,"AP0000030",54909818.149693,54.909818149693,462.644625542694,"Selvagens"
-72,-37000,"AP0000030",54909818.149693,54.909818149693,462.644625542694,"Selvagens"
-72,-38000,"AP0000030",54909818.149693,54.909818149693,462.644625542694,"Selvagens"
-74,-39000,"AP0000031",55836961.8396757,55.8369618396757,462.644625542694,"Selvagens"
-76,-40000,"AP0000010",57320728.8120909,57.3207288120909,462.644625542694,"Selvagens"
-78,-41000,"AP0000032",58433199.6739533,58.4331996739533,462.644625542694,"Selvagens"
-80,-42000,"AP0000033",60102303.7530079,60.1023037530079,462.644625542694,"Selvagens"
-82,-43000,"AP0000034",60659009.7652545,60.6590097652545,462.644625542694,"Selvagens"
-84,-44000,"AP0000025",62513654.8818388,62.5136548818388,462.644625542694,"Selvagens"
-85,-45000,"AP0000011",63070143.228359,63.070143228359,462.644625542694,"Selvagens"
-86,-46000,"AP0000035",63812237.1444929,63.8122371444929,462.644625542694,"Selvagens"
-86,-47000,"AP0000035",63812237.1444929,63.8122371444929,462.644625542694,"Selvagens"
-86,-48000,"AP0000035",63812237.1444929,63.8122371444929,462.644625542694,"Selvagens"
-86,-49000,"AP0000035",63812237.1444929,63.8122371444929,462.644625542694,"Selvagens"
-86,-50000,"AP0000035",63812237.1444929,63.8122371444929,462.644625542694,"Selvagens"
-86,-51000,"AP0000035",63812237.1444929,63.8122371444929,462.644625542694,"Selvagens"
-85,-52000,"AP0000011",63070143.228359,63.070143228359,462.644625542694,"Selvagens"
-85,-53000,"AP0000011",63070143.228359,63.070143228359,462.644625542694,"Selvagens"
-85,-54000,"AP0000011",63070143.228359,63.070143228359,462.644625542694,"Selvagens"
-84,-55000,"AP0000025",62513654.8818388,62.5136548818388,462.644625542694,"Selvagens"
-83,-56000,"AP0000036",61215288.9365342,61.2152889365342,462.644625542694,"Selvagens"
-82,-57000,"AP0000034",60659009.7652545,60.6590097652545,462.644625542694,"Selvagens"
-80,-58000,"AP0000033",60102303.7530079,60.1023037530079,462.644625542694,"Selvagens"
-79,-59000,"AP0000027",59360501.3815987,59.3605013815987,462.644625542694,"Selvagens"
-78,-60000,"AP0000032",58433199.6739533,58.4331996739533,462.644625542694,"Selvagens"
-77,-61000,"AP0000037",57691500.4051001,57.6915004051001,462.644625542694,"Selvagens"
-77,-62000,"AP0000037",57691500.4051001,57.6915004051001,462.644625542694,"Selvagens"
-77,-63000,"AP0000037",57691500.4051001,57.6915004051001,462.644625542694,"Selvagens"
-78,-64000,"AP0000032",58433199.6739533,58.4331996739533,462.644625542694,"Selvagens"
-79,-65000,"AP0000027",59360501.3815987,59.3605013815987,462.644625542694,"Selvagens"
-81,-66000,"AP0000026",60287867.4943357,60.2878674943357,462.644625542694,"Selvagens"
-82,-67000,"AP0000034",60659009.7652545,60.6590097652545,462.644625542694,"Selvagens"
-82,-68000,"AP0000034",60659009.7652545,60.6590097652545,462.644625542694,"Selvagens"
-81,-69000,"AP0000026",60287867.4943357,60.2878674943357,462.644625542694,"Selvagens"
-80,-70000,"AP0000033",60102303.7530079,60.1023037530079,462.644625542694,"Selvagens"
-81,-71000,"AP0000026",60287867.4943357,60.2878674943357,462.644625542694,"Selvagens"
-83,-72000,"AP0000036",61215288.9365342,61.2152889365342,462.644625542694,"Selvagens"
-72,-73000,"AP0000030",54909818.149693,54.909818149693,462.644625542694,"Selvagens"
-48,-74000,"AP0000038",22822581.4034069,22.8225814034069,462.644625542694,"Selvagens"
-29,-75000,"AP0000039",11874393.3779354,11.8743933779354,462.644625542694,"Selvagens"
-20,-76000,"AP0000040",7420704.38146472,7.42070438146472,462.644625542694,"Selvagens"
-17,-77000,"AP0000041",7049448.59147263,7.04944859147263,462.644625542694,"Selvagens"
-15,-78000,"AP0000042",6492759.31622863,6.49275931622863,462.644625542694,"Selvagens"
-14,-79000,"AP0000043",6492759.31622863,6.49275931622863,462.644625542694,"Selvagens"
-13,-80000,"AP0000044",6492759.31622863,6.49275931622863,462.644625542694,"Selvagens"
-12,-81000,"AP0000045",6307134.36028671,6.30713436028671,462.644625542694,"Selvagens"
-12,-82000,"AP0000045",6307134.36028671,6.30713436028671,462.644625542694,"Selvagens"
-13,-83000,"AP0000044",6492759.31622863,6.49275931622863,462.644625542694,"Selvagens"
-15,-84000,"AP0000042",6492759.31622863,6.49275931622863,462.644625542694,"Selvagens"
-19,-85000,"AP0000046",7420704.38146472,7.42070438146472,462.644625542694,"Selvagens"
-26,-86000,"AP0000047",10389988.2686272,10.3899882686272,462.644625542694,"Selvagens"
-34,-87000,"AP0000048",15214680.1354456,15.2146801354456,462.644625542694,"Selvagens"
-43,-88000,"AP0000049",19668161.1226847,19.6681611226847,462.644625542694,"Selvagens"
-49,-89000,"AP0000050",24306235.0252361,24.3062350252361,462.644625542694,"Selvagens"
-52,-90000,"AP0000008",29869686.8958683,29.8696868958683,462.644625542694,"Selvagens"
-54,-91000,"AP0000051",34136552.5912936,34.1365525912936,462.644625542694,"Selvagens"
-55,-92000,"AP0000052",35991023.628695,35.991023628695,462.644625542694,"Selvagens"
-55,-93000,"AP0000052",35991023.628695,35.991023628695,462.644625542694,"Selvagens"
-56,-94000,"AP0000053",37289306.3638959,37.2893063638959,462.644625542694,"Selvagens"
-54,-95000,"AP0000051",34136552.5912936,34.1365525912936,462.644625542694,"Selvagens"
-46,-96000,"AP0000054",21709862.2766135,21.7098622766135,462.644625542694,"Selvagens"
-35,-97000,"AP0000055",15771354.0627246,15.7713540627246,462.644625542694,"Selvagens"
-24,-98000,"AP0000006",8719886.41459799,8.71988641459799,462.644625542694,"Selvagens"
-16,-99000,"AP0000056",6678209.26740122,6.67820926740122,462.644625542694,"Selvagens"
-12,-1e+05,"AP0000045",6307134.36028671,6.30713436028671,462.644625542694,"Selvagens"
-10,-101000,"AP0000057",6307134.36028671,6.30713436028671,462.644625542694,"Selvagens"
-10,-102000,"AP0000057",6307134.36028671,6.30713436028671,462.644625542694,"Selvagens"
-9,-103000,"AP0000058",6307134.36028671,6.30713436028671,462.644625542694,"Selvagens"
-8,-104000,"AP0000059",6307134.36028671,6.30713436028671,462.644625542694,"Selvagens"
-10,-105000,"AP0000057",6307134.36028671,6.30713436028671,462.644625542694,"Selvagens"
-16,-106000,"AP0000056",6678209.26740122,6.67820926740122,462.644625542694,"Selvagens"
-26,-107000,"AP0000047",10389988.2686272,10.3899882686272,462.644625542694,"Selvagens"
-31,-108000,"AP0000060",12988006.8668804,12.9880068668804,462.644625542694,"Selvagens"
-33,-109000,"AP0000061",15029263.8193073,15.0292638193073,462.644625542694,"Selvagens"
-33,-110000,"AP0000061",15029263.8193073,15.0292638193073,462.644625542694,"Selvagens"
-32,-111000,"AP0000062",14472646.9603467,14.4726469603467,462.644625542694,"Selvagens"
-32,-112000,"AP0000062",14472646.9603467,14.4726469603467,462.644625542694,"Selvagens"
-27,-113000,"AP0000063",10946667.5340371,10.9466675340371,462.644625542694,"Selvagens"
-16,-114000,"AP0000056",6678209.26740122,6.67820926740122,462.644625542694,"Selvagens"
-6,-115000,"AP0000064",6307134.36028671,6.30713436028671,462.644625542694,"Selvagens"
0,-116000,"AP0000000",6307134.36028671,6.30713436028671,462.644625542694,"Selvagens"
3,-117000,"AP0000065",5564742.81233191,5.56474281233191,462.644625542694,"Selvagens"
5,-118000,"AP0000066",5193508.19784141,5.19350819784141,462.644625542694,"Selvagens"
7,-119000,"AP0000067",4822648.96720409,4.82264896720409,462.644625542694,"Selvagens"
9,-120000,"AP0000068",3894511.83295155,3.89451183295155,462.644625542694,"Selvagens"
10,-121000,"AP0000069",3894511.83295155,3.89451183295155,462.644625542694,"Selvagens"
10,-122000,"AP0000069",3894511.83295155,3.89451183295155,462.644625542694,"Selvagens"
10,-123000,"AP0000069",3894511.83295155,3.89451183295155,462.644625542694,"Selvagens"
9,-124000,"AP0000068",3894511.83295155,3.89451183295155,462.644625542694,"Selvagens"
9,-125000,"AP0000068",3894511.83295155,3.89451183295155,462.644625542694,"Selvagens"
10,-126000,"AP0000069",3894511.83295155,3.89451183295155,462.644625542694,"Selvagens"
12,-127000,"AP0000070",3523277.21883202,3.52327721883202,462.644625542694,"Selvagens"
10,-128000,"AP0000069",3894511.83295155,3.89451183295155,462.644625542694,"Selvagens"
-3,-129000,"AP0000003",6307134.36028671,6.30713436028671,462.644625542694,"Selvagens"
-27,-130000,"AP0000063",10946667.5340371,10.9466675340371,462.644625542694,"Selvagens"
-28,-131000,"AP0000071",11317714.7613726,11.3177147613726,462.644625542694,"Selvagens"
-26,-132000,"AP0000047",10389988.2686272,10.3899882686272,462.644625542694,"Selvagens"
-24,-133000,"AP0000006",8719886.41459799,8.71988641459799,462.644625542694,"Selvagens"
-22,-134000,"AP0000072",7977412.47665358,7.97741247665358,462.644625542694,"Selvagens"
-20,-135000,"AP0000040",7420704.38146472,7.42070438146472,462.644625542694,"Selvagens"
-18,-136000,"AP0000073",7049448.59147263,7.04944859147263,462.644625542694,"Selvagens"
-19,-137000,"AP0000046",7420704.38146472,7.42070438146472,462.644625542694,"Selvagens"
-22,-138000,"AP0000072",7977412.47665358,7.97741247665358,462.644625542694,"Selvagens"
-28,-139000,"AP0000071",11317714.7613726,11.3177147613726,462.644625542694,"Selvagens"
-44,-140000,"AP0000074",20596291.7683744,20.5962917683744,462.644625542694,"Selvagens"
0,0,"AP0000000",2589197681.53579,2589.19768153579,225180.596337799,"Seychelles_Inner"
-1,-1000,"AP0000001",2805074578.02305,2805.07457802305,225180.596337799,"Seychelles_Inner"
-2,-2000,"AP0000002",3045657975.06163,3045.65797506163,225180.596337799,"Seychelles_Inner"
-3,-3000,"AP0000003",3952594373.46407,3952.59437346407,225180.596337799,"Seychelles_Inner"
-3,-4000,"AP0000003",3952594373.46407,3952.59437346407,225180.596337799,"Seychelles_Inner"
-3,-5000,"AP0000003",3952594373.46407,3952.59437346407,225180.596337799,"Seychelles_Inner"
-4,-6000,"AP0000004",4240420533.56251,4240.42053356251,225180.596337799,"Seychelles_Inner"
-4,-7000,"AP0000004",4240420533.56251,4240.42053356251,225180.596337799,"Seychelles_Inner"
-11,-8000,"AP0000005",5765682829.14887,5765.68282914887,225180.596337799,"Seychelles_Inner"
-24,-9000,"AP0000006",10253924109.4894,10253.9241094894,225180.596337799,"Seychelles_Inner"
-38,-10000,"AP0000007",20242685265.9914,20242.6852659914,225180.596337799,"Seychelles_Inner"
-52,-11000,"AP0000008",33160344530.4525,33160.3445304525,225180.596337799,"Seychelles_Inner"
-65,-12000,"AP0000009",42801055683.5555,42801.0556835555,225180.596337799,"Seychelles_Inner"
-76,-13000,"AP0000010",43719720342.0068,43719.7203420068,225180.596337799,"Seychelles_Inner"
-85,-14000,"AP0000011",44112739069.5249,44112.7390695249,225180.596337799,"Seychelles_Inner"
-93,-15000,"AP0000012",44479131495.2955,44479.1314952955,225180.596337799,"Seychelles_Inner"
-102,-16000,"AP0000013",44796990899.3682,44796.9908993682,225180.596337799,"Seychelles_Inner"
-109,-17000,"AP0000014",45044380331.0962,45044.3803310962,225180.596337799,"Seychelles_Inner"
-116,-18000,"AP0000015",45266445402.2514,45266.4454022514,225180.596337799,"Seychelles_Inner"
-121,-19000,"AP0000016",45418673725.3069,45418.6737253069,225180.596337799,"Seychelles_Inner"
-123,-20000,"AP0000017",45479781686.2628,45479.7816862628,225180.596337799,"Seychelles_Inner"
-122,-21000,"AP0000018",45452529213.5816,45452.5292135816,225180.596337799,"Seychelles_Inner"
-118,-22000,"AP0000019",45326487242.9591,45326.4872429591,225180.596337799,"Seychelles_Inner"
-112,-23000,"AP0000020",45142956273.0683,45142.9562730683,225180.596337799,"Seychelles_Inner"
-105,-24000,"AP0000021",44904076458.7676,44904.0764587676,225180.596337799,"Seychelles_Inner"
-98,-25000,"AP0000022",44662644309.3928,44662.6443093928,225180.596337799,"Seychelles_Inner"
-93,-26000,"AP0000012",44479131495.2955,44479.1314952955,225180.596337799,"Seychelles_Inner"
-90,-27000,"AP0000023",44319453714.6086,44319.4537146086,225180.596337799,"Seychelles_Inner"
-87,-28000,"AP0000024",44197459867.4402,44197.4598674402,225180.596337799,"Seychelles_Inner"
-84,-29000,"AP0000025",44070585737.0454,44070.5857370454,225180.596337799,"Seychelles_Inner"
-81,-30000,"AP0000026",43942208613.1764,43942.2086131764,225180.596337799,"Seychelles_Inner"
-79,-31000,"AP0000027",43854070175.5488,43854.0701755488,225180.596337799,"Seychelles_Inner"
-76,-32000,"AP0000010",43719720342.0068,43719.7203420068,225180.596337799,"Seychelles_Inner"
-75,-33000,"AP0000028",43677346745.1576,43677.3467451576,225180.596337799,"Seychelles_Inner"
-73,-34000,"AP0000029",43592399351.4697,43592.3993514697,225180.596337799,"Seychelles_Inner"
-72,-35000,"AP0000030",43543421491.0392,43543.4214910392,225180.596337799,"Seychelles_Inner"
-72,-36000,"AP0000030",43543421491.0392,43543.4214910392,225180.596337799,"Seychelles_Inner"
-72,-37000,"AP0000030",43543421491.0392,43543.4214910392,225180.596337799,"Seychelles_Inner"
-72,-38000,"AP0000030",43543421491.0392,43543.4214910392,225180.596337799,"Seychelles_Inner"
-74,-39000,"AP0000031",43638808090.6397,43638.8080906397,225180.596337799,"Seychelles_Inner"
-76,-40000,"AP0000010",43719720342.0068,43719.7203420068,225180.596337799,"Seychelles_Inner"
-78,-41000,"AP0000032",43807447552.0077,43807.4475520077,225180.596337799,"Seychelles_Inner"
-80,-42000,"AP0000033",43901118809.419,43901.118809419,225180.596337799,"Seychelles_Inner"
-82,-43000,"AP0000034",43985430399.093,43985.430399093,225180.596337799,"Seychelles_Inner"
-84,-44000,"AP0000025",44070585737.0454,44070.5857370454,225180.596337799,"Seychelles_Inner"
-85,-45000,"AP0000011",44112739069.5249,44112.7390695249,225180.596337799,"Seychelles_Inner"
-86,-46000,"AP0000035",44155738505.6642,44155.7385056642,225180.596337799,"Seychelles_Inner"
-86,-47000,"AP0000035",44155738505.6642,44155.7385056642,225180.596337799,"Seychelles_Inner"
-86,-48000,"AP0000035",44155738505.6642,44155.7385056642,225180.596337799,"Seychelles_Inner"
-86,-49000,"AP0000035",44155738505.6642,44155.7385056642,225180.596337799,"Seychelles_Inner"
-86,-50000,"AP0000035",44155738505.6642,44155.7385056642,225180.596337799,"Seychelles_Inner"
-86,-51000,"AP0000035",44155738505.6642,44155.7385056642,225180.596337799,"Seychelles_Inner"
-85,-52000,"AP0000011",44112739069.5249,44112.7390695249,225180.596337799,"Seychelles_Inner"
-85,-53000,"AP0000011",44112739069.5249,44112.7390695249,225180.596337799,"Seychelles_Inner"
-85,-54000,"AP0000011",44112739069.5249,44112.7390695249,225180.596337799,"Seychelles_Inner"
-84,-55000,"AP0000025",44070585737.0454,44070.5857370454,225180.596337799,"Seychelles_Inner"
-83,-56000,"AP0000036",44026729880.4245,44026.7298804245,225180.596337799,"Seychelles_Inner"
-82,-57000,"AP0000034",43985430399.093,43985.430399093,225180.596337799,"Seychelles_Inner"
-80,-58000,"AP0000033",43901118809.419,43901.118809419,225180.596337799,"Seychelles_Inner"
-79,-59000,"AP0000027",43854070175.5488,43854.0701755488,225180.596337799,"Seychelles_Inner"
-78,-60000,"AP0000032",43807447552.0077,43807.4475520077,225180.596337799,"Seychelles_Inner"
-77,-61000,"AP0000037",43762096819.669,43762.096819669,225180.596337799,"Seychelles_Inner"
-77,-62000,"AP0000037",43762096819.669,43762.096819669,225180.596337799,"Seychelles_Inner"
-77,-63000,"AP0000037",43762096819.669,43762.096819669,225180.596337799,"Seychelles_Inner"
-78,-64000,"AP0000032",43807447552.0077,43807.4475520077,225180.596337799,"Seychelles_Inner"
-79,-65000,"AP0000027",43854070175.5488,43854.0701755488,225180.596337799,"Seychelles_Inner"
-81,-66000,"AP0000026",43942208613.1764,43942.2086131764,225180.596337799,"Seychelles_Inner"
-82,-67000,"AP0000034",43985430399.093,43985.430399093,225180.596337799,"Seychelles_Inner"
-82,-68000,"AP0000034",43985430399.093,43985.430399093,225180.596337799,"Seychelles_Inner"
-81,-69000,"AP0000026",43942208613.1764,43942.2086131764,225180.596337799,"Seychelles_Inner"
-80,-70000,"AP0000033",43901118809.419,43901.118809419,225180.596337799,"Seychelles_Inner"
-81,-71000,"AP0000026",43942208613.1764,43942.2086131764,225180.596337799,"Seychelles_Inner"
-83,-72000,"AP0000036",44026729880.4245,44026.7298804245,225180.596337799,"Seychelles_Inner"
-72,-73000,"AP0000030",43543421491.0392,43543.4214910392,225180.596337799,"Seychelles_Inner"
-48,-74000,"AP0000038",29031093019.9457,29031.0930199457,225180.596337799,"Seychelles_Inner"
-29,-75000,"AP0000039",12785866878.9609,12785.8668789609,225180.596337799,"Seychelles_Inner"
-20,-76000,"AP0000040",8462789775.88438,8462.78977588438,225180.596337799,"Seychelles_Inner"
-17,-77000,"AP0000041",7312006548.69338,7312.00654869338,225180.596337799,"Seychelles_Inner"
-15,-78000,"AP0000042",6709915993.19491,6709.91599319491,225180.596337799,"Seychelles_Inner"
-14,-79000,"AP0000043",6461679813.38035,6461.67981338035,225180.596337799,"Seychelles_Inner"
-13,-80000,"AP0000044",6231960456.53158,6231.96045653158,225180.596337799,"Seychelles_Inner"
-12,-81000,"AP0000045",6004134386.20876,6004.13438620876,225180.596337799,"Seychelles_Inner"
-12,-82000,"AP0000045",6004134386.20876,6004.13438620876,225180.596337799,"Seychelles_Inner"
-13,-83000,"AP0000044",6231960456.53158,6231.96045653158,225180.596337799,"Seychelles_Inner"
-15,-84000,"AP0000042",6709915993.19491,6709.91599319491,225180.596337799,"Seychelles_Inner"
-19,-85000,"AP0000046",8054235577.82928,8054.23557782928,225180.596337799,"Seychelles_Inner"
-26,-86000,"AP0000047",11151961800.3246,11151.9618003246,225180.596337799,"Seychelles_Inner"
-34,-87000,"AP0000048",16479747992.9387,16479.7479929387,225180.596337799,"Seychelles_Inner"
-43,-88000,"AP0000049",25048452758.9603,25048.4527589603,225180.596337799,"Seychelles_Inner"
-49,-89000,"AP0000050",29728663589.6159,29728.6635896159,225180.596337799,"Seychelles_Inner"
-52,-90000,"AP0000008",33160344530.4525,33160.3445304525,225180.596337799,"Seychelles_Inner"
-54,-91000,"AP0000051",36553498771.5869,36553.4987715869,225180.596337799,"Seychelles_Inner"
-55,-92000,"AP0000052",37002672566.4766,37002.6725664766,225180.596337799,"Seychelles_Inner"
-55,-93000,"AP0000052",37002672566.4766,37002.6725664766,225180.596337799,"Seychelles_Inner"
-56,-94000,"AP0000053",38937673347.6623,38937.6733476623,225180.596337799,"Seychelles_Inner"
-54,-95000,"AP0000051",36553498771.5869,36553.4987715869,225180.596337799,"Seychelles_Inner"
-46,-96000,"AP0000054",27202832341.8223,27202.8323418223,225180.596337799,"Seychelles_Inner"
-35,-97000,"AP0000055",17270047781.071,17270.047781071,225180.596337799,"Seychelles_Inner"
-24,-98000,"AP0000006",10253924109.4894,10253.9241094894,225180.596337799,"Seychelles_Inner"
-16,-99000,"AP0000056",6986907073.21669,6986.90707321669,225180.596337799,"Seychelles_Inner"
-12,-1e+05,"AP0000045",6004134386.20876,6004.13438620876,225180.596337799,"Seychelles_Inner"
-10,-101000,"AP0000057",5558309915.52825,5558.30991552825,225180.596337799,"Seychelles_Inner"
-10,-102000,"AP0000057",5558309915.52825,5558.30991552825,225180.596337799,"Seychelles_Inner"
-9,-103000,"AP0000058",5347104506.64026,5347.10450664026,225180.596337799,"Seychelles_Inner"
-8,-104000,"AP0000059",5104832607.93737,5104.83260793737,225180.596337799,"Seychelles_Inner"
-10,-105000,"AP0000057",5558309915.52825,5558.30991552825,225180.596337799,"Seychelles_Inner"
-16,-106000,"AP0000056",6986907073.21669,6986.90707321669,225180.596337799,"Seychelles_Inner"
-26,-107000,"AP0000047",11151961800.3246,11151.9618003246,225180.596337799,"Seychelles_Inner"
-31,-108000,"AP0000060",14062276211.9419,14062.2762119419,225180.596337799,"Seychelles_Inner"
-33,-109000,"AP0000061",15606815754.3999,15606.8157543999,225180.596337799,"Seychelles_Inner"
-33,-110000,"AP0000061",15606815754.3999,15606.8157543999,225180.596337799,"Seychelles_Inner"
-32,-111000,"AP0000062",14838053400.6317,14838.0534006317,225180.596337799,"Seychelles_Inner"
-32,-112000,"AP0000062",14838053400.6317,14838.0534006317,225180.596337799,"Seychelles_Inner"
-27,-113000,"AP0000063",11665142247.7807,11665.1422477807,225180.596337799,"Seychelles_Inner"
-16,-114000,"AP0000056",6986907073.21669,6986.90707321669,225180.596337799,"Seychelles_Inner"
-6,-115000,"AP0000064",4686038156.05702,4686.03815605702,225180.596337799,"Seychelles_Inner"
0,-116000,"AP0000000",2589197681.53579,2589.19768153579,225180.596337799,"Seychelles_Inner"
3,-117000,"AP0000065",2053022445.04548,2053.02244504548,225180.596337799,"Seychelles_Inner"
5,-118000,"AP0000066",1807332885.06917,1807.33288506917,225180.596337799,"Seychelles_Inner"
7,-119000,"AP0000067",1626813874.37946,1626.81387437946,225180.596337799,"Seychelles_Inner"
9,-120000,"AP0000068",1473988398.79852,1473.98839879852,225180.596337799,"Seychelles_Inner"
10,-121000,"AP0000069",1403958800.42002,1403.95880042002,225180.596337799,"Seychelles_Inner"
10,-122000,"AP0000069",1403958800.42002,1403.95880042002,225180.596337799,"Seychelles_Inner"
10,-123000,"AP0000069",1403958800.42002,1403.95880042002,225180.596337799,"Seychelles_Inner"
9,-124000,"AP0000068",1473988398.79852,1473.98839879852,225180.596337799,"Seychelles_Inner"
9,-125000,"AP0000068",1473988398.79852,1473.98839879852,225180.596337799,"Seychelles_Inner"
10,-126000,"AP0000069",1403958800.42002,1403.95880042002,225180.596337799,"Seychelles_Inner"
12,-127000,"AP0000070",1276681109.35673,1276.68110935673,225180.596337799,"Seychelles_Inner"
10,-128000,"AP0000069",1403958800.42002,1403.95880042002,225180.596337799,"Seychelles_Inner"
-3,-129000,"AP0000003",3952594373.46407,3952.59437346407,225180.596337799,"Seychelles_Inner"
-27,-130000,"AP0000063",11665142247.7807,11665.1422477807,225180.596337799,"Seychelles_Inner"
-28,-131000,"AP0000071",12194743476.8443,12194.7434768443,225180.596337799,"Seychelles_Inner"
-26,-132000,"AP0000047",11151961800.3246,11151.9618003246,225180.596337799,"Seychelles_Inner"
-24,-133000,"AP0000006",10253924109.4894,10253.9241094894,225180.596337799,"Seychelles_Inner"
-22,-134000,"AP0000072",9252097744.0046,9252.0977440046,225180.596337799,"Seychelles_Inner"
-20,-135000,"AP0000040",8462789775.88438,8462.78977588438,225180.596337799,"Seychelles_Inner"
-18,-136000,"AP0000073",7648137338.90012,7648.13733890012,225180.596337799,"Seychelles_Inner"
-19,-137000,"AP0000046",8054235577.82928,8054.23557782928,225180.596337799,"Seychelles_Inner"
-22,-138000,"AP0000072",9252097744.0046,9252.0977440046,225180.596337799,"Seychelles_Inner"
-28,-139000,"AP0000071",12194743476.8443,12194.7434768443,225180.596337799,"Seychelles_Inner"
-44,-140000,"AP0000074",25824378150.4219,25824.3781504219,225180.596337799,"Seychelles_Inner"
0,0,"AP0000000",1689493530.77622,1689.49353077622,166776.173129172,"Society"
-1,-1000,"AP0000001",1788558470.82738,1788.55847082738,166776.173129172,"Society"
-2,-2000,"AP0000002",1815166499.92208,1815.16649992208,166776.173129172,"Society"
-3,-3000,"AP0000003",1837267139.89259,1837.26713989259,166776.173129172,"Society"
-3,-4000,"AP0000003",1837267139.89259,1837.26713989259,166776.173129172,"Society"
-3,-5000,"AP0000003",1837267139.89259,1837.26713989259,166776.173129172,"Society"
-4,-6000,"AP0000004",1859572825.65314,1859.57282565314,166776.173129172,"Society"
-4,-7000,"AP0000004",1859572825.65314,1859.57282565314,166776.173129172,"Society"
-11,-8000,"AP0000005",1992581550.6666,1992.5815506666,166776.173129172,"Society"
-24,-9000,"AP0000006",2148719080.82519,2148.71908082519,166776.173129172,"Society"
-38,-10000,"AP0000007",2250754802.04695,2250.75480204695,166776.173129172,"Society"
-52,-11000,"AP0000008",2329539465.82764,2329.53946582764,166776.173129172,"Society"
-65,-12000,"AP0000009",2376389680.42663,2376.38968042663,166776.173129172,"Society"
-76,-13000,"AP0000010",2414237573.67727,2414.23757367727,166776.173129172,"Society"
-85,-14000,"AP0000011",2441246482.25192,2441.24648225192,166776.173129172,"Society"
-93,-15000,"AP0000012",2464984416.35237,2464.98441635237,166776.173129172,"Society"
-102,-16000,"AP0000013",2492398518.30959,2492.39851830959,166776.173129172,"Society"
-109,-17000,"AP0000014",2509571817.18233,2509.57181718233,166776.173129172,"Society"
-116,-18000,"AP0000015",2527778603.71287,2527.77860371287,166776.173129172,"Society"
-121,-19000,"AP0000016",2540650158.96004,2540.65015896004,166776.173129172,"Society"
-123,-20000,"AP0000017",2546575244.00625,2546.57524400625,166776.173129172,"Society"
-122,-21000,"AP0000018",2544120663.72742,2544.12066372742,166776.173129172,"Society"
-118,-22000,"AP0000019",2533703622.03126,2533.70362203126,166776.173129172,"Society"
-112,-23000,"AP0000020",2516321884.78295,2516.32188478295,166776.173129172,"Society"
-105,-24000,"AP0000021",2499555350.67258,2499.55535067258,166776.173129172,"Society"
-98,-25000,"AP0000022",2482174622.31699,2482.17462231699,166776.173129172,"Society"
-93,-26000,"AP0000012",2464984416.35237,2464.98441635237,166776.173129172,"Society"
-90,-27000,"AP0000023",2457205934.15783,2457.20593415783,166776.173129172,"Society"
-87,-28000,"AP0000024",2449222679.34038,2449.22267934038,166776.173129172,"Society"
-84,-29000,"AP0000025",2437567594.83791,2437.56759483791,166776.173129172,"Society"
-81,-30000,"AP0000026",2427539079.77577,2427.53907977577,166776.173129172,"Society"
-79,-31000,"AP0000027",2420579305.92395,2420.57930592395,166776.173129172,"Society"
-76,-32000,"AP0000010",2414237573.67727,2414.23757367727,166776.173129172,"Society"
-75,-33000,"AP0000028",2410959942.65419,2410.95994265419,166776.173129172,"Society"
-73,-34000,"AP0000029",2404823994.08031,2404.82399408031,166776.173129172,"Society"
-72,-35000,"AP0000030",2401551740.98106,2401.55174098106,166776.173129172,"Society"
-72,-36000,"AP0000030",2401551740.98106,2401.55174098106,166776.173129172,"Society"
-72,-37000,"AP0000030",2401551740.98106,2401.55174098106,166776.173129172,"Society"
-72,-38000,"AP0000030",2401551740.98106,2401.55174098106,166776.173129172,"Society"
-74,-39000,"AP0000031",2408914099.08688,2408.91409908688,166776.173129172,"Society"
-76,-40000,"AP0000010",2414237573.67727,2414.23757367727,166776.173129172,"Society"
-78,-41000,"AP0000032",2418330310.25519,2418.33031025519,166776.173129172,"Society"
-80,-42000,"AP0000033",2424261340.90996,2424.26134090996,166776.173129172,"Society"
-82,-43000,"AP0000034",2431631767.3861,2431.6317673861,166776.173129172,"Society"
-84,-44000,"AP0000025",2437567594.83791,2437.56759483791,166776.173129172,"Society"
-85,-45000,"AP0000011",2441246482.25192,2441.24648225192,166776.173129172,"Society"
-86,-46000,"AP0000035",2445951138.63469,2445.95113863469,166776.173129172,"Society"
-86,-47000,"AP0000035",2445951138.63469,2445.95113863469,166776.173129172,"Society"
-86,-48000,"AP0000035",2445951138.63469,2445.95113863469,166776.173129172,"Society"
-86,-49000,"AP0000035",2445951138.63469,2445.95113863469,166776.173129172,"Society"
-86,-50000,"AP0000035",2445951138.63469,2445.95113863469,166776.173129172,"Society"
-86,-51000,"AP0000035",2445951138.63469,2445.95113863469,166776.173129172,"Society"
-85,-52000,"AP0000011",2441246482.25192,2441.24648225192,166776.173129172,"Society"
-85,-53000,"AP0000011",2441246482.25192,2441.24648225192,166776.173129172,"Society"
-85,-54000,"AP0000011",2441246482.25192,2441.24648225192,166776.173129172,"Society"
-84,-55000,"AP0000025",2437567594.83791,2437.56759483791,166776.173129172,"Society"
-83,-56000,"AP0000036",2433676844.65061,2433.67684465061,166776.173129172,"Society"
-82,-57000,"AP0000034",2431631767.3861,2431.6317673861,166776.173129172,"Society"
-80,-58000,"AP0000033",2424261340.90996,2424.26134090996,166776.173129172,"Society"
-79,-59000,"AP0000027",2420579305.92395,2420.57930592395,166776.173129172,"Society"
-78,-60000,"AP0000032",2418330310.25519,2418.33031025519,166776.173129172,"Society"
-77,-61000,"AP0000037",2415873851.16092,2415.87385116092,166776.173129172,"Society"
-77,-62000,"AP0000037",2415873851.16092,2415.87385116092,166776.173129172,"Society"
-77,-63000,"AP0000037",2415873851.16092,2415.87385116092,166776.173129172,"Society"
-78,-64000,"AP0000032",2418330310.25519,2418.33031025519,166776.173129172,"Society"
-79,-65000,"AP0000027",2420579305.92395,2420.57930592395,166776.173129172,"Society"
-81,-66000,"AP0000026",2427539079.77577,2427.53907977577,166776.173129172,"Society"
-82,-67000,"AP0000034",2431631767.3861,2431.6317673861,166776.173129172,"Society"
-82,-68000,"AP0000034",2431631767.3861,2431.6317673861,166776.173129172,"Society"
-81,-69000,"AP0000026",2427539079.77577,2427.53907977577,166776.173129172,"Society"
-80,-70000,"AP0000033",2424261340.90996,2424.26134090996,166776.173129172,"Society"
-81,-71000,"AP0000026",2427539079.77577,2427.53907977577,166776.173129172,"Society"
-83,-72000,"AP0000036",2433676844.65061,2433.67684465061,166776.173129172,"Society"
-72,-73000,"AP0000030",2401551740.98106,2401.55174098106,166776.173129172,"Society"
-48,-74000,"AP0000038",2314401474.95575,2314.40147495575,166776.173129172,"Society"
-29,-75000,"AP0000039",2188380794.32918,2188.38079432918,166776.173129172,"Society"
-20,-76000,"AP0000040",2091608385.89743,2091.60838589743,166776.173129172,"Society"
-17,-77000,"AP0000041",2061320361.1329,2061.3203611329,166776.173129172,"Society"
-15,-78000,"AP0000042",2041062267.48846,2041.06226748846,166776.173129172,"Society"
-14,-79000,"AP0000043",2029809917.46448,2029.80991746448,166776.173129172,"Society"
-13,-80000,"AP0000044",2016918284.8336,2016.9182848336,166776.173129172,"Society"
-12,-81000,"AP0000045",2005264025.44338,2005.26402544338,166776.173129172,"Society"
-12,-82000,"AP0000045",2005264025.44338,2005.26402544338,166776.173129172,"Society"
-13,-83000,"AP0000044",2016918284.8336,2016.9182848336,166776.173129172,"Society"
-15,-84000,"AP0000042",2041062267.48846,2041.06226748846,166776.173129172,"Society"
-19,-85000,"AP0000046",2081169757.85171,2081.16975785171,166776.173129172,"Society"
-26,-86000,"AP0000047",2165068903.68375,2165.06890368375,166776.173129172,"Society"
-34,-87000,"AP0000048",2221908218.81014,2221.90821881014,166776.173129172,"Society"
-43,-88000,"AP0000049",2289636993.04589,2289.63699304589,166776.173129172,"Society"
-49,-89000,"AP0000050",2317472960.46464,2317.47296046464,166776.173129172,"Society"
-52,-90000,"AP0000008",2329539465.82764,2329.53946582764,166776.173129172,"Society"
-54,-91000,"AP0000051",2336699119.67023,2336.69911967023,166776.173129172,"Society"
-55,-92000,"AP0000052",2342226742.92117,2342.22674292117,166776.173129172,"Society"
-55,-93000,"AP0000052",2342226742.92117,2342.22674292117,166776.173129172,"Society"
-56,-94000,"AP0000053",2346727914.55247,2346.72791455247,166776.173129172,"Society"
-54,-95000,"AP0000051",2336699119.67023,2336.69911967023,166776.173129172,"Society"
-46,-96000,"AP0000054",2306418343.64716,2306.41834364716,166776.173129172,"Society"
-35,-97000,"AP0000055",2231323057.09701,2231.32305709701,166776.173129172,"Society"
-24,-98000,"AP0000006",2148719080.82519,2148.71908082519,166776.173129172,"Society"
-16,-99000,"AP0000056",2053139782.54207,2053.13978254207,166776.173129172,"Society"
-12,-1e+05,"AP0000045",2005264025.44338,2005.26402544338,166776.173129172,"Society"
-10,-101000,"AP0000057",1971295327.1769,1971.2953271769,166776.173129172,"Society"
-10,-102000,"AP0000057",1971295327.1769,1971.2953271769,166776.173129172,"Society"
-9,-103000,"AP0000058",1955539652.75053,1955.53965275053,166776.173129172,"Society"
-8,-104000,"AP0000059",1944490126.83738,1944.49012683738,166776.173129172,"Society"
-10,-105000,"AP0000057",1971295327.1769,1971.2953271769,166776.173129172,"Society"
-16,-106000,"AP0000056",2053139782.54207,2053.13978254207,166776.173129172,"Society"
-26,-107000,"AP0000047",2165068903.68375,2165.06890368375,166776.173129172,"Society"
-31,-108000,"AP0000060",2202699468.57523,2202.69946857523,166776.173129172,"Society"
-33,-109000,"AP0000061",2215370441.67569,2215.37044167569,166776.173129172,"Society"
-33,-110000,"AP0000061",2215370441.67569,2215.37044167569,166776.173129172,"Society"
-32,-111000,"AP0000062",2209443866.6987,2209.4438666987,166776.173129172,"Society"
-32,-112000,"AP0000062",2209443866.6987,2209.4438666987,166776.173129172,"Society"
-27,-113000,"AP0000063",2172437660.01322,2172.43766001322,166776.173129172,"Society"
-16,-114000,"AP0000056",2053139782.54207,2053.13978254207,166776.173129172,"Society"
-6,-115000,"AP0000064",1902334902.57264,1902.33490257264,166776.173129172,"Society"
0,-116000,"AP0000000",1689493530.77622,1689.49353077622,166776.173129172,"Society"
3,-117000,"AP0000065",1676179706.98368,1676.17970698368,166776.173129172,"Society"
5,-118000,"AP0000066",1667581656.47128,1667.58165647128,166776.173129172,"Society"
7,-119000,"AP0000067",1653449357.90728,1653.44935790728,166776.173129172,"Society"
9,-120000,"AP0000068",1630748717.03153,1630.74871703153,166776.173129172,"Society"
10,-121000,"AP0000069",1620936951.19419,1620.93695119419,166776.173129172,"Society"
10,-122000,"AP0000069",1620936951.19419,1620.93695119419,166776.173129172,"Society"
10,-123000,"AP0000069",1620936951.19419,1620.93695119419,166776.173129172,"Society"
9,-124000,"AP0000068",1630748717.03153,1630.74871703153,166776.173129172,"Society"
9,-125000,"AP0000068",1630748717.03153,1630.74871703153,166776.173129172,"Society"
10,-126000,"AP0000069",1620936951.19419,1620.93695119419,166776.173129172,"Society"
12,-127000,"AP0000070",1601523019.20718,1601.52301920718,166776.173129172,"Society"
10,-128000,"AP0000069",1620936951.19419,1620.93695119419,166776.173129172,"Society"
-3,-129000,"AP0000003",1837267139.89259,1837.26713989259,166776.173129172,"Society"
-27,-130000,"AP0000063",2172437660.01322,2172.43766001322,166776.173129172,"Society"
-28,-131000,"AP0000071",2182042853.5201,2182.0428535201,166776.173129172,"Society"
-26,-132000,"AP0000047",2165068903.68375,2165.06890368375,166776.173129172,"Society"
-24,-133000,"AP0000006",2148719080.82519,2148.71908082519,166776.173129172,"Society"
-22,-134000,"AP0000072",2134201422.62986,2134.20142262986,166776.173129172,"Society"
-20,-135000,"AP0000040",2091608385.89743,2091.60838589743,166776.173129172,"Society"
-18,-136000,"AP0000073",2072572882.38186,2072.57288238186,166776.173129172,"Society"
-19,-137000,"AP0000046",2081169757.85171,2081.16975785171,166776.173129172,"Society"
-22,-138000,"AP0000072",2134201422.62986,2134.20142262986,166776.173129172,"Society"
-28,-139000,"AP0000071",2182042853.5201,2182.0428535201,166776.173129172,"Society"
-44,-140000,"AP0000074",2295363497.57991,2295.36349757991,166776.173129172,"Society"
0,0,"AP0000000",176054425.225577,176.054425225577,347.659812253548,"Socorro"
-1,-1000,"AP0000001",188821008.416528,188.821008416528,347.659812253548,"Socorro"
-2,-2000,"AP0000002",188821008.416528,188.821008416528,347.659812253548,"Socorro"
-3,-3000,"AP0000003",188821008.416528,188.821008416528,347.659812253548,"Socorro"
-3,-4000,"AP0000003",188821008.416528,188.821008416528,347.659812253548,"Socorro"
-3,-5000,"AP0000003",188821008.416528,188.821008416528,347.659812253548,"Socorro"
-4,-6000,"AP0000004",188821008.416528,188.821008416528,347.659812253548,"Socorro"
-4,-7000,"AP0000004",188821008.416528,188.821008416528,347.659812253548,"Socorro"
-11,-8000,"AP0000005",189226214.754637,189.226214754637,347.659812253548,"Socorro"
-24,-9000,"AP0000006",191860049.669004,191.860049669004,347.659812253548,"Socorro"
-38,-10000,"AP0000007",194898547.031677,194.898547031677,347.659812253548,"Socorro"
-52,-11000,"AP0000008",198950183.946015,198.950183946015,347.659812253548,"Socorro"
-65,-12000,"AP0000009",201989179.47886,201.98917947886,347.659812253548,"Socorro"
-76,-13000,"AP0000010",204825568.575693,204.825568575693,347.659812253548,"Socorro"
-85,-14000,"AP0000011",207459425.313488,207.459425313488,347.659812253548,"Socorro"
-93,-15000,"AP0000012",210092896.767519,210.092896767519,347.659812253548,"Socorro"
-102,-16000,"AP0000013",214144866.231688,214.144866231688,347.659812253548,"Socorro"
-109,-17000,"AP0000014",216576276.709129,216.576276709129,347.659812253548,"Socorro"
-116,-18000,"AP0000015",219007247.941403,219.007247941403,347.659812253548,"Socorro"
-121,-19000,"AP0000016",221235847.343713,221.235847343713,347.659812253548,"Socorro"
-123,-20000,"AP0000017",222046004.546739,222.046004546739,347.659812253548,"Socorro"
-122,-21000,"AP0000018",221640913.690413,221.640913690413,347.659812253548,"Socorro"
-118,-22000,"AP0000019",220020281.852085,220.020281852085,347.659812253548,"Socorro"
-112,-23000,"AP0000020",217791728.134948,217.791728134948,347.659812253548,"Socorro"
-105,-24000,"AP0000021",215157938.379843,215.157938379843,347.659812253548,"Socorro"
-98,-25000,"AP0000022",212524231.425684,212.524231425684,347.659812253548,"Socorro"
-93,-26000,"AP0000012",210092896.767519,210.092896767519,347.659812253548,"Socorro"
-90,-27000,"AP0000023",209282520.578275,209.282520578275,347.659812253548,"Socorro"
-87,-28000,"AP0000024",207662114.560151,207.662114560151,347.659812253548,"Socorro"
-84,-29000,"AP0000025",207256844.859898,207.256844859898,347.659812253548,"Socorro"
-81,-30000,"AP0000026",206446511.815361,206.446511815361,347.659812253548,"Socorro"
-79,-31000,"AP0000027",206041278.997416,206.041278997416,347.659812253548,"Socorro"
-76,-32000,"AP0000010",204825568.575693,204.825568575693,347.659812253548,"Socorro"
-75,-33000,"AP0000028",204825568.575693,204.825568575693,347.659812253548,"Socorro"
-73,-34000,"AP0000029",204420340.666215,204.420340666215,347.659812253548,"Socorro"
-72,-35000,"AP0000030",204420340.666215,204.420340666215,347.659812253548,"Socorro"
-72,-36000,"AP0000030",204420340.666215,204.420340666215,347.659812253548,"Socorro"
-72,-37000,"AP0000030",204420340.666215,204.420340666215,347.659812253548,"Socorro"
-72,-38000,"AP0000030",204420340.666215,204.420340666215,347.659812253548,"Socorro"
-74,-39000,"AP0000031",204420340.666215,204.420340666215,347.659812253548,"Socorro"
-76,-40000,"AP0000010",204825568.575693,204.825568575693,347.659812253548,"Socorro"
-78,-41000,"AP0000032",205635856.97129,205.63585697129,347.659812253548,"Socorro"
-80,-42000,"AP0000033",206243924.727471,206.243924727471,347.659812253548,"Socorro"
-82,-43000,"AP0000034",206649138.797803,206.649138797803,347.659812253548,"Socorro"
-84,-44000,"AP0000025",207256844.859898,207.256844859898,347.659812253548,"Socorro"
-85,-45000,"AP0000011",207459425.313488,207.459425313488,347.659812253548,"Socorro"
-86,-46000,"AP0000035",207662114.560151,207.662114560151,347.659812253548,"Socorro"
-86,-47000,"AP0000035",207662114.560151,207.662114560151,347.659812253548,"Socorro"
-86,-48000,"AP0000035",207662114.560151,207.662114560151,347.659812253548,"Socorro"
-86,-49000,"AP0000035",207662114.560151,207.662114560151,347.659812253548,"Socorro"
-86,-50000,"AP0000035",207662114.560151,207.662114560151,347.659812253548,"Socorro"
-86,-51000,"AP0000035",207662114.560151,207.662114560151,347.659812253548,"Socorro"
-85,-52000,"AP0000011",207459425.313488,207.459425313488,347.659812253548,"Socorro"
-85,-53000,"AP0000011",207459425.313488,207.459425313488,347.659812253548,"Socorro"
-85,-54000,"AP0000011",207459425.313488,207.459425313488,347.659812253548,"Socorro"
-84,-55000,"AP0000025",207256844.859898,207.256844859898,347.659812253548,"Socorro"
-83,-56000,"AP0000036",207054331.288242,207.054331288242,347.659812253548,"Socorro"
-82,-57000,"AP0000034",206649138.797803,206.649138797803,347.659812253548,"Socorro"
-80,-58000,"AP0000033",206243924.727471,206.243924727471,347.659812253548,"Socorro"
-79,-59000,"AP0000027",206041278.997416,206.041278997416,347.659812253548,"Socorro"
-78,-60000,"AP0000032",205635856.97129,205.63585697129,347.659812253548,"Socorro"
-77,-61000,"AP0000037",205028103.664042,205.028103664042,347.659812253548,"Socorro"
-77,-62000,"AP0000037",205028103.664042,205.028103664042,347.659812253548,"Socorro"
-77,-63000,"AP0000037",205028103.664042,205.028103664042,347.659812253548,"Socorro"
-78,-64000,"AP0000032",205635856.97129,205.63585697129,347.659812253548,"Socorro"
-79,-65000,"AP0000027",206041278.997416,206.041278997416,347.659812253548,"Socorro"
-81,-66000,"AP0000026",206446511.815361,206.446511815361,347.659812253548,"Socorro"
-82,-67000,"AP0000034",206649138.797803,206.649138797803,347.659812253548,"Socorro"
-82,-68000,"AP0000034",206649138.797803,206.649138797803,347.659812253548,"Socorro"
-81,-69000,"AP0000026",206446511.815361,206.446511815361,347.659812253548,"Socorro"
-80,-70000,"AP0000033",206243924.727471,206.243924727471,347.659812253548,"Socorro"
-81,-71000,"AP0000026",206446511.815361,206.446511815361,347.659812253548,"Socorro"
-83,-72000,"AP0000036",207054331.288242,207.054331288242,347.659812253548,"Socorro"
-72,-73000,"AP0000030",204420340.666215,204.420340666215,347.659812253548,"Socorro"
-48,-74000,"AP0000038",197532220.925531,197.532220925531,347.659812253548,"Socorro"
-29,-75000,"AP0000039",192872806.805771,192.872806805771,347.659812253548,"Socorro"
-20,-76000,"AP0000040",191252288.31913,191.25228831913,347.659812253548,"Socorro"
-17,-77000,"AP0000041",190442005.551952,190.442005551952,347.659812253548,"Socorro"
-15,-78000,"AP0000042",190036640.949607,190.036640949607,347.659812253548,"Socorro"
-14,-79000,"AP0000043",189833970.830142,189.833970830142,347.659812253548,"Socorro"
-13,-80000,"AP0000044",189631290.961175,189.631290961175,347.659812253548,"Socorro"
-12,-81000,"AP0000045",189428757.761624,189.428757761624,347.659812253548,"Socorro"
-12,-82000,"AP0000045",189428757.761624,189.428757761624,347.659812253548,"Socorro"
-13,-83000,"AP0000044",189631290.961175,189.631290961175,347.659812253548,"Socorro"
-15,-84000,"AP0000042",190036640.949607,190.036640949607,347.659812253548,"Socorro"
-19,-85000,"AP0000046",191252288.31913,191.25228831913,347.659812253548,"Socorro"
-26,-86000,"AP0000047",192265194.466757,192.265194466757,347.659812253548,"Socorro"
-34,-87000,"AP0000048",194493490.444229,194.493490444229,347.659812253548,"Socorro"
-43,-88000,"AP0000049",196114170.230064,196.114170230064,347.659812253548,"Socorro"
-49,-89000,"AP0000050",198545154.540247,198.545154540247,347.659812253548,"Socorro"
-52,-90000,"AP0000008",198950183.946015,198.950183946015,347.659812253548,"Socorro"
-54,-91000,"AP0000051",199558181.519414,199.558181519414,347.659812253548,"Socorro"
-55,-92000,"AP0000052",199963516.882573,199.963516882573,347.659812253548,"Socorro"
-55,-93000,"AP0000052",199963516.882573,199.963516882573,347.659812253548,"Socorro"
-56,-94000,"AP0000053",200166054.985998,200.166054985998,347.659812253548,"Socorro"
-54,-95000,"AP0000051",199558181.519414,199.558181519414,347.659812253548,"Socorro"
-46,-96000,"AP0000054",197329665.852731,197.329665852731,347.659812253548,"Socorro"
-35,-97000,"AP0000055",194696023.64378,194.69602364378,347.659812253548,"Socorro"
-24,-98000,"AP0000006",191860049.669004,191.860049669004,347.659812253548,"Socorro"
-16,-99000,"AP0000056",190442005.551952,190.442005551952,347.659812253548,"Socorro"
-12,-1e+05,"AP0000045",189428757.761624,189.428757761624,347.659812253548,"Socorro"
-10,-101000,"AP0000057",189226214.754637,189.226214754637,347.659812253548,"Socorro"
-10,-102000,"AP0000057",189226214.754637,189.226214754637,347.659812253548,"Socorro"
-9,-103000,"AP0000058",189226214.754637,189.226214754637,347.659812253548,"Socorro"
-8,-104000,"AP0000059",189023676.650841,189.023676650841,347.659812253548,"Socorro"
-10,-105000,"AP0000057",189226214.754637,189.226214754637,347.659812253548,"Socorro"
-16,-106000,"AP0000056",190442005.551952,190.442005551952,347.659812253548,"Socorro"
-26,-107000,"AP0000047",192265194.466757,192.265194466757,347.659812253548,"Socorro"
-31,-108000,"AP0000060",193480373.928738,193.480373928738,347.659812253548,"Socorro"
-33,-109000,"AP0000061",194088228.428226,194.088228428226,347.659812253548,"Socorro"
-33,-110000,"AP0000061",194088228.428226,194.088228428226,347.659812253548,"Socorro"
-32,-111000,"AP0000062",193683042.163052,193.683042163052,347.659812253548,"Socorro"
-32,-112000,"AP0000062",193683042.163052,193.683042163052,347.659812253548,"Socorro"
-27,-113000,"AP0000063",192265194.466757,192.265194466757,347.659812253548,"Socorro"
-16,-114000,"AP0000056",190442005.551952,190.442005551952,347.659812253548,"Socorro"
-6,-115000,"AP0000064",188821008.416528,188.821008416528,347.659812253548,"Socorro"
0,-116000,"AP0000000",176054425.225577,176.054425225577,347.659812253548,"Socorro"
3,-117000,"AP0000065",174231164.417943,174.231164417943,347.659812253548,"Socorro"
5,-118000,"AP0000066",172813277.775392,172.813277775392,347.659812253548,"Socorro"
7,-119000,"AP0000067",170584925.238598,170.584925238598,347.659812253548,"Socorro"
9,-120000,"AP0000068",167950999.664681,167.950999664681,347.659812253548,"Socorro"
10,-121000,"AP0000069",167343204.772597,167.343204772597,347.659812253548,"Socorro"
10,-122000,"AP0000069",167343204.772597,167.343204772597,347.659812253548,"Socorro"
10,-123000,"AP0000069",167343204.772597,167.343204772597,347.659812253548,"Socorro"
9,-124000,"AP0000068",167950999.664681,167.950999664681,347.659812253548,"Socorro"
9,-125000,"AP0000068",167950999.664681,167.950999664681,347.659812253548,"Socorro"
10,-126000,"AP0000069",167343204.772597,167.343204772597,347.659812253548,"Socorro"
12,-127000,"AP0000070",164911956.841259,164.911956841259,347.659812253548,"Socorro"
10,-128000,"AP0000069",167343204.772597,167.343204772597,347.659812253548,"Socorro"
-3,-129000,"AP0000003",188821008.416528,188.821008416528,347.659812253548,"Socorro"
-27,-130000,"AP0000063",192265194.466757,192.265194466757,347.659812253548,"Socorro"
-28,-131000,"AP0000071",192265194.466757,192.265194466757,347.659812253548,"Socorro"
-26,-132000,"AP0000047",192265194.466757,192.265194466757,347.659812253548,"Socorro"
-24,-133000,"AP0000006",191860049.669004,191.860049669004,347.659812253548,"Socorro"
-22,-134000,"AP0000072",191454966.301954,191.454966301954,347.659812253548,"Socorro"
-20,-135000,"AP0000040",191252288.31913,191.25228831913,347.659812253548,"Socorro"
-18,-136000,"AP0000073",190847262.305371,190.847262305371,347.659812253548,"Socorro"
-19,-137000,"AP0000046",191252288.31913,191.25228831913,347.659812253548,"Socorro"
-22,-138000,"AP0000072",191454966.301954,191.454966301954,347.659812253548,"Socorro"
-28,-139000,"AP0000071",192265194.466757,192.265194466757,347.659812253548,"Socorro"
-44,-140000,"AP0000074",196924606.979526,196.924606979526,347.659812253548,"Socorro"
0,0,"AP0000000",426339746.120218,426.339746120218,6539.32402613995,"Tonga"
-1,-1000,"AP0000001",478873063.858163,478.873063858163,6539.32402613995,"Tonga"
-2,-2000,"AP0000002",525409356.344691,525.409356344691,6539.32402613995,"Tonga"
-3,-3000,"AP0000003",539789342.070171,539.789342070172,6539.32402613995,"Tonga"
-3,-4000,"AP0000003",539789342.070171,539.789342070172,6539.32402613995,"Tonga"
-3,-5000,"AP0000003",539789342.070171,539.789342070172,6539.32402613995,"Tonga"
-4,-6000,"AP0000004",555966997.234567,555.966997234567,6539.32402613995,"Tonga"
-4,-7000,"AP0000004",555966997.234567,555.966997234567,6539.32402613995,"Tonga"
-11,-8000,"AP0000005",713535780.16822,713.53578016822,6539.32402613995,"Tonga"
-24,-9000,"AP0000006",1048974864.23819,1048.97486423819,6539.32402613995,"Tonga"
-38,-10000,"AP0000007",1146127100.11522,1146.12710011522,6539.32402613995,"Tonga"
-52,-11000,"AP0000008",1345327374.89853,1345.32737489853,6539.32402613995,"Tonga"
-65,-12000,"AP0000009",1378291217.78214,1378.29121778214,6539.32402613995,"Tonga"
-76,-13000,"AP0000010",1401062452.58012,1401.06245258012,6539.32402613995,"Tonga"
-85,-14000,"AP0000011",1422034016.49316,1422.03401649316,6539.32402613995,"Tonga"
-93,-15000,"AP0000012",1442807480.20371,1442.80748020371,6539.32402613995,"Tonga"
-102,-16000,"AP0000013",1457784074.65433,1457.78407465433,6539.32402613995,"Tonga"
-109,-17000,"AP0000014",1470962453.463,1470.962453463,6539.32402613995,"Tonga"
-116,-18000,"AP0000015",1481342111.45799,1481.34211145799,6539.32402613995,"Tonga"
-121,-19000,"AP0000016",1487730321.95765,1487.73032195765,6539.32402613995,"Tonga"
-123,-20000,"AP0000017",1491723318.35078,1491.72331835078,6539.32402613995,"Tonga"
-122,-21000,"AP0000018",1489527214.29055,1489.52721429055,6539.32402613995,"Tonga"
-118,-22000,"AP0000019",1484535740.24157,1484.53574024157,6539.32402613995,"Tonga"
-112,-23000,"AP0000020",1475352821.63846,1475.35282163847,6539.32402613995,"Tonga"
-105,-24000,"AP0000021",1463174880.75667,1463.17488075667,6539.32402613995,"Tonga"
-98,-25000,"AP0000022",1452392143.62361,1452.39214362361,6539.32402613995,"Tonga"
-93,-26000,"AP0000012",1442807480.20371,1442.80748020371,6539.32402613995,"Tonga"
-90,-27000,"AP0000023",1436416036.03142,1436.41603603142,6539.32402613995,"Tonga"
-87,-28000,"AP0000024",1426626238.96447,1426.62623896447,6539.32402613995,"Tonga"
-84,-29000,"AP0000025",1417840094.40451,1417.84009440451,6539.32402613995,"Tonga"
-81,-30000,"AP0000026",1410850671.02492,1410.85067102492,6539.32402613995,"Tonga"
-79,-31000,"AP0000027",1407454783.93213,1407.45478393213,6539.32402613995,"Tonga"
-76,-32000,"AP0000010",1401062452.58012,1401.06245258012,6539.32402613995,"Tonga"
-75,-33000,"AP0000028",1398865537.94889,1398.86553794889,6539.32402613995,"Tonga"
-73,-34000,"AP0000029",1395070411.84136,1395.07041184136,6539.32402613995,"Tonga"
-72,-35000,"AP0000030",1393472582.12369,1393.47258212369,6539.32402613995,"Tonga"
-72,-36000,"AP0000030",1393472582.12369,1393.47258212369,6539.32402613995,"Tonga"
-72,-37000,"AP0000030",1393472582.12369,1393.47258212369,6539.32402613995,"Tonga"
-72,-38000,"AP0000030",1393472582.12369,1393.47258212369,6539.32402613995,"Tonga"
-74,-39000,"AP0000031",1396668739.09874,1396.66873909874,6539.32402613995,"Tonga"
-76,-40000,"AP0000010",1401062452.58012,1401.06245258012,6539.32402613995,"Tonga"
-78,-41000,"AP0000032",1405457292.57744,1405.45729257744,6539.32402613995,"Tonga"
-80,-42000,"AP0000033",1408852454.43509,1408.85245443509,6539.32402613995,"Tonga"
-82,-43000,"AP0000034",1413446594.05089,1413.44659405089,6539.32402613995,"Tonga"
-84,-44000,"AP0000025",1417840094.40451,1417.84009440451,6539.32402613995,"Tonga"
-85,-45000,"AP0000011",1422034016.49316,1422.03401649316,6539.32402613995,"Tonga"
-86,-46000,"AP0000035",1424030102.09177,1424.03010209177,6539.32402613995,"Tonga"
-86,-47000,"AP0000035",1424030102.09177,1424.03010209177,6539.32402613995,"Tonga"
-86,-48000,"AP0000035",1424030102.09177,1424.03010209177,6539.32402613995,"Tonga"
-86,-49000,"AP0000035",1424030102.09177,1424.03010209177,6539.32402613995,"Tonga"
-86,-50000,"AP0000035",1424030102.09177,1424.03010209177,6539.32402613995,"Tonga"
-86,-51000,"AP0000035",1424030102.09177,1424.03010209177,6539.32402613995,"Tonga"
-85,-52000,"AP0000011",1422034016.49316,1422.03401649316,6539.32402613995,"Tonga"
-85,-53000,"AP0000011",1422034016.49316,1422.03401649316,6539.32402613995,"Tonga"
-85,-54000,"AP0000011",1422034016.49316,1422.03401649316,6539.32402613995,"Tonga"
-84,-55000,"AP0000025",1417840094.40451,1417.84009440451,6539.32402613995,"Tonga"
-83,-56000,"AP0000036",1415842759.03462,1415.84275903462,6539.32402613995,"Tonga"
-82,-57000,"AP0000034",1413446594.05089,1413.44659405089,6539.32402613995,"Tonga"
-80,-58000,"AP0000033",1408852454.43509,1408.85245443509,6539.32402613995,"Tonga"
-79,-59000,"AP0000027",1407454783.93213,1407.45478393213,6539.32402613995,"Tonga"
-78,-60000,"AP0000032",1405457292.57744,1405.45729257744,6539.32402613995,"Tonga"
-77,-61000,"AP0000037",1404059169.71884,1404.05916971884,6539.32402613995,"Tonga"
-77,-62000,"AP0000037",1404059169.71884,1404.05916971884,6539.32402613995,"Tonga"
-77,-63000,"AP0000037",1404059169.71884,1404.05916971884,6539.32402613995,"Tonga"
-78,-64000,"AP0000032",1405457292.57744,1405.45729257744,6539.32402613995,"Tonga"
-79,-65000,"AP0000027",1407454783.93213,1407.45478393213,6539.32402613995,"Tonga"
-81,-66000,"AP0000026",1410850671.02492,1410.85067102492,6539.32402613995,"Tonga"
-82,-67000,"AP0000034",1413446594.05089,1413.44659405089,6539.32402613995,"Tonga"
-82,-68000,"AP0000034",1413446594.05089,1413.44659405089,6539.32402613995,"Tonga"
-81,-69000,"AP0000026",1410850671.02492,1410.85067102492,6539.32402613995,"Tonga"
-80,-70000,"AP0000033",1408852454.43509,1408.85245443509,6539.32402613995,"Tonga"
-81,-71000,"AP0000026",1410850671.02492,1410.85067102492,6539.32402613995,"Tonga"
-83,-72000,"AP0000036",1415842759.03462,1415.84275903462,6539.32402613995,"Tonga"
-72,-73000,"AP0000030",1393472582.12369,1393.47258212369,6539.32402613995,"Tonga"
-48,-74000,"AP0000038",1235103326.37956,1235.10332637956,6539.32402613995,"Tonga"
-29,-75000,"AP0000039",1079753907.71619,1079.75390771619,6539.32402613995,"Tonga"
-20,-76000,"AP0000040",981649842.493669,981.649842493669,6539.32402613995,"Tonga"
-17,-77000,"AP0000041",931900135.772461,931.900135772461,6539.32402613995,"Tonga"
-15,-78000,"AP0000042",849173096.796953,849.173096796953,6539.32402613995,"Tonga"
-14,-79000,"AP0000043",810608840.097655,810.608840097655,6539.32402613995,"Tonga"
-13,-80000,"AP0000044",775648739.774258,775.648739774258,6539.32402613995,"Tonga"
-12,-81000,"AP0000045",744289752.407239,744.289752407239,6539.32402613995,"Tonga"
-12,-82000,"AP0000045",744289752.407239,744.289752407239,6539.32402613995,"Tonga"
-13,-83000,"AP0000044",775648739.774258,775.648739774258,6539.32402613995,"Tonga"
-15,-84000,"AP0000042",849173096.796953,849.173096796953,6539.32402613995,"Tonga"
-19,-85000,"AP0000046",971460092.718539,971.460092718539,6539.32402613995,"Tonga"
-26,-86000,"AP0000047",1061764986.94829,1061.76498694829,6539.32402613995,"Tonga"
-34,-87000,"AP0000048",1110534383.37707,1110.53438337707,6539.32402613995,"Tonga"
-43,-88000,"AP0000049",1201116428.44244,1201.11642844244,6539.32402613995,"Tonga"
-49,-89000,"AP0000050",1335536558.5321,1335.5365585321,6539.32402613995,"Tonga"
-52,-90000,"AP0000008",1345327374.89853,1345.32737489853,6539.32402613995,"Tonga"
-54,-91000,"AP0000051",1349722068.39682,1349.72206839682,6539.32402613995,"Tonga"
-55,-92000,"AP0000052",1352320493.29444,1352.32049329444,6539.32402613995,"Tonga"
-55,-93000,"AP0000052",1352320493.29444,1352.32049329444,6539.32402613995,"Tonga"
-56,-94000,"AP0000053",1355516456.17562,1355.51645617562,6539.32402613995,"Tonga"
-54,-95000,"AP0000051",1349722068.39682,1349.72206839682,6539.32402613995,"Tonga"
-46,-96000,"AP0000054",1223108873.15719,1223.10887315719,6539.32402613995,"Tonga"
-35,-97000,"AP0000055",1121136385.18936,1121.13638518936,6539.32402613995,"Tonga"
-24,-98000,"AP0000006",1048974864.23819,1048.97486423819,6539.32402613995,"Tonga"
-16,-99000,"AP0000056",889342817.959259,889.342817959259,6539.32402613995,"Tonga"
-12,-1e+05,"AP0000045",744289752.407239,744.289752407239,6539.32402613995,"Tonga"
-10,-101000,"AP0000057",678181355.706762,678.181355706762,6539.32402613995,"Tonga"
-10,-102000,"AP0000057",678181355.706762,678.181355706762,6539.32402613995,"Tonga"
-9,-103000,"AP0000058",653021624.275817,653.021624275817,6539.32402613995,"Tonga"
-8,-104000,"AP0000059",629858096.432623,629.858096432623,6539.32402613995,"Tonga"
-10,-105000,"AP0000057",678181355.706762,678.181355706762,6539.32402613995,"Tonga"
-16,-106000,"AP0000056",889342817.959259,889.342817959259,6539.32402613995,"Tonga"
-26,-107000,"AP0000047",1061764986.94829,1061.76498694829,6539.32402613995,"Tonga"
-31,-108000,"AP0000060",1091948014.25573,1091.94801425573,6539.32402613995,"Tonga"
-33,-109000,"AP0000061",1105139858.18168,1105.13985818168,6539.32402613995,"Tonga"
-33,-110000,"AP0000061",1105139858.18168,1105.13985818168,6539.32402613995,"Tonga"
-32,-111000,"AP0000062",1098543997.50408,1098.54399750408,6539.32402613995,"Tonga"
-32,-112000,"AP0000062",1098543997.50408,1098.54399750408,6539.32402613995,"Tonga"
-27,-113000,"AP0000063",1067162228.40446,1067.16222840446,6539.32402613995,"Tonga"
-16,-114000,"AP0000056",889342817.959259,889.342817959259,6539.32402613995,"Tonga"
-6,-115000,"AP0000064",587922255.474717,587.922255474717,6539.32402613995,"Tonga"
0,-116000,"AP0000000",426339746.120218,426.339746120218,6539.32402613995,"Tonga"
3,-117000,"AP0000065",414948048.929621,414.948048929621,6539.32402613995,"Tonga"
5,-118000,"AP0000066",374214026.152392,374.214026152392,6539.32402613995,"Tonga"
7,-119000,"AP0000067",353448197.498941,353.448197498941,6539.32402613995,"Tonga"
9,-120000,"AP0000068",329486335.558708,329.486335558708,6539.32402613995,"Tonga"
10,-121000,"AP0000069",317504948.969232,317.504948969232,6539.32402613995,"Tonga"
10,-122000,"AP0000069",317504948.969232,317.504948969232,6539.32402613995,"Tonga"
10,-123000,"AP0000069",317504948.969232,317.504948969232,6539.32402613995,"Tonga"
9,-124000,"AP0000068",329486335.558708,329.486335558708,6539.32402613995,"Tonga"
9,-125000,"AP0000068",329486335.558708,329.486335558708,6539.32402613995,"Tonga"
10,-126000,"AP0000069",317504948.969232,317.504948969232,6539.32402613995,"Tonga"
12,-127000,"AP0000070",290944825.971661,290.944825971661,6539.32402613995,"Tonga"
10,-128000,"AP0000069",317504948.969232,317.504948969232,6539.32402613995,"Tonga"
-3,-129000,"AP0000003",539789342.070171,539.789342070172,6539.32402613995,"Tonga"
-27,-130000,"AP0000063",1067162228.40446,1067.16222840446,6539.32402613995,"Tonga"
-28,-131000,"AP0000071",1073958077.72534,1073.95807772534,6539.32402613995,"Tonga"
-26,-132000,"AP0000047",1061764986.94829,1061.76498694829,6539.32402613995,"Tonga"
-24,-133000,"AP0000006",1048974864.23819,1048.97486423819,6539.32402613995,"Tonga"
-22,-134000,"AP0000072",1000035456.13903,1000.03545613903,6539.32402613995,"Tonga"
-20,-135000,"AP0000040",981649842.493669,981.649842493669,6539.32402613995,"Tonga"
-18,-136000,"AP0000073",963469085.14619,963.469085146189,6539.32402613995,"Tonga"
-19,-137000,"AP0000046",971460092.718539,971.460092718539,6539.32402613995,"Tonga"
-22,-138000,"AP0000072",1000035456.13903,1000.03545613903,6539.32402613995,"Tonga"
-28,-139000,"AP0000071",1073958077.72534,1073.95807772534,6539.32402613995,"Tonga"
-44,-140000,"AP0000074",1210111882.07034,1210.11188207034,6539.32402613995,"Tonga"
0,0,"AP0000000",142903378.464415,142.903378464415,2144.1806966257,"Tristan_da_Cunha"
-1,-1000,"AP0000001",154029967.87795,154.02996787795,2144.1806966257,"Tristan_da_Cunha"
-2,-2000,"AP0000002",154029967.87795,154.02996787795,2144.1806966257,"Tristan_da_Cunha"
-3,-3000,"AP0000003",154029967.87795,154.02996787795,2144.1806966257,"Tristan_da_Cunha"
-3,-4000,"AP0000003",154029967.87795,154.02996787795,2144.1806966257,"Tristan_da_Cunha"
-3,-5000,"AP0000003",154029967.87795,154.02996787795,2144.1806966257,"Tristan_da_Cunha"
-4,-6000,"AP0000004",154200760.201158,154.200760201158,2144.1806966257,"Tristan_da_Cunha"
-4,-7000,"AP0000004",154200760.201158,154.200760201158,2144.1806966257,"Tristan_da_Cunha"
-11,-8000,"AP0000005",155740535.497588,155.740535497588,2144.1806966257,"Tristan_da_Cunha"
-24,-9000,"AP0000006",158651946.760677,158.651946760677,2144.1806966257,"Tristan_da_Cunha"
-38,-10000,"AP0000007",164464840.623657,164.464840623657,2144.1806966257,"Tristan_da_Cunha"
-52,-11000,"AP0000008",169590446.985475,169.590446985475,2144.1806966257,"Tristan_da_Cunha"
-65,-12000,"AP0000009",178644868.796239,178.644868796239,2144.1806966257,"Tristan_da_Cunha"
-76,-13000,"AP0000010",188550853.102389,188.550853102389,2144.1806966257,"Tristan_da_Cunha"
-85,-14000,"AP0000011",194016452.051449,194.016452051449,2144.1806966257,"Tristan_da_Cunha"
-93,-15000,"AP0000012",200337905.755975,200.337905755975,2144.1806966257,"Tristan_da_Cunha"
-102,-16000,"AP0000013",210756580.356785,210.756580356785,2144.1806966257,"Tristan_da_Cunha"
-109,-17000,"AP0000014",217929112.79759,217.92911279759,2144.1806966257,"Tristan_da_Cunha"
-116,-18000,"AP0000015",226296115.723336,226.296115723336,2144.1806966257,"Tristan_da_Cunha"
-121,-19000,"AP0000016",230223642.389149,230.223642389149,2144.1806966257,"Tristan_da_Cunha"
-123,-20000,"AP0000017",232272337.613118,232.272337613118,2144.1806966257,"Tristan_da_Cunha"
-122,-21000,"AP0000018",231418588.659352,231.418588659352,2144.1806966257,"Tristan_da_Cunha"
-118,-22000,"AP0000019",228345116.629485,228.345116629485,2144.1806966257,"Tristan_da_Cunha"
-112,-23000,"AP0000020",221515472.156953,221.515472156953,2144.1806966257,"Tristan_da_Cunha"
-105,-24000,"AP0000021",214684026.406422,214.684026406422,2144.1806966257,"Tristan_da_Cunha"
-98,-25000,"AP0000022",205803112.968542,205.803112968542,2144.1806966257,"Tristan_da_Cunha"
-93,-26000,"AP0000012",200337905.755975,200.337905755975,2144.1806966257,"Tristan_da_Cunha"
-90,-27000,"AP0000023",197775966.808055,197.775966808055,2144.1806966257,"Tristan_da_Cunha"
-87,-28000,"AP0000024",195725227.149222,195.725227149222,2144.1806966257,"Tristan_da_Cunha"
-84,-29000,"AP0000025",193675048.579834,193.675048579834,2144.1806966257,"Tristan_da_Cunha"
-81,-30000,"AP0000026",191455420.448559,191.455420448559,2144.1806966257,"Tristan_da_Cunha"
-79,-31000,"AP0000027",189746834.603217,189.746834603217,2144.1806966257,"Tristan_da_Cunha"
-76,-32000,"AP0000010",188550853.102389,188.550853102389,2144.1806966257,"Tristan_da_Cunha"
-75,-33000,"AP0000028",187868122.37545,187.86812237545,2144.1806966257,"Tristan_da_Cunha"
-73,-34000,"AP0000029",185648015.190605,185.648015190605,2144.1806966257,"Tristan_da_Cunha"
-72,-35000,"AP0000030",184452252.621623,184.452252621623,2144.1806966257,"Tristan_da_Cunha"
-72,-36000,"AP0000030",184452252.621623,184.452252621623,2144.1806966257,"Tristan_da_Cunha"
-72,-37000,"AP0000030",184452252.621623,184.452252621623,2144.1806966257,"Tristan_da_Cunha"
-72,-38000,"AP0000030",184452252.621623,184.452252621623,2144.1806966257,"Tristan_da_Cunha"
-74,-39000,"AP0000031",187184207.281893,187.184207281893,2144.1806966257,"Tristan_da_Cunha"
-76,-40000,"AP0000010",188550853.102389,188.550853102389,2144.1806966257,"Tristan_da_Cunha"
-78,-41000,"AP0000032",189233762.87101,189.23376287101,2144.1806966257,"Tristan_da_Cunha"
-80,-42000,"AP0000033",190259365.857888,190.259365857888,2144.1806966257,"Tristan_da_Cunha"
-82,-43000,"AP0000034",191967605.115862,191.967605115862,2144.1806966257,"Tristan_da_Cunha"
-84,-44000,"AP0000025",193675048.579834,193.675048579834,2144.1806966257,"Tristan_da_Cunha"
-85,-45000,"AP0000011",194016452.051449,194.016452051449,2144.1806966257,"Tristan_da_Cunha"
-86,-46000,"AP0000035",194870633.151195,194.870633151195,2144.1806966257,"Tristan_da_Cunha"
-86,-47000,"AP0000035",194870633.151195,194.870633151195,2144.1806966257,"Tristan_da_Cunha"
-86,-48000,"AP0000035",194870633.151195,194.870633151195,2144.1806966257,"Tristan_da_Cunha"
-86,-49000,"AP0000035",194870633.151195,194.870633151195,2144.1806966257,"Tristan_da_Cunha"
-86,-50000,"AP0000035",194870633.151195,194.870633151195,2144.1806966257,"Tristan_da_Cunha"
-86,-51000,"AP0000035",194870633.151195,194.870633151195,2144.1806966257,"Tristan_da_Cunha"
-85,-52000,"AP0000011",194016452.051449,194.016452051449,2144.1806966257,"Tristan_da_Cunha"
-85,-53000,"AP0000011",194016452.051449,194.016452051449,2144.1806966257,"Tristan_da_Cunha"
-85,-54000,"AP0000011",194016452.051449,194.016452051449,2144.1806966257,"Tristan_da_Cunha"
-84,-55000,"AP0000025",193675048.579834,193.675048579834,2144.1806966257,"Tristan_da_Cunha"
-83,-56000,"AP0000036",192992184.023376,192.992184023376,2144.1806966257,"Tristan_da_Cunha"
-82,-57000,"AP0000034",191967605.115862,191.967605115862,2144.1806966257,"Tristan_da_Cunha"
-80,-58000,"AP0000033",190259365.857888,190.259365857888,2144.1806966257,"Tristan_da_Cunha"
-79,-59000,"AP0000027",189746834.603217,189.746834603217,2144.1806966257,"Tristan_da_Cunha"
-78,-60000,"AP0000032",189233762.87101,189.23376287101,2144.1806966257,"Tristan_da_Cunha"
-77,-61000,"AP0000037",189062565.206014,189.062565206014,2144.1806966257,"Tristan_da_Cunha"
-77,-62000,"AP0000037",189062565.206014,189.062565206014,2144.1806966257,"Tristan_da_Cunha"
-77,-63000,"AP0000037",189062565.206014,189.062565206014,2144.1806966257,"Tristan_da_Cunha"
-78,-64000,"AP0000032",189233762.87101,189.23376287101,2144.1806966257,"Tristan_da_Cunha"
-79,-65000,"AP0000027",189746834.603217,189.746834603217,2144.1806966257,"Tristan_da_Cunha"
-81,-66000,"AP0000026",191455420.448559,191.455420448559,2144.1806966257,"Tristan_da_Cunha"
-82,-67000,"AP0000034",191967605.115862,191.967605115862,2144.1806966257,"Tristan_da_Cunha"
-82,-68000,"AP0000034",191967605.115862,191.967605115862,2144.1806966257,"Tristan_da_Cunha"
-81,-69000,"AP0000026",191455420.448559,191.455420448559,2144.1806966257,"Tristan_da_Cunha"
-80,-70000,"AP0000033",190259365.857888,190.259365857888,2144.1806966257,"Tristan_da_Cunha"
-81,-71000,"AP0000026",191455420.448559,191.455420448559,2144.1806966257,"Tristan_da_Cunha"
-83,-72000,"AP0000036",192992184.023376,192.992184023376,2144.1806966257,"Tristan_da_Cunha"
-72,-73000,"AP0000030",184452252.621623,184.452252621623,2144.1806966257,"Tristan_da_Cunha"
-48,-74000,"AP0000038",168565830.060447,168.565830060447,2144.1806966257,"Tristan_da_Cunha"
-29,-75000,"AP0000039",161558063.36725,161.55806336725,2144.1806966257,"Tristan_da_Cunha"
-20,-76000,"AP0000040",157966678.557749,157.966678557749,2144.1806966257,"Tristan_da_Cunha"
-17,-77000,"AP0000041",156938725.749063,156.938725749063,2144.1806966257,"Tristan_da_Cunha"
-15,-78000,"AP0000042",156425002.834792,156.425002834792,2144.1806966257,"Tristan_da_Cunha"
-14,-79000,"AP0000043",156425002.834792,156.425002834792,2144.1806966257,"Tristan_da_Cunha"
-13,-80000,"AP0000044",156082948.113808,156.082948113808,2144.1806966257,"Tristan_da_Cunha"
-12,-81000,"AP0000045",156082948.113808,156.082948113808,2144.1806966257,"Tristan_da_Cunha"
-12,-82000,"AP0000045",156082948.113808,156.082948113808,2144.1806966257,"Tristan_da_Cunha"
-13,-83000,"AP0000044",156082948.113808,156.082948113808,2144.1806966257,"Tristan_da_Cunha"
-15,-84000,"AP0000042",156425002.834792,156.425002834792,2144.1806966257,"Tristan_da_Cunha"
-19,-85000,"AP0000046",157624144.13439,157.62414413439,2144.1806966257,"Tristan_da_Cunha"
-26,-86000,"AP0000047",158823085.79861,158.82308579861,2144.1806966257,"Tristan_da_Cunha"
-34,-87000,"AP0000048",163096812.940651,163.096812940651,2144.1806966257,"Tristan_da_Cunha"
-43,-88000,"AP0000049",166858653.85061,166.85865385061,2144.1806966257,"Tristan_da_Cunha"
-49,-89000,"AP0000050",169078456.247792,169.078456247792,2144.1806966257,"Tristan_da_Cunha"
-52,-90000,"AP0000008",169590446.985475,169.590446985475,2144.1806966257,"Tristan_da_Cunha"
-54,-91000,"AP0000051",170958314.470842,170.958314470842,2144.1806966257,"Tristan_da_Cunha"
-55,-92000,"AP0000052",171983217.940111,171.983217940111,2144.1806966257,"Tristan_da_Cunha"
-55,-93000,"AP0000052",171983217.940111,171.983217940111,2144.1806966257,"Tristan_da_Cunha"
-56,-94000,"AP0000053",171983217.940111,171.983217940111,2144.1806966257,"Tristan_da_Cunha"
-54,-95000,"AP0000051",170958314.470842,170.958314470842,2144.1806966257,"Tristan_da_Cunha"
-46,-96000,"AP0000054",167882986.294531,167.882986294531,2144.1806966257,"Tristan_da_Cunha"
-35,-97000,"AP0000055",163438759.414804,163.438759414804,2144.1806966257,"Tristan_da_Cunha"
-24,-98000,"AP0000006",158651946.760677,158.651946760677,2144.1806966257,"Tristan_da_Cunha"
-16,-99000,"AP0000056",156596207.099487,156.596207099487,2144.1806966257,"Tristan_da_Cunha"
-12,-1e+05,"AP0000045",156082948.113808,156.082948113808,2144.1806966257,"Tristan_da_Cunha"
-10,-101000,"AP0000057",155569722.126193,155.569722126193,2144.1806966257,"Tristan_da_Cunha"
-10,-102000,"AP0000057",155569722.126193,155.569722126193,2144.1806966257,"Tristan_da_Cunha"
-9,-103000,"AP0000058",155398914.483196,155.398914483196,2144.1806966257,"Tristan_da_Cunha"
-8,-104000,"AP0000059",154885832.31131,154.88583231131,2144.1806966257,"Tristan_da_Cunha"
-10,-105000,"AP0000057",155569722.126193,155.569722126193,2144.1806966257,"Tristan_da_Cunha"
-16,-106000,"AP0000056",156596207.099487,156.596207099487,2144.1806966257,"Tristan_da_Cunha"
-26,-107000,"AP0000047",158823085.79861,158.82308579861,2144.1806966257,"Tristan_da_Cunha"
-31,-108000,"AP0000060",161900087.416101,161.900087416101,2144.1806966257,"Tristan_da_Cunha"
-33,-109000,"AP0000061",162583480.170608,162.583480170608,2144.1806966257,"Tristan_da_Cunha"
-33,-110000,"AP0000061",162583480.170608,162.583480170608,2144.1806966257,"Tristan_da_Cunha"
-32,-111000,"AP0000062",162241946.073876,162.241946073876,2144.1806966257,"Tristan_da_Cunha"
-32,-112000,"AP0000062",162241946.073876,162.241946073876,2144.1806966257,"Tristan_da_Cunha"
-27,-113000,"AP0000063",160019174.385313,160.019174385313,2144.1806966257,"Tristan_da_Cunha"
-16,-114000,"AP0000056",156596207.099487,156.596207099487,2144.1806966257,"Tristan_da_Cunha"
-6,-115000,"AP0000064",154371930.060963,154.371930060963,2144.1806966257,"Tristan_da_Cunha"
0,-116000,"AP0000000",142903378.464415,142.903378464415,2144.1806966257,"Tristan_da_Cunha"
3,-117000,"AP0000065",140340520.451472,140.340520451472,2144.1806966257,"Tristan_da_Cunha"
5,-118000,"AP0000066",139314987.698406,139.314987698406,2144.1806966257,"Tristan_da_Cunha"
7,-119000,"AP0000067",137777002.719166,137.777002719166,2144.1806966257,"Tristan_da_Cunha"
9,-120000,"AP0000068",136238556.919154,136.238556919154,2144.1806966257,"Tristan_da_Cunha"
10,-121000,"AP0000069",135383369.312421,135.383369312421,2144.1806966257,"Tristan_da_Cunha"
10,-122000,"AP0000069",135383369.312421,135.383369312421,2144.1806966257,"Tristan_da_Cunha"
10,-123000,"AP0000069",135383369.312421,135.383369312421,2144.1806966257,"Tristan_da_Cunha"
9,-124000,"AP0000068",136238556.919154,136.238556919154,2144.1806966257,"Tristan_da_Cunha"
9,-125000,"AP0000068",136238556.919154,136.238556919154,2144.1806966257,"Tristan_da_Cunha"
10,-126000,"AP0000069",135383369.312421,135.383369312421,2144.1806966257,"Tristan_da_Cunha"
12,-127000,"AP0000070",134186726.61343,134.18672661343,2144.1806966257,"Tristan_da_Cunha"
10,-128000,"AP0000069",135383369.312421,135.383369312421,2144.1806966257,"Tristan_da_Cunha"
-3,-129000,"AP0000003",154029967.87795,154.02996787795,2144.1806966257,"Tristan_da_Cunha"
-27,-130000,"AP0000063",160019174.385313,160.019174385313,2144.1806966257,"Tristan_da_Cunha"
-28,-131000,"AP0000071",160532274.059674,160.532274059674,2144.1806966257,"Tristan_da_Cunha"
-26,-132000,"AP0000047",158823085.79861,158.82308579861,2144.1806966257,"Tristan_da_Cunha"
-24,-133000,"AP0000006",158651946.760677,158.651946760677,2144.1806966257,"Tristan_da_Cunha"
-22,-134000,"AP0000072",157966678.557749,157.966678557749,2144.1806966257,"Tristan_da_Cunha"
-20,-135000,"AP0000040",157966678.557749,157.966678557749,2144.1806966257,"Tristan_da_Cunha"
-18,-136000,"AP0000073",157452824.73326,157.45282473326,2144.1806966257,"Tristan_da_Cunha"
-19,-137000,"AP0000046",157624144.13439,157.62414413439,2144.1806966257,"Tristan_da_Cunha"
-22,-138000,"AP0000072",157966678.557749,157.966678557749,2144.1806966257,"Tristan_da_Cunha"
-28,-139000,"AP0000071",160532274.059674,160.532274059674,2144.1806966257,"Tristan_da_Cunha"
-44,-140000,"AP0000074",166858653.85061,166.85865385061,2144.1806966257,"Tristan_da_Cunha"
